publication_id,target_chunk_id,target_report_id,dimensions_ok,vector_nonzero
66af4ec3-aa5d-5ac1-97c2-27ef7319a318,2a2a8c83-10ce-5d2f-a8a8-416a48fbfbed,0a92ae51-2df7-5f52-b0fa-50695661c41a,True,True
66af4ec3-aa5d-5ac1-97c2-27ef7319a318,b217e851-717e-52c5-9e61-3d277104becb,0a92ae51-2df7-5f52-b0fa-50695661c41a,True,True
66af4ec3-aa5d-5ac1-97c2-27ef7319a318,8dfd8620-5de5-59e5-82b6-2a255180a052,0a92ae51-2df7-5f52-b0fa-50695661c41a,True,True
66af4ec3-aa5d-5ac1-97c2-27ef7319a318,ab41797a-eb89-5eee-b2f2-a177acf6a7ac,0a92ae51-2df7-5f52-b0fa-50695661c41a,True,True
66af4ec3-aa5d-5ac1-97c2-27ef7319a318,5d5eb991-2869-5340-8a52-7313fca737cb,0a92ae51-2df7-5f52-b0fa-50695661c41a,True,True
66af4ec3-aa5d-5ac1-97c2-27ef7319a318,ff1c885f-9794-515a-a06b-7648d394355a,0a92ae51-2df7-5f52-b0fa-50695661c41a,True,True
66af4ec3-aa5d-5ac1-97c2-27ef7319a318,3acbb03d-ceea-5521-83e0-7627fd362166,0a92ae51-2df7-5f52-b0fa-50695661c41a,True,True
66af4ec3-aa5d-5ac1-97c2-27ef7319a318,c1eb88f0-0e41-563f-be0c-d94f8c034f65,0a92ae51-2df7-5f52-b0fa-50695661c41a,True,True
66af4ec3-aa5d-5ac1-97c2-27ef7319a318,edfb4a74-450a-5ff2-8fc0-a34100bcdad0,0a92ae51-2df7-5f52-b0fa-50695661c41a,True,True
66af4ec3-aa5d-5ac1-97c2-27ef7319a318,ad27be4c-b8a5-502a-8d4e-98ffe534e786,0a92ae51-2df7-5f52-b0fa-50695661c41a,True,True
66af4ec3-aa5d-5ac1-97c2-27ef7319a318,a0f577c0-28a7-5371-a12d-59e3979cc329,0a92ae51-2df7-5f52-b0fa-50695661c41a,True,True
66af4ec3-aa5d-5ac1-97c2-27ef7319a318,02968f9c-4bcf-54ef-88fb-aa35bebd677c,0a92ae51-2df7-5f52-b0fa-50695661c41a,True,True
66af4ec3-aa5d-5ac1-97c2-27ef7319a318,e05932a9-5aa7-5c5f-9899-7ffa4c6c97ce,0a92ae51-2df7-5f52-b0fa-50695661c41a,True,True
66af4ec3-aa5d-5ac1-97c2-27ef7319a318,fe704e76-b0e5-52e3-b276-ebc1e01682e6,0a92ae51-2df7-5f52-b0fa-50695661c41a,True,True
66af4ec3-aa5d-5ac1-97c2-27ef7319a318,9baf3172-ffd8-5f73-ac42-3e0db15414e8,0a92ae51-2df7-5f52-b0fa-50695661c41a,True,True
66af4ec3-aa5d-5ac1-97c2-27ef7319a318,8764f006-5186-5e31-aac3-142dc01e3dfb,0a92ae51-2df7-5f52-b0fa-50695661c41a,True,True
66af4ec3-aa5d-5ac1-97c2-27ef7319a318,48deb93b-932c-58c1-ab95-4e86f15d5c50,0a92ae51-2df7-5f52-b0fa-50695661c41a,True,True
66af4ec3-aa5d-5ac1-97c2-27ef7319a318,7a1438d6-5198-5f10-b4a3-c539796d8c16,0a92ae51-2df7-5f52-b0fa-50695661c41a,True,True
66af4ec3-aa5d-5ac1-97c2-27ef7319a318,fc1e4a5c-c910-5a41-aa0b-5859f27cff81,0a92ae51-2df7-5f52-b0fa-50695661c41a,True,True
66af4ec3-aa5d-5ac1-97c2-27ef7319a318,dd945e9a-48af-5fbb-a19c-9850a602d6d5,0a92ae51-2df7-5f52-b0fa-50695661c41a,True,True
66af4ec3-aa5d-5ac1-97c2-27ef7319a318,ea12cb6b-f856-542b-a378-3e084f0cb883,0a92ae51-2df7-5f52-b0fa-50695661c41a,True,True
66af4ec3-aa5d-5ac1-97c2-27ef7319a318,a6ac5ebf-359e-55ec-bfee-1465a44bbc79,0a92ae51-2df7-5f52-b0fa-50695661c41a,True,True
66af4ec3-aa5d-5ac1-97c2-27ef7319a318,e4aeb191-ae97-5733-afc7-c6b0cae34ca8,0a92ae51-2df7-5f52-b0fa-50695661c41a,True,True
66af4ec3-aa5d-5ac1-97c2-27ef7319a318,230273ee-2353-557e-9dab-4ba5b2a482bb,0a92ae51-2df7-5f52-b0fa-50695661c41a,True,True
66af4ec3-aa5d-5ac1-97c2-27ef7319a318,fd9bf436-2d3b-5d1d-b149-4a28b1bad738,0a92ae51-2df7-5f52-b0fa-50695661c41a,True,True
66af4ec3-aa5d-5ac1-97c2-27ef7319a318,0301c1e6-123c-51e8-a3df-014614ff32e5,0a92ae51-2df7-5f52-b0fa-50695661c41a,True,True
66af4ec3-aa5d-5ac1-97c2-27ef7319a318,a83e9a4d-5518-5654-ba8c-e1ae58bebcf6,0a92ae51-2df7-5f52-b0fa-50695661c41a,True,True
66af4ec3-aa5d-5ac1-97c2-27ef7319a318,d9f538a3-5c20-59ea-a322-e51a38549147,0a92ae51-2df7-5f52-b0fa-50695661c41a,True,True
66af4ec3-aa5d-5ac1-97c2-27ef7319a318,3f4ee076-9ea0-55fa-80ce-3df66d680ed6,0a92ae51-2df7-5f52-b0fa-50695661c41a,True,True
66af4ec3-aa5d-5ac1-97c2-27ef7319a318,f56e9bb9-ef82-5bf6-ae67-f88b2a13e410,0a92ae51-2df7-5f52-b0fa-50695661c41a,True,True
66af4ec3-aa5d-5ac1-97c2-27ef7319a318,659763d2-fd69-5037-9241-db6c5354fecc,0a92ae51-2df7-5f52-b0fa-50695661c41a,True,True
66af4ec3-aa5d-5ac1-97c2-27ef7319a318,b920c2b6-318b-589a-a72a-ff8010f84264,0a92ae51-2df7-5f52-b0fa-50695661c41a,True,True
66af4ec3-aa5d-5ac1-97c2-27ef7319a318,7eceb283-79f2-5d21-8f06-cd446f1f47ca,0a92ae51-2df7-5f52-b0fa-50695661c41a,True,True
66af4ec3-aa5d-5ac1-97c2-27ef7319a318,94413d08-d343-58d5-89c2-e2a0b204bd47,0a92ae51-2df7-5f52-b0fa-50695661c41a,True,True
66af4ec3-aa5d-5ac1-97c2-27ef7319a318,616e9958-89dc-538f-9de6-96928f27446c,0a92ae51-2df7-5f52-b0fa-50695661c41a,True,True
66af4ec3-aa5d-5ac1-97c2-27ef7319a318,0226d729-8624-5989-a79d-dff25d952b62,0a92ae51-2df7-5f52-b0fa-50695661c41a,True,True
66af4ec3-aa5d-5ac1-97c2-27ef7319a318,d2e017da-f334-566c-9bd9-34c80850011e,0a92ae51-2df7-5f52-b0fa-50695661c41a,True,True
66af4ec3-aa5d-5ac1-97c2-27ef7319a318,e5a95f16-76f9-5338-b888-75d97a646ef8,0a92ae51-2df7-5f52-b0fa-50695661c41a,True,True
66af4ec3-aa5d-5ac1-97c2-27ef7319a318,1803d26f-6490-5a18-a857-323445b343f4,0a92ae51-2df7-5f52-b0fa-50695661c41a,True,True
66af4ec3-aa5d-5ac1-97c2-27ef7319a318,5728ffd9-cdbe-53d0-9738-49c8cf45be33,0a92ae51-2df7-5f52-b0fa-50695661c41a,True,True
66af4ec3-aa5d-5ac1-97c2-27ef7319a318,784ecec3-7d21-500d-942f-2410ced2b81e,0a92ae51-2df7-5f52-b0fa-50695661c41a,True,True
66af4ec3-aa5d-5ac1-97c2-27ef7319a318,bab6ccc3-a1c9-5de4-b3a1-a9aa6f9c80ff,0a92ae51-2df7-5f52-b0fa-50695661c41a,True,True
66af4ec3-aa5d-5ac1-97c2-27ef7319a318,248f84a1-0cb5-5e21-854c-ee9c1e2647ca,0a92ae51-2df7-5f52-b0fa-50695661c41a,True,True
66af4ec3-aa5d-5ac1-97c2-27ef7319a318,b8c7ee17-21d8-5171-a026-b3eb4d7612ec,0a92ae51-2df7-5f52-b0fa-50695661c41a,True,True
66af4ec3-aa5d-5ac1-97c2-27ef7319a318,32db78f7-e969-5ac8-9943-b4ae85824625,0a92ae51-2df7-5f52-b0fa-50695661c41a,True,True
66af4ec3-aa5d-5ac1-97c2-27ef7319a318,24b6cd1e-0343-52b3-ab74-95960eef2c86,0a92ae51-2df7-5f52-b0fa-50695661c41a,True,True
66af4ec3-aa5d-5ac1-97c2-27ef7319a318,dff5be69-2607-58ff-819d-a7f45b0fc669,0a92ae51-2df7-5f52-b0fa-50695661c41a,True,True
66af4ec3-aa5d-5ac1-97c2-27ef7319a318,8a5aa000-80ac-54ca-bc65-cdce997a3653,0a92ae51-2df7-5f52-b0fa-50695661c41a,True,True
66af4ec3-aa5d-5ac1-97c2-27ef7319a318,a347293f-1db0-52ee-971f-4a578e412770,0a92ae51-2df7-5f52-b0fa-50695661c41a,True,True
66af4ec3-aa5d-5ac1-97c2-27ef7319a318,d9d1c525-fd11-549f-8e5a-82f08908fb10,0a92ae51-2df7-5f52-b0fa-50695661c41a,True,True
66af4ec3-aa5d-5ac1-97c2-27ef7319a318,2d17a5b6-dc46-5884-b91c-3f4feb2f0964,0a92ae51-2df7-5f52-b0fa-50695661c41a,True,True
66af4ec3-aa5d-5ac1-97c2-27ef7319a318,58380336-0b5f-56cb-84e3-61c41471754f,0a92ae51-2df7-5f52-b0fa-50695661c41a,True,True
66af4ec3-aa5d-5ac1-97c2-27ef7319a318,21801c94-960e-5606-97f1-469843d9702c,0a92ae51-2df7-5f52-b0fa-50695661c41a,True,True
66af4ec3-aa5d-5ac1-97c2-27ef7319a318,9b522b61-7d96-5fed-8c44-e72014561e86,0a92ae51-2df7-5f52-b0fa-50695661c41a,True,True
66af4ec3-aa5d-5ac1-97c2-27ef7319a318,593a2d7c-dfc7-54fe-91fd-3eed1c7086b9,0a92ae51-2df7-5f52-b0fa-50695661c41a,True,True
66af4ec3-aa5d-5ac1-97c2-27ef7319a318,a80c8360-a151-5145-96f5-2cc0bd9e3e94,0a92ae51-2df7-5f52-b0fa-50695661c41a,True,True
66af4ec3-aa5d-5ac1-97c2-27ef7319a318,0c4b59c5-efdd-59e2-b5cf-98c95b4eed92,0a92ae51-2df7-5f52-b0fa-50695661c41a,True,True
66af4ec3-aa5d-5ac1-97c2-27ef7319a318,1396b56f-2d1a-5dff-9361-4c30efe19feb,0a92ae51-2df7-5f52-b0fa-50695661c41a,True,True
66af4ec3-aa5d-5ac1-97c2-27ef7319a318,73225bf9-a617-5e0e-a86d-cd97ac191ef6,0a92ae51-2df7-5f52-b0fa-50695661c41a,True,True
66af4ec3-aa5d-5ac1-97c2-27ef7319a318,e36cfa00-f246-54a4-bc01-c3ce3fcddd5a,0a92ae51-2df7-5f52-b0fa-50695661c41a,True,True
66af4ec3-aa5d-5ac1-97c2-27ef7319a318,8301987e-d20c-5b42-b934-4cc50970f1de,0a92ae51-2df7-5f52-b0fa-50695661c41a,True,True
66af4ec3-aa5d-5ac1-97c2-27ef7319a318,94bef0d7-6188-52e7-b671-b891a404c43c,0a92ae51-2df7-5f52-b0fa-50695661c41a,True,True
66af4ec3-aa5d-5ac1-97c2-27ef7319a318,fa899a7e-316a-537c-a7da-500547a06761,0a92ae51-2df7-5f52-b0fa-50695661c41a,True,True
66af4ec3-aa5d-5ac1-97c2-27ef7319a318,296ddbbc-e7d1-5d52-a696-0f524b8c53c6,0a92ae51-2df7-5f52-b0fa-50695661c41a,True,True
66af4ec3-aa5d-5ac1-97c2-27ef7319a318,481db804-da3c-51b9-8bb4-671f7943963e,0a92ae51-2df7-5f52-b0fa-50695661c41a,True,True
66af4ec3-aa5d-5ac1-97c2-27ef7319a318,dc3fadba-b8d3-5214-8789-31495eff3a5f,0a92ae51-2df7-5f52-b0fa-50695661c41a,True,True
66af4ec3-aa5d-5ac1-97c2-27ef7319a318,feb21148-e73a-5762-b614-65846dd06675,0a92ae51-2df7-5f52-b0fa-50695661c41a,True,True
66af4ec3-aa5d-5ac1-97c2-27ef7319a318,fbd9c209-4073-5992-8184-c39ea1924f39,0a92ae51-2df7-5f52-b0fa-50695661c41a,True,True
66af4ec3-aa5d-5ac1-97c2-27ef7319a318,5fb307bb-b8a3-5a70-9664-c74fd2f09b75,0a92ae51-2df7-5f52-b0fa-50695661c41a,True,True
66af4ec3-aa5d-5ac1-97c2-27ef7319a318,3d93b2cf-489c-59e7-96e8-582d2fbe7c0e,0a92ae51-2df7-5f52-b0fa-50695661c41a,True,True
66af4ec3-aa5d-5ac1-97c2-27ef7319a318,c5c2c372-f591-59f2-b574-c0865187f40f,0a92ae51-2df7-5f52-b0fa-50695661c41a,True,True
66af4ec3-aa5d-5ac1-97c2-27ef7319a318,b14aad32-86a6-5b5c-ac92-b8d5c74faf1e,0a92ae51-2df7-5f52-b0fa-50695661c41a,True,True
66af4ec3-aa5d-5ac1-97c2-27ef7319a318,863210c4-50b8-5d5a-bb4b-1e950580f8f9,0a92ae51-2df7-5f52-b0fa-50695661c41a,True,True
66af4ec3-aa5d-5ac1-97c2-27ef7319a318,f2441437-df32-5075-8c51-74633031d8b0,0a92ae51-2df7-5f52-b0fa-50695661c41a,True,True
66af4ec3-aa5d-5ac1-97c2-27ef7319a318,2a480372-31d5-5a7a-9fa7-6989f818be7f,0a92ae51-2df7-5f52-b0fa-50695661c41a,True,True
66af4ec3-aa5d-5ac1-97c2-27ef7319a318,0e8f6381-827a-59f7-9dd4-75570a132fca,0a92ae51-2df7-5f52-b0fa-50695661c41a,True,True
66af4ec3-aa5d-5ac1-97c2-27ef7319a318,4151838f-3318-5f6b-970f-409a7d7645aa,0a92ae51-2df7-5f52-b0fa-50695661c41a,True,True
66af4ec3-aa5d-5ac1-97c2-27ef7319a318,448a2867-dc6c-5449-a6bd-33e0b0c9fdac,0a92ae51-2df7-5f52-b0fa-50695661c41a,True,True
66af4ec3-aa5d-5ac1-97c2-27ef7319a318,95904d47-2d02-596a-b851-758814823f01,0a92ae51-2df7-5f52-b0fa-50695661c41a,True,True
66af4ec3-aa5d-5ac1-97c2-27ef7319a318,e57969a0-7e20-5c4d-8c50-0e3d39dab80d,0a92ae51-2df7-5f52-b0fa-50695661c41a,True,True
66af4ec3-aa5d-5ac1-97c2-27ef7319a318,5b3e2493-68bf-51c9-8ae3-662585d59680,0a92ae51-2df7-5f52-b0fa-50695661c41a,True,True
66af4ec3-aa5d-5ac1-97c2-27ef7319a318,16b23b1d-00f7-5694-bf0c-24548144fbc4,0a92ae51-2df7-5f52-b0fa-50695661c41a,True,True
66af4ec3-aa5d-5ac1-97c2-27ef7319a318,54b4b907-137e-5e31-bb35-e054d967ba13,0a92ae51-2df7-5f52-b0fa-50695661c41a,True,True
66af4ec3-aa5d-5ac1-97c2-27ef7319a318,2c8e3e82-f342-5040-8f04-0a170f084306,0a92ae51-2df7-5f52-b0fa-50695661c41a,True,True
66af4ec3-aa5d-5ac1-97c2-27ef7319a318,cab67440-870e-5dd1-b6bf-9b3f3483869c,0a92ae51-2df7-5f52-b0fa-50695661c41a,True,True
66af4ec3-aa5d-5ac1-97c2-27ef7319a318,2c326244-a91e-5fd5-b791-1a24c92f1d8e,0a92ae51-2df7-5f52-b0fa-50695661c41a,True,True
66af4ec3-aa5d-5ac1-97c2-27ef7319a318,23d19933-e0ef-5638-be2d-1c81fa65ed4d,0a92ae51-2df7-5f52-b0fa-50695661c41a,True,True
66af4ec3-aa5d-5ac1-97c2-27ef7319a318,4ddc1c43-e2f9-5017-aa0d-44d906ac03f4,0a92ae51-2df7-5f52-b0fa-50695661c41a,True,True
66af4ec3-aa5d-5ac1-97c2-27ef7319a318,3bdebc2a-f4fd-5a67-8d6a-be8f4569d466,0a92ae51-2df7-5f52-b0fa-50695661c41a,True,True
66af4ec3-aa5d-5ac1-97c2-27ef7319a318,39b804ec-dd77-5215-af72-d541d7f898fe,0a92ae51-2df7-5f52-b0fa-50695661c41a,True,True
66af4ec3-aa5d-5ac1-97c2-27ef7319a318,358a8ee9-6b9f-52cc-b110-2a2389792207,0a92ae51-2df7-5f52-b0fa-50695661c41a,True,True
66af4ec3-aa5d-5ac1-97c2-27ef7319a318,36e94ee6-eaf1-5f4f-a0d4-3a0378a628ad,0a92ae51-2df7-5f52-b0fa-50695661c41a,True,True
66af4ec3-aa5d-5ac1-97c2-27ef7319a318,731a2574-f8f8-56ec-9179-4b7a52338edd,0a92ae51-2df7-5f52-b0fa-50695661c41a,True,True
66af4ec3-aa5d-5ac1-97c2-27ef7319a318,f2439a48-a0db-5358-9a9b-2d53d9dcefe9,0a92ae51-2df7-5f52-b0fa-50695661c41a,True,True
66af4ec3-aa5d-5ac1-97c2-27ef7319a318,92421d83-80bb-56bf-93ec-f82071261afd,0a92ae51-2df7-5f52-b0fa-50695661c41a,True,True
66af4ec3-aa5d-5ac1-97c2-27ef7319a318,0f74bc0e-f8de-5371-bc7d-684a1675f40f,0a92ae51-2df7-5f52-b0fa-50695661c41a,True,True
66af4ec3-aa5d-5ac1-97c2-27ef7319a318,a78d58d0-94da-501d-852c-bb0b976887c0,0a92ae51-2df7-5f52-b0fa-50695661c41a,True,True
66af4ec3-aa5d-5ac1-97c2-27ef7319a318,67cda233-4374-56d3-97d8-37ef35a36245,0a92ae51-2df7-5f52-b0fa-50695661c41a,True,True
66af4ec3-aa5d-5ac1-97c2-27ef7319a318,c5efe9fe-8b62-5a57-8ecb-506eeab5bdc4,0a92ae51-2df7-5f52-b0fa-50695661c41a,True,True
66af4ec3-aa5d-5ac1-97c2-27ef7319a318,aa602b2d-bcfa-5d26-b5df-6ef5b0034b15,0a92ae51-2df7-5f52-b0fa-50695661c41a,True,True
66af4ec3-aa5d-5ac1-97c2-27ef7319a318,33018449-7e72-59d2-bb15-d5c2db3ca36c,0a92ae51-2df7-5f52-b0fa-50695661c41a,True,True
66af4ec3-aa5d-5ac1-97c2-27ef7319a318,d076951e-ac12-5b52-8fc6-62b3acded7f6,0a92ae51-2df7-5f52-b0fa-50695661c41a,True,True
66af4ec3-aa5d-5ac1-97c2-27ef7319a318,1069e843-3923-5831-b255-0dae129d0e0d,0a92ae51-2df7-5f52-b0fa-50695661c41a,True,True
66af4ec3-aa5d-5ac1-97c2-27ef7319a318,14f9addc-149e-52d4-8ae5-c49ef2bef5a0,0a92ae51-2df7-5f52-b0fa-50695661c41a,True,True
66af4ec3-aa5d-5ac1-97c2-27ef7319a318,1b215666-322e-5b26-8e38-9256159250ae,0a92ae51-2df7-5f52-b0fa-50695661c41a,True,True
66af4ec3-aa5d-5ac1-97c2-27ef7319a318,9b063eea-6781-5545-bfce-4f799ebe2ad3,0a92ae51-2df7-5f52-b0fa-50695661c41a,True,True
66af4ec3-aa5d-5ac1-97c2-27ef7319a318,7ceaca9b-ed36-583e-b6e8-b6239b4f0eb6,0a92ae51-2df7-5f52-b0fa-50695661c41a,True,True
66af4ec3-aa5d-5ac1-97c2-27ef7319a318,ad304b0e-1c41-5f57-905a-2eac0ada09c6,0a92ae51-2df7-5f52-b0fa-50695661c41a,True,True
66af4ec3-aa5d-5ac1-97c2-27ef7319a318,bbaf6942-46a0-5ec2-a590-3ed9808859a4,0a92ae51-2df7-5f52-b0fa-50695661c41a,True,True
66af4ec3-aa5d-5ac1-97c2-27ef7319a318,5d5edc30-5402-588b-a9b8-5fb9beb09ad7,0a92ae51-2df7-5f52-b0fa-50695661c41a,True,True
66af4ec3-aa5d-5ac1-97c2-27ef7319a318,443c4428-e9d6-5c6b-91c3-f9ce39f9d99f,0a92ae51-2df7-5f52-b0fa-50695661c41a,True,True
66af4ec3-aa5d-5ac1-97c2-27ef7319a318,73fb95cf-aa23-5467-8e84-d6270e35e80b,0a92ae51-2df7-5f52-b0fa-50695661c41a,True,True
66af4ec3-aa5d-5ac1-97c2-27ef7319a318,0fccc47d-5b09-5dc6-ae69-5852a982d087,0a92ae51-2df7-5f52-b0fa-50695661c41a,True,True
66af4ec3-aa5d-5ac1-97c2-27ef7319a318,c0788e88-6ef3-5b36-87f5-4a23fc66666b,0a92ae51-2df7-5f52-b0fa-50695661c41a,True,True
66af4ec3-aa5d-5ac1-97c2-27ef7319a318,80fa703a-69f3-5135-8f24-fcab93fa8b01,0a92ae51-2df7-5f52-b0fa-50695661c41a,True,True
66af4ec3-aa5d-5ac1-97c2-27ef7319a318,7b7efe12-e371-5ba6-a33d-7158d868a43a,0a92ae51-2df7-5f52-b0fa-50695661c41a,True,True
66af4ec3-aa5d-5ac1-97c2-27ef7319a318,1a421712-08f6-5175-a009-a7d657272791,0a92ae51-2df7-5f52-b0fa-50695661c41a,True,True
66af4ec3-aa5d-5ac1-97c2-27ef7319a318,93b411fe-f8d0-5403-a290-dede78c4f7f4,0a92ae51-2df7-5f52-b0fa-50695661c41a,True,True
66af4ec3-aa5d-5ac1-97c2-27ef7319a318,f9498c20-0d2e-5e91-a810-c05569963eea,0a92ae51-2df7-5f52-b0fa-50695661c41a,True,True
66af4ec3-aa5d-5ac1-97c2-27ef7319a318,e5ec0478-68b3-5c7b-9111-6e7ec369fa41,0a92ae51-2df7-5f52-b0fa-50695661c41a,True,True
66af4ec3-aa5d-5ac1-97c2-27ef7319a318,551dd68b-a36a-5d29-a96a-bb1b2aaf8147,0a92ae51-2df7-5f52-b0fa-50695661c41a,True,True
66af4ec3-aa5d-5ac1-97c2-27ef7319a318,ddb70b3c-8666-53e8-bb7c-c9c5a8e0b7c0,0a92ae51-2df7-5f52-b0fa-50695661c41a,True,True
66af4ec3-aa5d-5ac1-97c2-27ef7319a318,93483b84-4581-551b-8eb9-c0ef3646a0ce,0a92ae51-2df7-5f52-b0fa-50695661c41a,True,True
66af4ec3-aa5d-5ac1-97c2-27ef7319a318,3a38d543-f5bd-5274-b9e7-dc7eb8d78bd6,0a92ae51-2df7-5f52-b0fa-50695661c41a,True,True
66af4ec3-aa5d-5ac1-97c2-27ef7319a318,abeeccaa-2550-58a5-af18-5bd1adff8fde,0a92ae51-2df7-5f52-b0fa-50695661c41a,True,True
66af4ec3-aa5d-5ac1-97c2-27ef7319a318,fa64393a-a011-5be8-a862-6017ffef8e5d,0a92ae51-2df7-5f52-b0fa-50695661c41a,True,True
66af4ec3-aa5d-5ac1-97c2-27ef7319a318,fc6b4707-dc55-5191-b78c-4d53a3149b35,0a92ae51-2df7-5f52-b0fa-50695661c41a,True,True
66af4ec3-aa5d-5ac1-97c2-27ef7319a318,8fe86188-d9c1-5e82-8090-35ff55e35634,0a92ae51-2df7-5f52-b0fa-50695661c41a,True,True
66af4ec3-aa5d-5ac1-97c2-27ef7319a318,0435fab2-8b13-54cb-aa1a-32631d57c0bd,0a92ae51-2df7-5f52-b0fa-50695661c41a,True,True
66af4ec3-aa5d-5ac1-97c2-27ef7319a318,dacd6210-f4fa-5941-9ac1-d49f7b009419,0a92ae51-2df7-5f52-b0fa-50695661c41a,True,True
66af4ec3-aa5d-5ac1-97c2-27ef7319a318,ac2a8dce-a06b-5f61-954c-a81f84ba25e3,0a92ae51-2df7-5f52-b0fa-50695661c41a,True,True
66af4ec3-aa5d-5ac1-97c2-27ef7319a318,a4721059-15f2-5609-9dfc-9bcaaf02d9cd,0a92ae51-2df7-5f52-b0fa-50695661c41a,True,True
66af4ec3-aa5d-5ac1-97c2-27ef7319a318,283e14de-29c1-5230-93c9-ded6304edcb0,0a92ae51-2df7-5f52-b0fa-50695661c41a,True,True
66af4ec3-aa5d-5ac1-97c2-27ef7319a318,e33e657e-4017-533f-9d08-ed349545b26e,0a92ae51-2df7-5f52-b0fa-50695661c41a,True,True
66af4ec3-aa5d-5ac1-97c2-27ef7319a318,9776243c-77af-5a5a-a490-153ef973c4c9,0a92ae51-2df7-5f52-b0fa-50695661c41a,True,True
66af4ec3-aa5d-5ac1-97c2-27ef7319a318,5b89eb46-8d79-55e1-acbc-c6912b57af7e,0a92ae51-2df7-5f52-b0fa-50695661c41a,True,True
66af4ec3-aa5d-5ac1-97c2-27ef7319a318,d1473244-d4d3-5f8d-a9a7-6114201d1f32,0a92ae51-2df7-5f52-b0fa-50695661c41a,True,True
66af4ec3-aa5d-5ac1-97c2-27ef7319a318,e484b5a5-041b-58bf-9b63-43c6aa217ac4,0a92ae51-2df7-5f52-b0fa-50695661c41a,True,True
66af4ec3-aa5d-5ac1-97c2-27ef7319a318,8baa06df-d267-5b16-b91d-31b5c740500b,0a92ae51-2df7-5f52-b0fa-50695661c41a,True,True
66af4ec3-aa5d-5ac1-97c2-27ef7319a318,b006bf87-f4a8-5f06-964f-af860f688ee3,0a92ae51-2df7-5f52-b0fa-50695661c41a,True,True
66af4ec3-aa5d-5ac1-97c2-27ef7319a318,4a9aa005-0eaf-5969-b881-8417cc2c6af8,0a92ae51-2df7-5f52-b0fa-50695661c41a,True,True
66af4ec3-aa5d-5ac1-97c2-27ef7319a318,31cfec6c-f9a2-554d-be93-c9f5c9acea50,0a92ae51-2df7-5f52-b0fa-50695661c41a,True,True
66af4ec3-aa5d-5ac1-97c2-27ef7319a318,52d1b54f-7c4a-5630-abe0-55675c5bfe25,0a92ae51-2df7-5f52-b0fa-50695661c41a,True,True
66af4ec3-aa5d-5ac1-97c2-27ef7319a318,3415bdaf-4280-558e-8770-9a19a1bb543d,0a92ae51-2df7-5f52-b0fa-50695661c41a,True,True
66af4ec3-aa5d-5ac1-97c2-27ef7319a318,16ef5db0-2d65-509e-9051-c0eae6c1710f,0a92ae51-2df7-5f52-b0fa-50695661c41a,True,True
66af4ec3-aa5d-5ac1-97c2-27ef7319a318,5b020cf3-0352-50d3-a9ec-3c1fe45c1ff7,0a92ae51-2df7-5f52-b0fa-50695661c41a,True,True
66af4ec3-aa5d-5ac1-97c2-27ef7319a318,220c133d-03fe-56a1-ad18-c742266a1d00,0a92ae51-2df7-5f52-b0fa-50695661c41a,True,True
66af4ec3-aa5d-5ac1-97c2-27ef7319a318,1e82bf9c-1776-5dac-9192-8cbb3a6f8327,0a92ae51-2df7-5f52-b0fa-50695661c41a,True,True
66af4ec3-aa5d-5ac1-97c2-27ef7319a318,f299d6cf-b415-5500-ac72-e6b85a85fedf,0a92ae51-2df7-5f52-b0fa-50695661c41a,True,True
66af4ec3-aa5d-5ac1-97c2-27ef7319a318,775684a8-fef6-570c-b35a-097330490f72,0a92ae51-2df7-5f52-b0fa-50695661c41a,True,True
66af4ec3-aa5d-5ac1-97c2-27ef7319a318,75ad7373-1c1f-554c-b0ad-0167686feffd,0a92ae51-2df7-5f52-b0fa-50695661c41a,True,True
66af4ec3-aa5d-5ac1-97c2-27ef7319a318,1ee93db7-7daa-5fe9-9287-b7be012a15d8,0a92ae51-2df7-5f52-b0fa-50695661c41a,True,True
66af4ec3-aa5d-5ac1-97c2-27ef7319a318,79483546-3753-562b-9a9b-65ccfeb756a2,0a92ae51-2df7-5f52-b0fa-50695661c41a,True,True
66af4ec3-aa5d-5ac1-97c2-27ef7319a318,c3800bc0-93b0-54ff-956a-54816a4a4bae,0a92ae51-2df7-5f52-b0fa-50695661c41a,True,True
66af4ec3-aa5d-5ac1-97c2-27ef7319a318,e9df4dc6-47b8-5e7a-b73d-889206c2cc71,0a92ae51-2df7-5f52-b0fa-50695661c41a,True,True
66af4ec3-aa5d-5ac1-97c2-27ef7319a318,c6823ec2-a026-5ba3-952a-aa32166132d9,0a92ae51-2df7-5f52-b0fa-50695661c41a,True,True
66af4ec3-aa5d-5ac1-97c2-27ef7319a318,f1561db4-4945-5f37-bd66-f92b3a633479,0a92ae51-2df7-5f52-b0fa-50695661c41a,True,True
66af4ec3-aa5d-5ac1-97c2-27ef7319a318,ea32c95b-d5e4-5711-8dbd-42cb6e2a6e17,0a92ae51-2df7-5f52-b0fa-50695661c41a,True,True
66af4ec3-aa5d-5ac1-97c2-27ef7319a318,bdad0d56-a1d9-5dff-81f1-516a148b92e7,0a92ae51-2df7-5f52-b0fa-50695661c41a,True,True
66af4ec3-aa5d-5ac1-97c2-27ef7319a318,307f1915-fda7-50d7-92fe-40968510dca5,0a92ae51-2df7-5f52-b0fa-50695661c41a,True,True
66af4ec3-aa5d-5ac1-97c2-27ef7319a318,24a5318d-be25-576b-872a-7360e4744498,0a92ae51-2df7-5f52-b0fa-50695661c41a,True,True
66af4ec3-aa5d-5ac1-97c2-27ef7319a318,1bee3bf9-3eaf-58c8-8b8f-6b616a7c4bce,0a92ae51-2df7-5f52-b0fa-50695661c41a,True,True
66af4ec3-aa5d-5ac1-97c2-27ef7319a318,9f041889-35db-5fa3-9a87-8bca35c0c0a8,0a92ae51-2df7-5f52-b0fa-50695661c41a,True,True
66af4ec3-aa5d-5ac1-97c2-27ef7319a318,68258ca8-0b57-5b4f-8ddb-72291684ca4b,0a92ae51-2df7-5f52-b0fa-50695661c41a,True,True
66af4ec3-aa5d-5ac1-97c2-27ef7319a318,2b245013-0011-5de3-bc14-269b3eb796be,0a92ae51-2df7-5f52-b0fa-50695661c41a,True,True
66af4ec3-aa5d-5ac1-97c2-27ef7319a318,4e95c4a5-e261-5c5d-a14f-67373af59830,0a92ae51-2df7-5f52-b0fa-50695661c41a,True,True
66af4ec3-aa5d-5ac1-97c2-27ef7319a318,3a0ff25c-542b-553d-a6a7-80e345a044b2,0a92ae51-2df7-5f52-b0fa-50695661c41a,True,True
66af4ec3-aa5d-5ac1-97c2-27ef7319a318,28f870cd-d875-53cc-8cf8-5d5823fa01b4,0a92ae51-2df7-5f52-b0fa-50695661c41a,True,True
66af4ec3-aa5d-5ac1-97c2-27ef7319a318,f2397a41-1fbe-502c-86e9-befd0f87efc6,0a92ae51-2df7-5f52-b0fa-50695661c41a,True,True
66af4ec3-aa5d-5ac1-97c2-27ef7319a318,2b6b359e-1ea6-59f4-bc3e-444e0330d53d,0a92ae51-2df7-5f52-b0fa-50695661c41a,True,True
66af4ec3-aa5d-5ac1-97c2-27ef7319a318,425cdf1b-28ce-5afb-9af0-1b107cd48701,0a92ae51-2df7-5f52-b0fa-50695661c41a,True,True
66af4ec3-aa5d-5ac1-97c2-27ef7319a318,21c21785-50a8-5f2d-aa80-f673cca9c307,0a92ae51-2df7-5f52-b0fa-50695661c41a,True,True
66af4ec3-aa5d-5ac1-97c2-27ef7319a318,e4240d73-dc65-5033-b54d-4dda76a5f1db,0a92ae51-2df7-5f52-b0fa-50695661c41a,True,True
66af4ec3-aa5d-5ac1-97c2-27ef7319a318,85b0a522-9b0f-5ec4-aaa6-638c3e44a32a,0a92ae51-2df7-5f52-b0fa-50695661c41a,True,True
66af4ec3-aa5d-5ac1-97c2-27ef7319a318,c15376f1-e11f-5105-9224-4c15f3cf0f01,0a92ae51-2df7-5f52-b0fa-50695661c41a,True,True
66af4ec3-aa5d-5ac1-97c2-27ef7319a318,e127c4d8-9c02-514d-8437-c760caca840c,0a92ae51-2df7-5f52-b0fa-50695661c41a,True,True
66af4ec3-aa5d-5ac1-97c2-27ef7319a318,dc610abe-8074-5d42-bef1-c900d8a78259,0a92ae51-2df7-5f52-b0fa-50695661c41a,True,True
66af4ec3-aa5d-5ac1-97c2-27ef7319a318,4491fffa-ab26-5aa9-9926-fa3a562e9074,0a92ae51-2df7-5f52-b0fa-50695661c41a,True,True
66af4ec3-aa5d-5ac1-97c2-27ef7319a318,bf9c2a28-aaa9-5d0f-a647-2822c2f9dbc0,0a92ae51-2df7-5f52-b0fa-50695661c41a,True,True
66af4ec3-aa5d-5ac1-97c2-27ef7319a318,e58a81e6-2f38-5400-8678-00545b5f7558,0a92ae51-2df7-5f52-b0fa-50695661c41a,True,True
66af4ec3-aa5d-5ac1-97c2-27ef7319a318,047af669-f890-558d-a82b-b23bbd435055,0a92ae51-2df7-5f52-b0fa-50695661c41a,True,True
66af4ec3-aa5d-5ac1-97c2-27ef7319a318,2795c11e-aaea-5aee-8175-729dbfc9d6b9,0a92ae51-2df7-5f52-b0fa-50695661c41a,True,True
66af4ec3-aa5d-5ac1-97c2-27ef7319a318,ee5d800b-b8f3-5e14-9889-4bac72735cc8,0a92ae51-2df7-5f52-b0fa-50695661c41a,True,True
66af4ec3-aa5d-5ac1-97c2-27ef7319a318,82355d5d-4c6a-5fb0-a7af-21175385005e,0a92ae51-2df7-5f52-b0fa-50695661c41a,True,True
66af4ec3-aa5d-5ac1-97c2-27ef7319a318,060b48ec-4ff5-5300-8b0a-13ea40c9494b,0a92ae51-2df7-5f52-b0fa-50695661c41a,True,True
66af4ec3-aa5d-5ac1-97c2-27ef7319a318,0ff0cf34-53d5-51df-adb4-72aefa3e72d9,0a92ae51-2df7-5f52-b0fa-50695661c41a,True,True
66af4ec3-aa5d-5ac1-97c2-27ef7319a318,5f9c29f5-849b-5830-9d91-2abc8c82931e,0a92ae51-2df7-5f52-b0fa-50695661c41a,True,True
66af4ec3-aa5d-5ac1-97c2-27ef7319a318,e606a116-5d72-55e2-a580-3b041d905d3f,0a92ae51-2df7-5f52-b0fa-50695661c41a,True,True
66af4ec3-aa5d-5ac1-97c2-27ef7319a318,3d171537-7bc4-5ca1-86aa-4abae62d989c,0a92ae51-2df7-5f52-b0fa-50695661c41a,True,True
66af4ec3-aa5d-5ac1-97c2-27ef7319a318,3b79cc95-b957-52a3-b1fb-86a3f3bdf6b5,0a92ae51-2df7-5f52-b0fa-50695661c41a,True,True
66af4ec3-aa5d-5ac1-97c2-27ef7319a318,d6b750e0-1945-5bdc-a8f2-e5570f76cd6f,0a92ae51-2df7-5f52-b0fa-50695661c41a,True,True
66af4ec3-aa5d-5ac1-97c2-27ef7319a318,58740a1d-5ae0-56cf-b614-ba8c9bd78d4f,0a92ae51-2df7-5f52-b0fa-50695661c41a,True,True
66af4ec3-aa5d-5ac1-97c2-27ef7319a318,953adbe5-b53a-53eb-9792-adeae9e8eb22,0a92ae51-2df7-5f52-b0fa-50695661c41a,True,True
66af4ec3-aa5d-5ac1-97c2-27ef7319a318,45a521b4-a082-51e8-9c00-964f1bad0698,0a92ae51-2df7-5f52-b0fa-50695661c41a,True,True
66af4ec3-aa5d-5ac1-97c2-27ef7319a318,a0995bbc-7cde-5b26-ba02-50b308044ff5,0a92ae51-2df7-5f52-b0fa-50695661c41a,True,True
66af4ec3-aa5d-5ac1-97c2-27ef7319a318,4402d0c3-09c4-5601-b620-12987911c993,0a92ae51-2df7-5f52-b0fa-50695661c41a,True,True
66af4ec3-aa5d-5ac1-97c2-27ef7319a318,d50a6bac-ae53-597a-8942-21ad92d91705,0a92ae51-2df7-5f52-b0fa-50695661c41a,True,True
66af4ec3-aa5d-5ac1-97c2-27ef7319a318,e0f7ecc2-71ce-56ed-b103-67227b845772,0a92ae51-2df7-5f52-b0fa-50695661c41a,True,True
66af4ec3-aa5d-5ac1-97c2-27ef7319a318,2fe2943a-e011-543d-af6c-3d0f1f8474ad,0a92ae51-2df7-5f52-b0fa-50695661c41a,True,True
66af4ec3-aa5d-5ac1-97c2-27ef7319a318,9a3fbb61-9e99-582f-89b7-ad76eed994e5,0a92ae51-2df7-5f52-b0fa-50695661c41a,True,True
66af4ec3-aa5d-5ac1-97c2-27ef7319a318,3bfe391c-618a-5ce9-aad9-be87a6bab3f8,0a92ae51-2df7-5f52-b0fa-50695661c41a,True,True
66af4ec3-aa5d-5ac1-97c2-27ef7319a318,bc45e773-0d45-5c34-8730-ce453f27bfd2,0a92ae51-2df7-5f52-b0fa-50695661c41a,True,True
66af4ec3-aa5d-5ac1-97c2-27ef7319a318,11549093-36f4-50e9-9eb0-1cfe517eec80,0a92ae51-2df7-5f52-b0fa-50695661c41a,True,True
66af4ec3-aa5d-5ac1-97c2-27ef7319a318,2022ebdf-a0b4-56ff-80ed-9ff9bcd09f81,0a92ae51-2df7-5f52-b0fa-50695661c41a,True,True
66af4ec3-aa5d-5ac1-97c2-27ef7319a318,013e72a6-340a-5fff-8dad-ab6bbf60588d,0a92ae51-2df7-5f52-b0fa-50695661c41a,True,True
66af4ec3-aa5d-5ac1-97c2-27ef7319a318,36904e95-37e9-5868-817d-36e9b911fee2,0a92ae51-2df7-5f52-b0fa-50695661c41a,True,True
66af4ec3-aa5d-5ac1-97c2-27ef7319a318,4095fcf3-1877-5079-a08d-a69d660cb513,0a92ae51-2df7-5f52-b0fa-50695661c41a,True,True
66af4ec3-aa5d-5ac1-97c2-27ef7319a318,188cd83d-e3a0-5d00-bedd-1a6c23bd39e5,0a92ae51-2df7-5f52-b0fa-50695661c41a,True,True
66af4ec3-aa5d-5ac1-97c2-27ef7319a318,647ded90-2b25-5995-846e-c7a9b2f18cd5,0a92ae51-2df7-5f52-b0fa-50695661c41a,True,True
66af4ec3-aa5d-5ac1-97c2-27ef7319a318,3ef2e5ab-2636-54f3-a3de-a66aebf9a0b5,0a92ae51-2df7-5f52-b0fa-50695661c41a,True,True
66af4ec3-aa5d-5ac1-97c2-27ef7319a318,1e64f48c-0e22-5fc8-845e-6eff7f66eec3,0a92ae51-2df7-5f52-b0fa-50695661c41a,True,True
66af4ec3-aa5d-5ac1-97c2-27ef7319a318,9440622b-1c04-5a0f-8786-c357fa260877,0a92ae51-2df7-5f52-b0fa-50695661c41a,True,True
66af4ec3-aa5d-5ac1-97c2-27ef7319a318,c00599fc-2f80-52e1-9739-2dee56559fd8,0a92ae51-2df7-5f52-b0fa-50695661c41a,True,True
66af4ec3-aa5d-5ac1-97c2-27ef7319a318,87cb3258-2c4c-507c-b197-627bacebfe08,0a92ae51-2df7-5f52-b0fa-50695661c41a,True,True
66af4ec3-aa5d-5ac1-97c2-27ef7319a318,7517af0c-1c65-5422-a583-058a7d6aab18,0a92ae51-2df7-5f52-b0fa-50695661c41a,True,True
66af4ec3-aa5d-5ac1-97c2-27ef7319a318,42bccbed-d7b1-5ff1-8d1a-3056c9a0ca61,0a92ae51-2df7-5f52-b0fa-50695661c41a,True,True
66af4ec3-aa5d-5ac1-97c2-27ef7319a318,8110bbf3-24f5-5eca-979e-a5d1f1bdc35c,0a92ae51-2df7-5f52-b0fa-50695661c41a,True,True
66af4ec3-aa5d-5ac1-97c2-27ef7319a318,a2a04fe1-e2a7-530e-9be2-8e0d10678727,0a92ae51-2df7-5f52-b0fa-50695661c41a,True,True
66af4ec3-aa5d-5ac1-97c2-27ef7319a318,579b326d-7513-5f23-a2d0-d5604fcdc517,0a92ae51-2df7-5f52-b0fa-50695661c41a,True,True
66af4ec3-aa5d-5ac1-97c2-27ef7319a318,ae716008-1b41-59e7-8528-b3d448f0d162,0a92ae51-2df7-5f52-b0fa-50695661c41a,True,True
66af4ec3-aa5d-5ac1-97c2-27ef7319a318,25f9c426-8b36-55af-b7fa-23fa66d94342,0a92ae51-2df7-5f52-b0fa-50695661c41a,True,True
66af4ec3-aa5d-5ac1-97c2-27ef7319a318,fa432fca-fa23-5546-aa2c-2c0850545fbb,0a92ae51-2df7-5f52-b0fa-50695661c41a,True,True
66af4ec3-aa5d-5ac1-97c2-27ef7319a318,5d1edcee-f8fc-5027-8762-f103ce2c8d9e,0a92ae51-2df7-5f52-b0fa-50695661c41a,True,True
66af4ec3-aa5d-5ac1-97c2-27ef7319a318,766a3360-77ff-5246-9775-cb57e4760516,0a92ae51-2df7-5f52-b0fa-50695661c41a,True,True
66af4ec3-aa5d-5ac1-97c2-27ef7319a318,5130499f-7877-5a55-80d6-99055d552329,0a92ae51-2df7-5f52-b0fa-50695661c41a,True,True
66af4ec3-aa5d-5ac1-97c2-27ef7319a318,35d2f9c7-63c2-59a5-b249-4d253cae83b7,0a92ae51-2df7-5f52-b0fa-50695661c41a,True,True
66af4ec3-aa5d-5ac1-97c2-27ef7319a318,d08561e9-3256-5594-9291-91afc76589f4,0a92ae51-2df7-5f52-b0fa-50695661c41a,True,True
66af4ec3-aa5d-5ac1-97c2-27ef7319a318,bb0e6305-233a-59f4-a721-3ee2972329a5,0a92ae51-2df7-5f52-b0fa-50695661c41a,True,True
66af4ec3-aa5d-5ac1-97c2-27ef7319a318,7b678059-02c0-5afe-8ac3-f795fb9a863e,0a92ae51-2df7-5f52-b0fa-50695661c41a,True,True
66af4ec3-aa5d-5ac1-97c2-27ef7319a318,f9dc981c-db0e-5d0d-805b-4961e17ab73b,0a92ae51-2df7-5f52-b0fa-50695661c41a,True,True
66af4ec3-aa5d-5ac1-97c2-27ef7319a318,fe98f011-d383-58da-a6ad-dd1c50fb775e,0a92ae51-2df7-5f52-b0fa-50695661c41a,True,True
66af4ec3-aa5d-5ac1-97c2-27ef7319a318,6e581f68-fb6b-5027-8bc4-5c8af24ace45,0a92ae51-2df7-5f52-b0fa-50695661c41a,True,True
66af4ec3-aa5d-5ac1-97c2-27ef7319a318,7ba5cf34-cf0a-560d-af47-da239c16a733,0a92ae51-2df7-5f52-b0fa-50695661c41a,True,True
66af4ec3-aa5d-5ac1-97c2-27ef7319a318,b2dcdb2c-7d4e-5b23-8bf2-4a1ce4859062,0a92ae51-2df7-5f52-b0fa-50695661c41a,True,True
66af4ec3-aa5d-5ac1-97c2-27ef7319a318,ad30d6d9-fa4a-5f06-a935-2b899565c735,0a92ae51-2df7-5f52-b0fa-50695661c41a,True,True
66af4ec3-aa5d-5ac1-97c2-27ef7319a318,89853039-d520-592b-9984-516632e2ccf8,0a92ae51-2df7-5f52-b0fa-50695661c41a,True,True
66af4ec3-aa5d-5ac1-97c2-27ef7319a318,c76b7920-c0fc-5ba1-b10b-bb0db5469df1,0a92ae51-2df7-5f52-b0fa-50695661c41a,True,True
66af4ec3-aa5d-5ac1-97c2-27ef7319a318,2ef6b0b0-ee19-54e8-8290-e8b32ec84d79,0a92ae51-2df7-5f52-b0fa-50695661c41a,True,True
66af4ec3-aa5d-5ac1-97c2-27ef7319a318,99ac204f-5736-5f1a-8e71-96a45aa00baf,0e54fd5f-8c83-5e32-83ef-de4c9b50c432,True,True
66af4ec3-aa5d-5ac1-97c2-27ef7319a318,1c51ac56-f072-5de8-9bd6-16f763d73678,0e54fd5f-8c83-5e32-83ef-de4c9b50c432,True,True
66af4ec3-aa5d-5ac1-97c2-27ef7319a318,41ec174e-9737-5445-b0bb-df38f73b5e35,0e54fd5f-8c83-5e32-83ef-de4c9b50c432,True,True
66af4ec3-aa5d-5ac1-97c2-27ef7319a318,e80c3ae6-86f8-5aff-aab7-ad99a05b570c,0e54fd5f-8c83-5e32-83ef-de4c9b50c432,True,True
66af4ec3-aa5d-5ac1-97c2-27ef7319a318,9a17aff2-e578-55a8-a55b-50bf34e4e69e,0e54fd5f-8c83-5e32-83ef-de4c9b50c432,True,True
66af4ec3-aa5d-5ac1-97c2-27ef7319a318,0851c0fa-ca5b-540d-aa2e-94a8e7d8c865,0e54fd5f-8c83-5e32-83ef-de4c9b50c432,True,True
66af4ec3-aa5d-5ac1-97c2-27ef7319a318,4a1a94d0-9ffd-50d7-9c00-89a52dd45676,0e54fd5f-8c83-5e32-83ef-de4c9b50c432,True,True
66af4ec3-aa5d-5ac1-97c2-27ef7319a318,553b4f39-2d2f-5e59-b0a7-6aa77211cc2f,0e54fd5f-8c83-5e32-83ef-de4c9b50c432,True,True
66af4ec3-aa5d-5ac1-97c2-27ef7319a318,0d90f659-1255-5ce2-9729-a4e0ede0d289,0e54fd5f-8c83-5e32-83ef-de4c9b50c432,True,True
66af4ec3-aa5d-5ac1-97c2-27ef7319a318,1ebb0036-9422-58b6-bcf6-c4e46b38a999,0e54fd5f-8c83-5e32-83ef-de4c9b50c432,True,True
66af4ec3-aa5d-5ac1-97c2-27ef7319a318,f601f0e2-a59e-507a-82fd-856bc0a630d8,0e54fd5f-8c83-5e32-83ef-de4c9b50c432,True,True
66af4ec3-aa5d-5ac1-97c2-27ef7319a318,0fbddf9f-91a0-56da-a879-f78c8e5d6e79,0e54fd5f-8c83-5e32-83ef-de4c9b50c432,True,True
66af4ec3-aa5d-5ac1-97c2-27ef7319a318,5fee7684-ee5b-5bd7-a26c-e63184630b93,0e54fd5f-8c83-5e32-83ef-de4c9b50c432,True,True
66af4ec3-aa5d-5ac1-97c2-27ef7319a318,052f5bf9-2611-5f81-a3fd-273efe524d9f,0e54fd5f-8c83-5e32-83ef-de4c9b50c432,True,True
66af4ec3-aa5d-5ac1-97c2-27ef7319a318,1a6d9edb-7dc8-52fd-a248-99f7bafbd053,0e54fd5f-8c83-5e32-83ef-de4c9b50c432,True,True
66af4ec3-aa5d-5ac1-97c2-27ef7319a318,30cd959f-08c6-5ebc-9740-88c03125b366,0e54fd5f-8c83-5e32-83ef-de4c9b50c432,True,True
66af4ec3-aa5d-5ac1-97c2-27ef7319a318,55461e7d-bde7-576c-9653-6e9f2b41ead0,0e54fd5f-8c83-5e32-83ef-de4c9b50c432,True,True
66af4ec3-aa5d-5ac1-97c2-27ef7319a318,3b0a2129-263e-5718-aa6c-21f2f24ed477,0e54fd5f-8c83-5e32-83ef-de4c9b50c432,True,True
66af4ec3-aa5d-5ac1-97c2-27ef7319a318,67bed94d-93c9-52ce-bc55-c58ef2911369,0e54fd5f-8c83-5e32-83ef-de4c9b50c432,True,True
66af4ec3-aa5d-5ac1-97c2-27ef7319a318,6a3c1b83-66f7-5d36-837d-4b8860ffc417,0e54fd5f-8c83-5e32-83ef-de4c9b50c432,True,True
66af4ec3-aa5d-5ac1-97c2-27ef7319a318,07dc7e88-f5c7-5df4-b86e-052403bfba54,0e54fd5f-8c83-5e32-83ef-de4c9b50c432,True,True
66af4ec3-aa5d-5ac1-97c2-27ef7319a318,5f9e7b6e-d83a-51a3-8ec8-14608436380c,0e54fd5f-8c83-5e32-83ef-de4c9b50c432,True,True
66af4ec3-aa5d-5ac1-97c2-27ef7319a318,aab8c54a-2551-5f24-8887-4b9fde6ce364,0e54fd5f-8c83-5e32-83ef-de4c9b50c432,True,True
66af4ec3-aa5d-5ac1-97c2-27ef7319a318,b88d5ea6-c72c-5162-adcf-40675cb9d729,0e54fd5f-8c83-5e32-83ef-de4c9b50c432,True,True
66af4ec3-aa5d-5ac1-97c2-27ef7319a318,ec7f5d98-d92a-519a-9c5c-39ac39097491,0e54fd5f-8c83-5e32-83ef-de4c9b50c432,True,True
66af4ec3-aa5d-5ac1-97c2-27ef7319a318,3212d2dd-a847-5bea-8c51-133753b0e637,0e54fd5f-8c83-5e32-83ef-de4c9b50c432,True,True
66af4ec3-aa5d-5ac1-97c2-27ef7319a318,b1d14003-6190-5c29-86d1-5def3f7dcf1d,0e54fd5f-8c83-5e32-83ef-de4c9b50c432,True,True
66af4ec3-aa5d-5ac1-97c2-27ef7319a318,da386440-943b-547a-a1e9-57bb805ca9d2,0e54fd5f-8c83-5e32-83ef-de4c9b50c432,True,True
66af4ec3-aa5d-5ac1-97c2-27ef7319a318,2446978c-61d9-51b7-9590-d154d500073a,0e54fd5f-8c83-5e32-83ef-de4c9b50c432,True,True
66af4ec3-aa5d-5ac1-97c2-27ef7319a318,71bc88da-dc41-5c62-8921-93236375bfb9,0e54fd5f-8c83-5e32-83ef-de4c9b50c432,True,True
66af4ec3-aa5d-5ac1-97c2-27ef7319a318,7ad14acf-03a2-54e8-bae2-c4b8bc69890e,0e54fd5f-8c83-5e32-83ef-de4c9b50c432,True,True
66af4ec3-aa5d-5ac1-97c2-27ef7319a318,cc176c88-2cb1-5500-a154-9ebf0cca7696,0e54fd5f-8c83-5e32-83ef-de4c9b50c432,True,True
66af4ec3-aa5d-5ac1-97c2-27ef7319a318,770851cf-a00e-56e2-b43e-5b4374ca4379,0e54fd5f-8c83-5e32-83ef-de4c9b50c432,True,True
66af4ec3-aa5d-5ac1-97c2-27ef7319a318,f7c27a3b-c624-5c1c-8e0c-fe805c267e61,0e54fd5f-8c83-5e32-83ef-de4c9b50c432,True,True
66af4ec3-aa5d-5ac1-97c2-27ef7319a318,a528bb65-aa02-533b-b075-b96c5203124a,0e54fd5f-8c83-5e32-83ef-de4c9b50c432,True,True
66af4ec3-aa5d-5ac1-97c2-27ef7319a318,fe9bb55d-6420-5f8c-b5ad-7412fcea0acf,0e54fd5f-8c83-5e32-83ef-de4c9b50c432,True,True
66af4ec3-aa5d-5ac1-97c2-27ef7319a318,5d054671-1702-5625-bf27-72abb5d1149e,0e54fd5f-8c83-5e32-83ef-de4c9b50c432,True,True
66af4ec3-aa5d-5ac1-97c2-27ef7319a318,ea6e2c0f-84fb-5d2e-878f-9848bb253b41,0e54fd5f-8c83-5e32-83ef-de4c9b50c432,True,True
66af4ec3-aa5d-5ac1-97c2-27ef7319a318,bb49a94a-8381-5ecc-acd3-554946ca0751,0e54fd5f-8c83-5e32-83ef-de4c9b50c432,True,True
66af4ec3-aa5d-5ac1-97c2-27ef7319a318,fe3b7d56-a728-54e9-ba8e-dd3d7451e864,0e54fd5f-8c83-5e32-83ef-de4c9b50c432,True,True
66af4ec3-aa5d-5ac1-97c2-27ef7319a318,262b7e43-4f18-5ecd-8bca-b6f076d20e0b,0e54fd5f-8c83-5e32-83ef-de4c9b50c432,True,True
66af4ec3-aa5d-5ac1-97c2-27ef7319a318,ec1089e4-b356-5704-abb6-082eff17bd06,0e54fd5f-8c83-5e32-83ef-de4c9b50c432,True,True
66af4ec3-aa5d-5ac1-97c2-27ef7319a318,b8769dae-99a9-58ee-a73b-cee7632a8bce,0e54fd5f-8c83-5e32-83ef-de4c9b50c432,True,True
66af4ec3-aa5d-5ac1-97c2-27ef7319a318,5d196f9c-2bf9-56d7-972b-1c72af0be2ef,0e54fd5f-8c83-5e32-83ef-de4c9b50c432,True,True
66af4ec3-aa5d-5ac1-97c2-27ef7319a318,a2480bcb-5877-57bb-a28f-5e95fe8c1820,0e54fd5f-8c83-5e32-83ef-de4c9b50c432,True,True
66af4ec3-aa5d-5ac1-97c2-27ef7319a318,600418d1-3b2d-5678-a21a-2bc20155f4f9,0e54fd5f-8c83-5e32-83ef-de4c9b50c432,True,True
66af4ec3-aa5d-5ac1-97c2-27ef7319a318,6a89dc8e-3ee0-554c-b8d5-83bf7e979baa,0e54fd5f-8c83-5e32-83ef-de4c9b50c432,True,True
66af4ec3-aa5d-5ac1-97c2-27ef7319a318,05b0c34d-7c2e-5377-a951-cba411ef3a49,0e54fd5f-8c83-5e32-83ef-de4c9b50c432,True,True
66af4ec3-aa5d-5ac1-97c2-27ef7319a318,092a012c-75bf-544f-a555-efb051daf39e,0e54fd5f-8c83-5e32-83ef-de4c9b50c432,True,True
66af4ec3-aa5d-5ac1-97c2-27ef7319a318,580db09c-6021-5bd8-b9bf-d5814253d977,0e54fd5f-8c83-5e32-83ef-de4c9b50c432,True,True
66af4ec3-aa5d-5ac1-97c2-27ef7319a318,b4250c18-7019-5f4a-b09a-ce93767a3b36,0e54fd5f-8c83-5e32-83ef-de4c9b50c432,True,True
66af4ec3-aa5d-5ac1-97c2-27ef7319a318,70444fee-fefd-5962-919a-b6807f2a705e,0e54fd5f-8c83-5e32-83ef-de4c9b50c432,True,True
66af4ec3-aa5d-5ac1-97c2-27ef7319a318,0af721ad-4df6-5fb6-98fe-a942a01ff3f9,0e54fd5f-8c83-5e32-83ef-de4c9b50c432,True,True
66af4ec3-aa5d-5ac1-97c2-27ef7319a318,f55263b1-125e-55e7-bf35-166eb2569faf,0e54fd5f-8c83-5e32-83ef-de4c9b50c432,True,True
66af4ec3-aa5d-5ac1-97c2-27ef7319a318,8ff33aa6-f9e3-5b12-ab7d-666f659d0291,0e54fd5f-8c83-5e32-83ef-de4c9b50c432,True,True
66af4ec3-aa5d-5ac1-97c2-27ef7319a318,b95c9a4d-c390-54a3-8e2b-39ee82fcdeee,0e54fd5f-8c83-5e32-83ef-de4c9b50c432,True,True
66af4ec3-aa5d-5ac1-97c2-27ef7319a318,4371d7cb-91c1-56cb-90c3-12eceeb4f2d1,0e54fd5f-8c83-5e32-83ef-de4c9b50c432,True,True
66af4ec3-aa5d-5ac1-97c2-27ef7319a318,94b24351-0138-5874-9aac-7b406e559c7b,0e54fd5f-8c83-5e32-83ef-de4c9b50c432,True,True
66af4ec3-aa5d-5ac1-97c2-27ef7319a318,f04eeabd-7da6-5872-86ac-daa2a36374e8,0e54fd5f-8c83-5e32-83ef-de4c9b50c432,True,True
66af4ec3-aa5d-5ac1-97c2-27ef7319a318,b5879db4-b31e-5f60-8d0e-d7fa458984eb,0e54fd5f-8c83-5e32-83ef-de4c9b50c432,True,True
66af4ec3-aa5d-5ac1-97c2-27ef7319a318,314c6fbd-bacb-5b5c-abad-c301a0744e93,0e54fd5f-8c83-5e32-83ef-de4c9b50c432,True,True
66af4ec3-aa5d-5ac1-97c2-27ef7319a318,b17a4a0c-6a87-5906-8b28-00325ec4629c,0e54fd5f-8c83-5e32-83ef-de4c9b50c432,True,True
66af4ec3-aa5d-5ac1-97c2-27ef7319a318,7750bc5a-206e-5999-8a5f-e80af0e25a17,0e54fd5f-8c83-5e32-83ef-de4c9b50c432,True,True
66af4ec3-aa5d-5ac1-97c2-27ef7319a318,a34c6a61-b35a-5cdb-9cf9-0f8bc7211740,0e54fd5f-8c83-5e32-83ef-de4c9b50c432,True,True
66af4ec3-aa5d-5ac1-97c2-27ef7319a318,081b8f06-5ce6-5ebd-8a69-b4a3110b6e5b,0e54fd5f-8c83-5e32-83ef-de4c9b50c432,True,True
66af4ec3-aa5d-5ac1-97c2-27ef7319a318,4ef253ab-3f71-5966-bed7-fe9ce18e6f5a,0e54fd5f-8c83-5e32-83ef-de4c9b50c432,True,True
66af4ec3-aa5d-5ac1-97c2-27ef7319a318,9493a8af-abcd-5a67-817b-c0ec8fed5c77,0e54fd5f-8c83-5e32-83ef-de4c9b50c432,True,True
66af4ec3-aa5d-5ac1-97c2-27ef7319a318,f00b6193-31e5-5665-9753-7399d742a182,0e54fd5f-8c83-5e32-83ef-de4c9b50c432,True,True
66af4ec3-aa5d-5ac1-97c2-27ef7319a318,421fedab-44d4-5fe5-8a78-3b235e91f9dd,0e54fd5f-8c83-5e32-83ef-de4c9b50c432,True,True
66af4ec3-aa5d-5ac1-97c2-27ef7319a318,1a8f0ef0-7b08-51bb-baa7-911fd682f032,0e54fd5f-8c83-5e32-83ef-de4c9b50c432,True,True
66af4ec3-aa5d-5ac1-97c2-27ef7319a318,591a154a-6df0-54e6-8c8c-b308914bb7d3,0e54fd5f-8c83-5e32-83ef-de4c9b50c432,True,True
66af4ec3-aa5d-5ac1-97c2-27ef7319a318,b3feec8e-0226-5552-9790-2048b89694c1,0e54fd5f-8c83-5e32-83ef-de4c9b50c432,True,True
66af4ec3-aa5d-5ac1-97c2-27ef7319a318,68048540-4e6c-578a-9d35-f07dbb26c5e5,0e54fd5f-8c83-5e32-83ef-de4c9b50c432,True,True
66af4ec3-aa5d-5ac1-97c2-27ef7319a318,77e73b8f-ea21-5e67-90c4-f4bf18cc3640,0e54fd5f-8c83-5e32-83ef-de4c9b50c432,True,True
66af4ec3-aa5d-5ac1-97c2-27ef7319a318,2dc964a6-5e76-50bf-a330-a99fdc0381c9,0e54fd5f-8c83-5e32-83ef-de4c9b50c432,True,True
66af4ec3-aa5d-5ac1-97c2-27ef7319a318,0ed7cbe0-2d24-501e-a553-9c54bf1ef62f,0e54fd5f-8c83-5e32-83ef-de4c9b50c432,True,True
66af4ec3-aa5d-5ac1-97c2-27ef7319a318,e946f5ac-23f3-5439-9ee4-91896fe871d8,0e54fd5f-8c83-5e32-83ef-de4c9b50c432,True,True
66af4ec3-aa5d-5ac1-97c2-27ef7319a318,e5dcd199-9d73-5c31-a78b-f4854389d663,0e54fd5f-8c83-5e32-83ef-de4c9b50c432,True,True
66af4ec3-aa5d-5ac1-97c2-27ef7319a318,1ff5ecdb-2b1b-514b-83cf-af054e0c2057,0e54fd5f-8c83-5e32-83ef-de4c9b50c432,True,True
66af4ec3-aa5d-5ac1-97c2-27ef7319a318,619006c7-485f-53bb-8778-70545f89ce4d,0e54fd5f-8c83-5e32-83ef-de4c9b50c432,True,True
66af4ec3-aa5d-5ac1-97c2-27ef7319a318,73dc4ce8-4561-5b0e-8017-41f3fe2ed50a,0e54fd5f-8c83-5e32-83ef-de4c9b50c432,True,True
66af4ec3-aa5d-5ac1-97c2-27ef7319a318,c001dfd9-a770-5af7-a552-3527e7c8e89a,0e54fd5f-8c83-5e32-83ef-de4c9b50c432,True,True
66af4ec3-aa5d-5ac1-97c2-27ef7319a318,2883f5ad-b593-5ded-9375-5ca7b8f0fcb3,0e54fd5f-8c83-5e32-83ef-de4c9b50c432,True,True
66af4ec3-aa5d-5ac1-97c2-27ef7319a318,8b4bd8e2-d10f-5fef-b226-20c318c43407,0e54fd5f-8c83-5e32-83ef-de4c9b50c432,True,True
66af4ec3-aa5d-5ac1-97c2-27ef7319a318,51a7e53d-bdc7-5aa7-8bc4-5bfbc892ab87,0e54fd5f-8c83-5e32-83ef-de4c9b50c432,True,True
66af4ec3-aa5d-5ac1-97c2-27ef7319a318,f1f56fec-162d-56e4-ae1b-b02479714451,0e54fd5f-8c83-5e32-83ef-de4c9b50c432,True,True
66af4ec3-aa5d-5ac1-97c2-27ef7319a318,fd9c077c-a770-50c7-b11a-845b137f1070,0e54fd5f-8c83-5e32-83ef-de4c9b50c432,True,True
66af4ec3-aa5d-5ac1-97c2-27ef7319a318,d89029b4-2da0-5591-a3a9-c69387e2b8cf,0e54fd5f-8c83-5e32-83ef-de4c9b50c432,True,True
66af4ec3-aa5d-5ac1-97c2-27ef7319a318,e345ff87-984f-51e6-a7cb-e84575b3b844,0e54fd5f-8c83-5e32-83ef-de4c9b50c432,True,True
66af4ec3-aa5d-5ac1-97c2-27ef7319a318,b06eaf91-99d9-52d5-bb34-f187bf9046de,0e54fd5f-8c83-5e32-83ef-de4c9b50c432,True,True
66af4ec3-aa5d-5ac1-97c2-27ef7319a318,717c12e9-9c03-5943-ae6c-ed24cc811383,0e54fd5f-8c83-5e32-83ef-de4c9b50c432,True,True
66af4ec3-aa5d-5ac1-97c2-27ef7319a318,4011f36c-00d3-530f-af2b-546a21920571,0e54fd5f-8c83-5e32-83ef-de4c9b50c432,True,True
66af4ec3-aa5d-5ac1-97c2-27ef7319a318,ae7b7372-a442-5bb2-b1ab-0675093f6063,0e54fd5f-8c83-5e32-83ef-de4c9b50c432,True,True
66af4ec3-aa5d-5ac1-97c2-27ef7319a318,d8568321-7e5a-57e4-979f-72673f40ccb6,0e54fd5f-8c83-5e32-83ef-de4c9b50c432,True,True
66af4ec3-aa5d-5ac1-97c2-27ef7319a318,b8d5a852-9a66-5d62-8073-4d2a767dbd2e,0e54fd5f-8c83-5e32-83ef-de4c9b50c432,True,True
66af4ec3-aa5d-5ac1-97c2-27ef7319a318,219f641d-7bce-552b-937d-169155e4849a,0e54fd5f-8c83-5e32-83ef-de4c9b50c432,True,True
66af4ec3-aa5d-5ac1-97c2-27ef7319a318,c4f93618-e8a4-5314-ae5b-3360764eee1d,0e54fd5f-8c83-5e32-83ef-de4c9b50c432,True,True
66af4ec3-aa5d-5ac1-97c2-27ef7319a318,c03d264d-89a0-56af-bf9d-7be92494c431,0e54fd5f-8c83-5e32-83ef-de4c9b50c432,True,True
66af4ec3-aa5d-5ac1-97c2-27ef7319a318,bb559a1a-238a-5b17-ac9a-b89caed5a010,0e54fd5f-8c83-5e32-83ef-de4c9b50c432,True,True
66af4ec3-aa5d-5ac1-97c2-27ef7319a318,197e62be-4ff1-5755-8a84-2c91e0b260c0,0e54fd5f-8c83-5e32-83ef-de4c9b50c432,True,True
66af4ec3-aa5d-5ac1-97c2-27ef7319a318,e02c415c-9436-55b7-b545-3871e2b2c1f0,0e54fd5f-8c83-5e32-83ef-de4c9b50c432,True,True
66af4ec3-aa5d-5ac1-97c2-27ef7319a318,6441c9a7-f8b5-5243-9b3c-56d4bae41999,0e54fd5f-8c83-5e32-83ef-de4c9b50c432,True,True
66af4ec3-aa5d-5ac1-97c2-27ef7319a318,b1dc429d-e1d9-5792-8ab2-04963fd11aa8,0e54fd5f-8c83-5e32-83ef-de4c9b50c432,True,True
66af4ec3-aa5d-5ac1-97c2-27ef7319a318,8bba077a-d0cd-5631-a3cc-42b18820249b,0e54fd5f-8c83-5e32-83ef-de4c9b50c432,True,True
66af4ec3-aa5d-5ac1-97c2-27ef7319a318,f447214b-6c6c-501a-8253-3fc4338405af,0e54fd5f-8c83-5e32-83ef-de4c9b50c432,True,True
66af4ec3-aa5d-5ac1-97c2-27ef7319a318,1301a8d1-8134-5380-bac8-e6c3036705fa,0e54fd5f-8c83-5e32-83ef-de4c9b50c432,True,True
66af4ec3-aa5d-5ac1-97c2-27ef7319a318,81b3bcc4-8f99-5cf9-a821-48395a6f549f,0e54fd5f-8c83-5e32-83ef-de4c9b50c432,True,True
66af4ec3-aa5d-5ac1-97c2-27ef7319a318,a7a81db1-0901-576e-836c-c87cd6d0a028,0e54fd5f-8c83-5e32-83ef-de4c9b50c432,True,True
66af4ec3-aa5d-5ac1-97c2-27ef7319a318,f9ae9cfb-1a72-53b9-a0a1-6c8b872e620b,0e54fd5f-8c83-5e32-83ef-de4c9b50c432,True,True
66af4ec3-aa5d-5ac1-97c2-27ef7319a318,7b075660-ed7c-5e88-a1b2-504d122e63b2,0e54fd5f-8c83-5e32-83ef-de4c9b50c432,True,True
66af4ec3-aa5d-5ac1-97c2-27ef7319a318,a7dcf5dd-9aca-56b1-a31f-b6818569ad0f,0e54fd5f-8c83-5e32-83ef-de4c9b50c432,True,True
66af4ec3-aa5d-5ac1-97c2-27ef7319a318,879c8464-b9f0-5778-9556-3bbec397dbfa,0e54fd5f-8c83-5e32-83ef-de4c9b50c432,True,True
66af4ec3-aa5d-5ac1-97c2-27ef7319a318,14316b3c-4ade-50d1-8e57-f1ad456729ec,0e54fd5f-8c83-5e32-83ef-de4c9b50c432,True,True
66af4ec3-aa5d-5ac1-97c2-27ef7319a318,681c16a3-1278-502d-9d6b-2d6504620c19,0e54fd5f-8c83-5e32-83ef-de4c9b50c432,True,True
66af4ec3-aa5d-5ac1-97c2-27ef7319a318,b6dd9d6a-4420-54dc-9fed-4c173afac181,0e54fd5f-8c83-5e32-83ef-de4c9b50c432,True,True
66af4ec3-aa5d-5ac1-97c2-27ef7319a318,bbc61441-e933-533c-b1b4-1f993524cb55,0e54fd5f-8c83-5e32-83ef-de4c9b50c432,True,True
66af4ec3-aa5d-5ac1-97c2-27ef7319a318,84a6f9b1-56ba-5bba-b3a1-fa1be1e5f9f9,0e54fd5f-8c83-5e32-83ef-de4c9b50c432,True,True
66af4ec3-aa5d-5ac1-97c2-27ef7319a318,830d118a-46ee-58d6-9a89-3cbcc8596f7b,0e54fd5f-8c83-5e32-83ef-de4c9b50c432,True,True
66af4ec3-aa5d-5ac1-97c2-27ef7319a318,3c15d842-6905-56d6-8909-726986cde59a,0e54fd5f-8c83-5e32-83ef-de4c9b50c432,True,True
66af4ec3-aa5d-5ac1-97c2-27ef7319a318,f6eb8efa-619c-5284-ad1c-95cb41734bb3,0e54fd5f-8c83-5e32-83ef-de4c9b50c432,True,True
66af4ec3-aa5d-5ac1-97c2-27ef7319a318,ddcba702-f84c-55dc-9674-ee0707039d81,0e54fd5f-8c83-5e32-83ef-de4c9b50c432,True,True
66af4ec3-aa5d-5ac1-97c2-27ef7319a318,d92e56b8-082e-5698-bc9a-b8b77b6bdfeb,0e54fd5f-8c83-5e32-83ef-de4c9b50c432,True,True
66af4ec3-aa5d-5ac1-97c2-27ef7319a318,4a8a918a-7716-5432-9ca2-af7fa8232b82,0e54fd5f-8c83-5e32-83ef-de4c9b50c432,True,True
66af4ec3-aa5d-5ac1-97c2-27ef7319a318,e671434f-b8fc-5922-8a4c-ccce55e873cc,0e54fd5f-8c83-5e32-83ef-de4c9b50c432,True,True
66af4ec3-aa5d-5ac1-97c2-27ef7319a318,0c05bbc9-f09b-58af-927e-8f2ef7ea7481,0e54fd5f-8c83-5e32-83ef-de4c9b50c432,True,True
66af4ec3-aa5d-5ac1-97c2-27ef7319a318,1b3d5ce2-ef72-5f4f-b38f-4eeb91840eaa,0e54fd5f-8c83-5e32-83ef-de4c9b50c432,True,True
66af4ec3-aa5d-5ac1-97c2-27ef7319a318,0a71ebd7-4bb5-543a-861a-eceda016f283,0e54fd5f-8c83-5e32-83ef-de4c9b50c432,True,True
66af4ec3-aa5d-5ac1-97c2-27ef7319a318,294c920e-4246-56b3-8b4d-3a38d0b36455,0e54fd5f-8c83-5e32-83ef-de4c9b50c432,True,True
66af4ec3-aa5d-5ac1-97c2-27ef7319a318,655b4c4f-f40b-5040-adb9-aed7be1b959d,0e54fd5f-8c83-5e32-83ef-de4c9b50c432,True,True
66af4ec3-aa5d-5ac1-97c2-27ef7319a318,006ca1a4-b953-5258-af04-d93454a55289,0e54fd5f-8c83-5e32-83ef-de4c9b50c432,True,True
66af4ec3-aa5d-5ac1-97c2-27ef7319a318,8ceeafdc-b9db-547f-a700-1919d74a5f81,0e54fd5f-8c83-5e32-83ef-de4c9b50c432,True,True
66af4ec3-aa5d-5ac1-97c2-27ef7319a318,4d0748f9-0fb0-5685-8009-5a6d9dc4c20f,0e54fd5f-8c83-5e32-83ef-de4c9b50c432,True,True
66af4ec3-aa5d-5ac1-97c2-27ef7319a318,53bde344-bf16-5bf3-9892-96fdd8f2f04c,0e54fd5f-8c83-5e32-83ef-de4c9b50c432,True,True
66af4ec3-aa5d-5ac1-97c2-27ef7319a318,94de839c-042a-5cef-a374-320dc47f1f8b,0e54fd5f-8c83-5e32-83ef-de4c9b50c432,True,True
66af4ec3-aa5d-5ac1-97c2-27ef7319a318,4e2d31f4-7303-54fe-ac24-e311ff107f14,0e54fd5f-8c83-5e32-83ef-de4c9b50c432,True,True
66af4ec3-aa5d-5ac1-97c2-27ef7319a318,59360b98-49fb-5df0-930c-7357102be08e,0e54fd5f-8c83-5e32-83ef-de4c9b50c432,True,True
66af4ec3-aa5d-5ac1-97c2-27ef7319a318,6a996f83-d44b-531a-84d8-65b9837322c9,0e54fd5f-8c83-5e32-83ef-de4c9b50c432,True,True
66af4ec3-aa5d-5ac1-97c2-27ef7319a318,6fa5a738-6e8e-56eb-be96-b8038f06b9ea,0e54fd5f-8c83-5e32-83ef-de4c9b50c432,True,True
66af4ec3-aa5d-5ac1-97c2-27ef7319a318,e377df6e-e1c0-58f3-a68a-159294824cb3,0e54fd5f-8c83-5e32-83ef-de4c9b50c432,True,True
66af4ec3-aa5d-5ac1-97c2-27ef7319a318,fe13c5a6-f2a8-5191-892c-e7668559f2ca,0e54fd5f-8c83-5e32-83ef-de4c9b50c432,True,True
66af4ec3-aa5d-5ac1-97c2-27ef7319a318,18397379-5edb-5ecb-9296-424ed15ae6dd,0e54fd5f-8c83-5e32-83ef-de4c9b50c432,True,True
66af4ec3-aa5d-5ac1-97c2-27ef7319a318,4abc57f5-5454-5c9e-b93a-d459dd0773e8,0e54fd5f-8c83-5e32-83ef-de4c9b50c432,True,True
66af4ec3-aa5d-5ac1-97c2-27ef7319a318,bd9936d6-1b04-55c6-b2ca-b52373a820f9,0e54fd5f-8c83-5e32-83ef-de4c9b50c432,True,True
66af4ec3-aa5d-5ac1-97c2-27ef7319a318,cfa4ae2d-33bf-54d8-a351-494007380174,0e54fd5f-8c83-5e32-83ef-de4c9b50c432,True,True
66af4ec3-aa5d-5ac1-97c2-27ef7319a318,603c912a-1b66-564d-a39e-5627111048e3,0e54fd5f-8c83-5e32-83ef-de4c9b50c432,True,True
66af4ec3-aa5d-5ac1-97c2-27ef7319a318,c43a539c-f264-5350-9b9a-2fe24a0b2c80,0e54fd5f-8c83-5e32-83ef-de4c9b50c432,True,True
66af4ec3-aa5d-5ac1-97c2-27ef7319a318,d4e3829a-2e0c-5980-9812-a282012bb561,0e54fd5f-8c83-5e32-83ef-de4c9b50c432,True,True
66af4ec3-aa5d-5ac1-97c2-27ef7319a318,d719f496-21e5-53d2-948e-5f85a6acc5be,0e54fd5f-8c83-5e32-83ef-de4c9b50c432,True,True
66af4ec3-aa5d-5ac1-97c2-27ef7319a318,4c1cce1d-7e25-5d0b-8d8b-059f3dd9b591,0e54fd5f-8c83-5e32-83ef-de4c9b50c432,True,True
66af4ec3-aa5d-5ac1-97c2-27ef7319a318,1d38dea2-1346-57a4-b51a-bb8c417ded9f,0e54fd5f-8c83-5e32-83ef-de4c9b50c432,True,True
66af4ec3-aa5d-5ac1-97c2-27ef7319a318,bb329222-930f-54de-b97f-25e133d30728,0e54fd5f-8c83-5e32-83ef-de4c9b50c432,True,True
66af4ec3-aa5d-5ac1-97c2-27ef7319a318,f72ced75-ceed-5fee-a14c-9431a6fe875f,0e54fd5f-8c83-5e32-83ef-de4c9b50c432,True,True
66af4ec3-aa5d-5ac1-97c2-27ef7319a318,44c19367-c5bf-5a69-b31d-e30ed2f424f5,0e54fd5f-8c83-5e32-83ef-de4c9b50c432,True,True
66af4ec3-aa5d-5ac1-97c2-27ef7319a318,6cc62675-deb2-5e38-b19c-313d0c477383,0e54fd5f-8c83-5e32-83ef-de4c9b50c432,True,True
66af4ec3-aa5d-5ac1-97c2-27ef7319a318,53c474d8-679c-537c-836d-b967ecce15ee,0e54fd5f-8c83-5e32-83ef-de4c9b50c432,True,True
66af4ec3-aa5d-5ac1-97c2-27ef7319a318,b060e3c4-6a97-5735-b69f-19d289873dd6,0e54fd5f-8c83-5e32-83ef-de4c9b50c432,True,True
66af4ec3-aa5d-5ac1-97c2-27ef7319a318,1fb07d89-0b68-50e3-a211-7e8fc64b70ad,0e54fd5f-8c83-5e32-83ef-de4c9b50c432,True,True
66af4ec3-aa5d-5ac1-97c2-27ef7319a318,e74022ef-5fbc-58a3-bf06-86c451d89e5a,0e54fd5f-8c83-5e32-83ef-de4c9b50c432,True,True
66af4ec3-aa5d-5ac1-97c2-27ef7319a318,552a1a70-650c-5610-b53d-94fb4dde71ef,0e54fd5f-8c83-5e32-83ef-de4c9b50c432,True,True
66af4ec3-aa5d-5ac1-97c2-27ef7319a318,dc4bed42-2096-576f-91bb-14761276d34b,0e54fd5f-8c83-5e32-83ef-de4c9b50c432,True,True
66af4ec3-aa5d-5ac1-97c2-27ef7319a318,edac61c6-17f7-574a-8626-8441d16b0704,0e54fd5f-8c83-5e32-83ef-de4c9b50c432,True,True
66af4ec3-aa5d-5ac1-97c2-27ef7319a318,51c1548e-81bb-5878-a059-7e2e1c227ed0,0e54fd5f-8c83-5e32-83ef-de4c9b50c432,True,True
66af4ec3-aa5d-5ac1-97c2-27ef7319a318,0cb6c46e-da0e-58c3-969f-1ace9872c855,0e54fd5f-8c83-5e32-83ef-de4c9b50c432,True,True
66af4ec3-aa5d-5ac1-97c2-27ef7319a318,1b9679e2-df19-53c1-9b78-ee600ff09a2c,0e54fd5f-8c83-5e32-83ef-de4c9b50c432,True,True
66af4ec3-aa5d-5ac1-97c2-27ef7319a318,5dab35bd-7b4d-50b6-8bc2-d2fad3299e13,0e54fd5f-8c83-5e32-83ef-de4c9b50c432,True,True
66af4ec3-aa5d-5ac1-97c2-27ef7319a318,b8b120bf-7124-55a2-bf2c-7af0bd653573,0e54fd5f-8c83-5e32-83ef-de4c9b50c432,True,True
66af4ec3-aa5d-5ac1-97c2-27ef7319a318,0f16f807-0cb5-5cbe-b9ef-0081bdcca59b,0e54fd5f-8c83-5e32-83ef-de4c9b50c432,True,True
66af4ec3-aa5d-5ac1-97c2-27ef7319a318,e2ec41a9-97ec-50ca-a2f5-c0f895772ab9,0e54fd5f-8c83-5e32-83ef-de4c9b50c432,True,True
66af4ec3-aa5d-5ac1-97c2-27ef7319a318,107bd1e1-7862-56e2-ae9c-12408fd42223,0e54fd5f-8c83-5e32-83ef-de4c9b50c432,True,True
66af4ec3-aa5d-5ac1-97c2-27ef7319a318,f1953edd-2a28-50bb-95fb-17fdb9ac56a0,0e54fd5f-8c83-5e32-83ef-de4c9b50c432,True,True
66af4ec3-aa5d-5ac1-97c2-27ef7319a318,8fb8e4e6-bef9-5f53-8d34-ba4f9596a6cd,0e54fd5f-8c83-5e32-83ef-de4c9b50c432,True,True
66af4ec3-aa5d-5ac1-97c2-27ef7319a318,74ea3847-0a46-501e-8fcb-8503b250c2cb,0e54fd5f-8c83-5e32-83ef-de4c9b50c432,True,True
66af4ec3-aa5d-5ac1-97c2-27ef7319a318,51a64161-20c3-5b4e-bb84-c655b5ded719,0e54fd5f-8c83-5e32-83ef-de4c9b50c432,True,True
66af4ec3-aa5d-5ac1-97c2-27ef7319a318,e1de9e89-ab39-5ba9-be4d-88eba7729d77,0e54fd5f-8c83-5e32-83ef-de4c9b50c432,True,True
66af4ec3-aa5d-5ac1-97c2-27ef7319a318,c663216c-c659-5c8f-8db2-0d56c6fba08b,0e54fd5f-8c83-5e32-83ef-de4c9b50c432,True,True
66af4ec3-aa5d-5ac1-97c2-27ef7319a318,3d9943ca-d9f7-5105-9030-e81d2dadf8d2,0e54fd5f-8c83-5e32-83ef-de4c9b50c432,True,True
66af4ec3-aa5d-5ac1-97c2-27ef7319a318,98e8e64d-b600-5372-9495-0f0f6f4c04e2,0e54fd5f-8c83-5e32-83ef-de4c9b50c432,True,True
66af4ec3-aa5d-5ac1-97c2-27ef7319a318,14f5639e-a9ca-5ba3-9adb-035500409a49,0e54fd5f-8c83-5e32-83ef-de4c9b50c432,True,True
66af4ec3-aa5d-5ac1-97c2-27ef7319a318,8a1c2768-7a1c-5628-b3a7-507ad794d5eb,0e54fd5f-8c83-5e32-83ef-de4c9b50c432,True,True
66af4ec3-aa5d-5ac1-97c2-27ef7319a318,5bccbc06-d799-5d7e-8cb3-282e9fe9275d,0e54fd5f-8c83-5e32-83ef-de4c9b50c432,True,True
66af4ec3-aa5d-5ac1-97c2-27ef7319a318,47521cad-5c37-5c36-922f-ab00a2a37205,0e54fd5f-8c83-5e32-83ef-de4c9b50c432,True,True
66af4ec3-aa5d-5ac1-97c2-27ef7319a318,d6a0da90-0109-55d8-a70b-9dedc3e4d49a,0e54fd5f-8c83-5e32-83ef-de4c9b50c432,True,True
66af4ec3-aa5d-5ac1-97c2-27ef7319a318,256c6c6d-ff2f-5434-bef8-1206a62070d9,0e54fd5f-8c83-5e32-83ef-de4c9b50c432,True,True
66af4ec3-aa5d-5ac1-97c2-27ef7319a318,8fd3c791-41ee-5965-ae5a-b8b472770e8f,0e54fd5f-8c83-5e32-83ef-de4c9b50c432,True,True
66af4ec3-aa5d-5ac1-97c2-27ef7319a318,e0f890be-d643-5f55-90be-6b35b616480e,0e54fd5f-8c83-5e32-83ef-de4c9b50c432,True,True
66af4ec3-aa5d-5ac1-97c2-27ef7319a318,860a02c2-6ede-504f-a9e5-b3b379fc3c15,0e54fd5f-8c83-5e32-83ef-de4c9b50c432,True,True
66af4ec3-aa5d-5ac1-97c2-27ef7319a318,d01dc55d-6495-5409-8030-a05525380802,0e54fd5f-8c83-5e32-83ef-de4c9b50c432,True,True
66af4ec3-aa5d-5ac1-97c2-27ef7319a318,81093d1c-4a87-5f0b-974e-2e0d0b5ee5e3,0e54fd5f-8c83-5e32-83ef-de4c9b50c432,True,True
66af4ec3-aa5d-5ac1-97c2-27ef7319a318,169c0e8d-7641-529b-83e3-374bb635f067,0e54fd5f-8c83-5e32-83ef-de4c9b50c432,True,True
66af4ec3-aa5d-5ac1-97c2-27ef7319a318,cd1a9550-bda5-5470-ae4c-4cf89b227677,0e54fd5f-8c83-5e32-83ef-de4c9b50c432,True,True
66af4ec3-aa5d-5ac1-97c2-27ef7319a318,c05a6d32-e894-5c32-90d4-261732ce84a6,0e54fd5f-8c83-5e32-83ef-de4c9b50c432,True,True
66af4ec3-aa5d-5ac1-97c2-27ef7319a318,6530d0d4-8f65-5ac1-91b3-a3b6332d7288,0e54fd5f-8c83-5e32-83ef-de4c9b50c432,True,True
66af4ec3-aa5d-5ac1-97c2-27ef7319a318,1deae661-c4fb-5b61-83f2-2e5ad7e2960f,0e54fd5f-8c83-5e32-83ef-de4c9b50c432,True,True
66af4ec3-aa5d-5ac1-97c2-27ef7319a318,5d713619-21b7-5fd3-8ed6-922a5cd18d12,0e54fd5f-8c83-5e32-83ef-de4c9b50c432,True,True
66af4ec3-aa5d-5ac1-97c2-27ef7319a318,60895cd8-ab9f-5ba6-8d43-19bf9b38583d,0e54fd5f-8c83-5e32-83ef-de4c9b50c432,True,True
66af4ec3-aa5d-5ac1-97c2-27ef7319a318,0c6f571d-cbe7-574b-978f-24dcb9def250,0e54fd5f-8c83-5e32-83ef-de4c9b50c432,True,True
66af4ec3-aa5d-5ac1-97c2-27ef7319a318,1515783e-0571-5826-ae8c-7240424ac6ae,0e54fd5f-8c83-5e32-83ef-de4c9b50c432,True,True
66af4ec3-aa5d-5ac1-97c2-27ef7319a318,36ab1005-0d36-55bf-8324-72b7392960b1,0e54fd5f-8c83-5e32-83ef-de4c9b50c432,True,True
66af4ec3-aa5d-5ac1-97c2-27ef7319a318,ab8ba796-00f8-5b3e-940a-e9e0751c1a95,0e54fd5f-8c83-5e32-83ef-de4c9b50c432,True,True
66af4ec3-aa5d-5ac1-97c2-27ef7319a318,a7ec51c8-b5ef-57b5-bd16-9f7d272b8279,0e54fd5f-8c83-5e32-83ef-de4c9b50c432,True,True
66af4ec3-aa5d-5ac1-97c2-27ef7319a318,3ba4105d-1c74-5e4a-bf14-658799a37216,0e54fd5f-8c83-5e32-83ef-de4c9b50c432,True,True
66af4ec3-aa5d-5ac1-97c2-27ef7319a318,359e96f5-f8c8-57eb-b72f-40d5cf8c468c,0e54fd5f-8c83-5e32-83ef-de4c9b50c432,True,True
66af4ec3-aa5d-5ac1-97c2-27ef7319a318,7ebec9cf-ef8b-5b31-b94c-cf4c770107ac,0e54fd5f-8c83-5e32-83ef-de4c9b50c432,True,True
66af4ec3-aa5d-5ac1-97c2-27ef7319a318,6183dce0-2e8a-5bc2-8697-09383f584eff,0e54fd5f-8c83-5e32-83ef-de4c9b50c432,True,True
66af4ec3-aa5d-5ac1-97c2-27ef7319a318,28252850-b657-52be-a5da-e88c708bee0f,0e54fd5f-8c83-5e32-83ef-de4c9b50c432,True,True
66af4ec3-aa5d-5ac1-97c2-27ef7319a318,cf4d7a6d-27da-594e-a12f-9a40ee84f0a9,0e54fd5f-8c83-5e32-83ef-de4c9b50c432,True,True
66af4ec3-aa5d-5ac1-97c2-27ef7319a318,6634e832-8d89-541a-af05-71894417c78c,0e54fd5f-8c83-5e32-83ef-de4c9b50c432,True,True
66af4ec3-aa5d-5ac1-97c2-27ef7319a318,1b71a1df-b765-5d50-8522-dfe00835772b,0e54fd5f-8c83-5e32-83ef-de4c9b50c432,True,True
66af4ec3-aa5d-5ac1-97c2-27ef7319a318,3a5125a9-5a60-52a1-8481-93437d45d5df,0e54fd5f-8c83-5e32-83ef-de4c9b50c432,True,True
66af4ec3-aa5d-5ac1-97c2-27ef7319a318,13dfecf6-3307-53fe-a614-049eec9dfee1,0e54fd5f-8c83-5e32-83ef-de4c9b50c432,True,True
66af4ec3-aa5d-5ac1-97c2-27ef7319a318,da8c6191-3174-5d86-b288-f03d8ce4a60a,0e54fd5f-8c83-5e32-83ef-de4c9b50c432,True,True
66af4ec3-aa5d-5ac1-97c2-27ef7319a318,0c524a62-c870-5f98-9ddf-7fb27a0d6f53,0e54fd5f-8c83-5e32-83ef-de4c9b50c432,True,True
66af4ec3-aa5d-5ac1-97c2-27ef7319a318,724f3eb7-805c-500b-abfc-de56cde4ee71,0e54fd5f-8c83-5e32-83ef-de4c9b50c432,True,True
66af4ec3-aa5d-5ac1-97c2-27ef7319a318,02e627e8-ffd9-55b5-a45f-32d0a1e5e52f,0e54fd5f-8c83-5e32-83ef-de4c9b50c432,True,True
66af4ec3-aa5d-5ac1-97c2-27ef7319a318,ee39d284-09aa-5233-b4aa-d5ccb382530c,0e54fd5f-8c83-5e32-83ef-de4c9b50c432,True,True
66af4ec3-aa5d-5ac1-97c2-27ef7319a318,40d977dd-2c0d-5da5-802c-b83da70cd090,0e54fd5f-8c83-5e32-83ef-de4c9b50c432,True,True
66af4ec3-aa5d-5ac1-97c2-27ef7319a318,0066f056-75ee-5d5f-8ecc-9f0966fd2bfb,0e54fd5f-8c83-5e32-83ef-de4c9b50c432,True,True
66af4ec3-aa5d-5ac1-97c2-27ef7319a318,2a6f39ba-c86c-53a1-8834-3c3f6c33f841,0e54fd5f-8c83-5e32-83ef-de4c9b50c432,True,True
66af4ec3-aa5d-5ac1-97c2-27ef7319a318,db80b3e9-dde2-5e34-b032-6e77ee49cbeb,0e54fd5f-8c83-5e32-83ef-de4c9b50c432,True,True
66af4ec3-aa5d-5ac1-97c2-27ef7319a318,5d509054-3e6b-5bfb-8cf8-2e6c961a5dd9,0e54fd5f-8c83-5e32-83ef-de4c9b50c432,True,True
66af4ec3-aa5d-5ac1-97c2-27ef7319a318,0bb88b57-0d13-5a86-856d-d1136cbff501,0e54fd5f-8c83-5e32-83ef-de4c9b50c432,True,True
66af4ec3-aa5d-5ac1-97c2-27ef7319a318,b37c9e8c-1ea5-5207-ab54-6238e6d074cd,0e54fd5f-8c83-5e32-83ef-de4c9b50c432,True,True
66af4ec3-aa5d-5ac1-97c2-27ef7319a318,39751d9f-8677-5b6b-89f5-e1ce88fad66e,0e54fd5f-8c83-5e32-83ef-de4c9b50c432,True,True
66af4ec3-aa5d-5ac1-97c2-27ef7319a318,5bea7a62-a62f-5fdf-b700-685bae2c7298,0e54fd5f-8c83-5e32-83ef-de4c9b50c432,True,True
66af4ec3-aa5d-5ac1-97c2-27ef7319a318,7420025f-4726-5289-b093-cf1a32285f8f,0e54fd5f-8c83-5e32-83ef-de4c9b50c432,True,True
66af4ec3-aa5d-5ac1-97c2-27ef7319a318,0c8c93ae-0d05-53bd-93eb-9cd0a0bf6e6e,0e54fd5f-8c83-5e32-83ef-de4c9b50c432,True,True
66af4ec3-aa5d-5ac1-97c2-27ef7319a318,3e246f02-c184-59af-b1c2-cc40cad31213,0e54fd5f-8c83-5e32-83ef-de4c9b50c432,True,True
66af4ec3-aa5d-5ac1-97c2-27ef7319a318,f8b9d60c-3f3e-586e-a6ab-7832a7ac9d5b,0ff7aefa-0ff4-5531-9487-3a4cb9e3bad9,True,True
66af4ec3-aa5d-5ac1-97c2-27ef7319a318,30c7e3c5-0946-596b-9311-33318fe78fa5,0ff7aefa-0ff4-5531-9487-3a4cb9e3bad9,True,True
66af4ec3-aa5d-5ac1-97c2-27ef7319a318,3cb9fe76-1734-5bc5-9f52-6ef4aed7f260,0ff7aefa-0ff4-5531-9487-3a4cb9e3bad9,True,True
66af4ec3-aa5d-5ac1-97c2-27ef7319a318,3883080c-cf3d-54e7-955a-717ceaff08ec,0ff7aefa-0ff4-5531-9487-3a4cb9e3bad9,True,True
66af4ec3-aa5d-5ac1-97c2-27ef7319a318,1f158b9c-9421-53a0-ba61-a08d943707e7,0ff7aefa-0ff4-5531-9487-3a4cb9e3bad9,True,True
66af4ec3-aa5d-5ac1-97c2-27ef7319a318,708c064f-d16e-5a49-846a-c7f75f686394,0ff7aefa-0ff4-5531-9487-3a4cb9e3bad9,True,True
66af4ec3-aa5d-5ac1-97c2-27ef7319a318,f8429ba1-b9ee-51ef-bf5d-afc24fd82eed,0ff7aefa-0ff4-5531-9487-3a4cb9e3bad9,True,True
66af4ec3-aa5d-5ac1-97c2-27ef7319a318,36b7de30-77a0-5e13-9727-2b0b43b585ce,0ff7aefa-0ff4-5531-9487-3a4cb9e3bad9,True,True
66af4ec3-aa5d-5ac1-97c2-27ef7319a318,6ea73157-09be-56b8-8c48-a62c36db9c9d,0ff7aefa-0ff4-5531-9487-3a4cb9e3bad9,True,True
66af4ec3-aa5d-5ac1-97c2-27ef7319a318,89ef97f4-d95f-5a83-a01e-f46ee6c65f77,0ff7aefa-0ff4-5531-9487-3a4cb9e3bad9,True,True
66af4ec3-aa5d-5ac1-97c2-27ef7319a318,88dfa72d-1947-5c5e-ac88-af1a0457c0a3,0ff7aefa-0ff4-5531-9487-3a4cb9e3bad9,True,True
66af4ec3-aa5d-5ac1-97c2-27ef7319a318,7bf5fd1a-0475-5f4a-8f4b-93252c0f3194,0ff7aefa-0ff4-5531-9487-3a4cb9e3bad9,True,True
66af4ec3-aa5d-5ac1-97c2-27ef7319a318,74f387d0-a98f-5366-851f-23a50471de52,0ff7aefa-0ff4-5531-9487-3a4cb9e3bad9,True,True
66af4ec3-aa5d-5ac1-97c2-27ef7319a318,57873562-7743-5442-9a67-970b2ea32702,0ff7aefa-0ff4-5531-9487-3a4cb9e3bad9,True,True
66af4ec3-aa5d-5ac1-97c2-27ef7319a318,23208efc-2fd6-50b9-bbdb-3e9b6fda6f84,0ff7aefa-0ff4-5531-9487-3a4cb9e3bad9,True,True
66af4ec3-aa5d-5ac1-97c2-27ef7319a318,9b895f44-0fec-512c-a4aa-42076cd013f0,0ff7aefa-0ff4-5531-9487-3a4cb9e3bad9,True,True
66af4ec3-aa5d-5ac1-97c2-27ef7319a318,4d2ebf98-fc4b-5523-bea3-e6b6b55b3a75,0ff7aefa-0ff4-5531-9487-3a4cb9e3bad9,True,True
66af4ec3-aa5d-5ac1-97c2-27ef7319a318,1286cac9-c3e0-5683-96ac-123232b49706,0ff7aefa-0ff4-5531-9487-3a4cb9e3bad9,True,True
66af4ec3-aa5d-5ac1-97c2-27ef7319a318,65fbd44b-700b-5a36-848e-61e4ceefe0b3,0ff7aefa-0ff4-5531-9487-3a4cb9e3bad9,True,True
66af4ec3-aa5d-5ac1-97c2-27ef7319a318,d7ce5f4e-d71c-5935-9401-55e06747282e,0ff7aefa-0ff4-5531-9487-3a4cb9e3bad9,True,True
66af4ec3-aa5d-5ac1-97c2-27ef7319a318,ff6ada49-8cbf-5f5e-aaa2-204b86eae9a6,0ff7aefa-0ff4-5531-9487-3a4cb9e3bad9,True,True
66af4ec3-aa5d-5ac1-97c2-27ef7319a318,c97db5ac-b2a9-54e0-9fad-957c8868019c,0ff7aefa-0ff4-5531-9487-3a4cb9e3bad9,True,True
66af4ec3-aa5d-5ac1-97c2-27ef7319a318,89f196bb-9fa2-5ea4-b2bf-7d665d092e3d,0ff7aefa-0ff4-5531-9487-3a4cb9e3bad9,True,True
66af4ec3-aa5d-5ac1-97c2-27ef7319a318,2561c4b7-e726-5f5b-90c1-35b9b981b7c6,0ff7aefa-0ff4-5531-9487-3a4cb9e3bad9,True,True
66af4ec3-aa5d-5ac1-97c2-27ef7319a318,ec3b7a68-d9c4-54b2-89d3-7429b2c7a999,0ff7aefa-0ff4-5531-9487-3a4cb9e3bad9,True,True
66af4ec3-aa5d-5ac1-97c2-27ef7319a318,d462e866-1bfe-57a9-b94b-d685f1227f9f,0ff7aefa-0ff4-5531-9487-3a4cb9e3bad9,True,True
66af4ec3-aa5d-5ac1-97c2-27ef7319a318,840d0037-4085-59f1-ae20-9d49fcfc3e68,0ff7aefa-0ff4-5531-9487-3a4cb9e3bad9,True,True
66af4ec3-aa5d-5ac1-97c2-27ef7319a318,f75e99ec-99f5-5fbf-a5ea-d75f325463b3,0ff7aefa-0ff4-5531-9487-3a4cb9e3bad9,True,True
66af4ec3-aa5d-5ac1-97c2-27ef7319a318,397fc9ec-8eda-5248-9510-5d233b9775b1,0ff7aefa-0ff4-5531-9487-3a4cb9e3bad9,True,True
66af4ec3-aa5d-5ac1-97c2-27ef7319a318,84dad746-42d1-5e96-8167-1a19e6f93534,0ff7aefa-0ff4-5531-9487-3a4cb9e3bad9,True,True
66af4ec3-aa5d-5ac1-97c2-27ef7319a318,719734f7-bce5-5178-aff0-422ddaaa6c28,0ff7aefa-0ff4-5531-9487-3a4cb9e3bad9,True,True
66af4ec3-aa5d-5ac1-97c2-27ef7319a318,14a25f9d-84c3-5350-beaa-d351d6799201,0ff7aefa-0ff4-5531-9487-3a4cb9e3bad9,True,True
66af4ec3-aa5d-5ac1-97c2-27ef7319a318,064e50a6-bcc8-5545-a4d0-bd73c8bfd16e,0ff7aefa-0ff4-5531-9487-3a4cb9e3bad9,True,True
66af4ec3-aa5d-5ac1-97c2-27ef7319a318,eadaab16-e804-5ed1-a56c-fcc81662e45d,0ff7aefa-0ff4-5531-9487-3a4cb9e3bad9,True,True
66af4ec3-aa5d-5ac1-97c2-27ef7319a318,90ed9427-aa78-530c-8d92-d73cfe1f132b,0ff7aefa-0ff4-5531-9487-3a4cb9e3bad9,True,True
66af4ec3-aa5d-5ac1-97c2-27ef7319a318,4abdb54d-6c02-5121-938f-88cdfe20046d,0ff7aefa-0ff4-5531-9487-3a4cb9e3bad9,True,True
66af4ec3-aa5d-5ac1-97c2-27ef7319a318,234e9ff1-8fc1-54bc-952b-53820c2484a2,0ff7aefa-0ff4-5531-9487-3a4cb9e3bad9,True,True
66af4ec3-aa5d-5ac1-97c2-27ef7319a318,a697e875-bae8-5682-b039-c5285c3f5361,0ff7aefa-0ff4-5531-9487-3a4cb9e3bad9,True,True
66af4ec3-aa5d-5ac1-97c2-27ef7319a318,aec114d7-2361-57fa-bb94-fd31243a903d,0ff7aefa-0ff4-5531-9487-3a4cb9e3bad9,True,True
66af4ec3-aa5d-5ac1-97c2-27ef7319a318,60620bee-2ecf-5cda-a4c6-c3a3477e6988,0ff7aefa-0ff4-5531-9487-3a4cb9e3bad9,True,True
66af4ec3-aa5d-5ac1-97c2-27ef7319a318,8f7eef46-8434-56cd-86fb-0e45b5aa49aa,0ff7aefa-0ff4-5531-9487-3a4cb9e3bad9,True,True
66af4ec3-aa5d-5ac1-97c2-27ef7319a318,245376e5-a99f-5b7e-9adc-432c90f1d8c3,0ff7aefa-0ff4-5531-9487-3a4cb9e3bad9,True,True
66af4ec3-aa5d-5ac1-97c2-27ef7319a318,e97a978b-587a-5fcb-99c2-cf9eb164e392,0ff7aefa-0ff4-5531-9487-3a4cb9e3bad9,True,True
66af4ec3-aa5d-5ac1-97c2-27ef7319a318,1b75e6ee-52cc-58b3-ac0b-aede8a7cce26,0ff7aefa-0ff4-5531-9487-3a4cb9e3bad9,True,True
66af4ec3-aa5d-5ac1-97c2-27ef7319a318,82e54262-3002-5df6-91b1-0385e0bcf288,0ff7aefa-0ff4-5531-9487-3a4cb9e3bad9,True,True
66af4ec3-aa5d-5ac1-97c2-27ef7319a318,a62680b3-7e92-50e6-9114-4d0c8e274ed4,0ff7aefa-0ff4-5531-9487-3a4cb9e3bad9,True,True
66af4ec3-aa5d-5ac1-97c2-27ef7319a318,44ca5732-38cd-513a-982f-bdf56390b5e7,0ff7aefa-0ff4-5531-9487-3a4cb9e3bad9,True,True
66af4ec3-aa5d-5ac1-97c2-27ef7319a318,da8505bb-1db2-527d-b00d-a1df51788bc1,0ff7aefa-0ff4-5531-9487-3a4cb9e3bad9,True,True
66af4ec3-aa5d-5ac1-97c2-27ef7319a318,49cae51d-2308-5ace-b883-efa68f923c2f,0ff7aefa-0ff4-5531-9487-3a4cb9e3bad9,True,True
66af4ec3-aa5d-5ac1-97c2-27ef7319a318,81b8231b-0a20-5040-895e-4f196746b5c4,0ff7aefa-0ff4-5531-9487-3a4cb9e3bad9,True,True
66af4ec3-aa5d-5ac1-97c2-27ef7319a318,3afa6d86-6c99-594d-958d-063bd7d7412f,0ff7aefa-0ff4-5531-9487-3a4cb9e3bad9,True,True
66af4ec3-aa5d-5ac1-97c2-27ef7319a318,f8f99dff-ac85-5f79-8675-d7db692db6c9,0ff7aefa-0ff4-5531-9487-3a4cb9e3bad9,True,True
66af4ec3-aa5d-5ac1-97c2-27ef7319a318,3d3c88cf-228c-5404-9572-4c09d8936e24,0ff7aefa-0ff4-5531-9487-3a4cb9e3bad9,True,True
66af4ec3-aa5d-5ac1-97c2-27ef7319a318,44d8941e-1fcd-5f33-af4f-98a50dfa9913,0ff7aefa-0ff4-5531-9487-3a4cb9e3bad9,True,True
66af4ec3-aa5d-5ac1-97c2-27ef7319a318,e3b17073-7ba7-52f3-ae95-134e9b294377,0ff7aefa-0ff4-5531-9487-3a4cb9e3bad9,True,True
66af4ec3-aa5d-5ac1-97c2-27ef7319a318,5f611ccd-7a14-5075-a570-99d5b8b8433c,0ff7aefa-0ff4-5531-9487-3a4cb9e3bad9,True,True
66af4ec3-aa5d-5ac1-97c2-27ef7319a318,bdc8690e-5a37-5be1-905f-15b92247b75d,0ff7aefa-0ff4-5531-9487-3a4cb9e3bad9,True,True
66af4ec3-aa5d-5ac1-97c2-27ef7319a318,12585a3e-5485-593d-a1c3-c455a3acf2eb,0ff7aefa-0ff4-5531-9487-3a4cb9e3bad9,True,True
66af4ec3-aa5d-5ac1-97c2-27ef7319a318,3d6f86b2-d7b3-528c-98c3-cb303759ac2e,0ff7aefa-0ff4-5531-9487-3a4cb9e3bad9,True,True
66af4ec3-aa5d-5ac1-97c2-27ef7319a318,fd3e589a-5165-527b-87a0-08a0dee696b6,0ff7aefa-0ff4-5531-9487-3a4cb9e3bad9,True,True
66af4ec3-aa5d-5ac1-97c2-27ef7319a318,3dadce90-2edb-5feb-aa59-2519999400a8,0ff7aefa-0ff4-5531-9487-3a4cb9e3bad9,True,True
66af4ec3-aa5d-5ac1-97c2-27ef7319a318,b0dda6d0-7f68-5a75-b4b6-c880dfc11fda,0ff7aefa-0ff4-5531-9487-3a4cb9e3bad9,True,True
66af4ec3-aa5d-5ac1-97c2-27ef7319a318,97499f06-9270-5ae5-a76e-5284e86add45,0ff7aefa-0ff4-5531-9487-3a4cb9e3bad9,True,True
66af4ec3-aa5d-5ac1-97c2-27ef7319a318,1da5a268-5253-57dc-8db0-e9fe9ab5f39b,0ff7aefa-0ff4-5531-9487-3a4cb9e3bad9,True,True
66af4ec3-aa5d-5ac1-97c2-27ef7319a318,c6e23893-0398-5c0a-9e13-4e7f80e74ccb,0ff7aefa-0ff4-5531-9487-3a4cb9e3bad9,True,True
66af4ec3-aa5d-5ac1-97c2-27ef7319a318,0f4c82d0-7fcf-564b-929a-f4e8e9ce9d8f,0ff7aefa-0ff4-5531-9487-3a4cb9e3bad9,True,True
66af4ec3-aa5d-5ac1-97c2-27ef7319a318,051693f3-8eda-5508-837a-23123ada913b,0ff7aefa-0ff4-5531-9487-3a4cb9e3bad9,True,True
66af4ec3-aa5d-5ac1-97c2-27ef7319a318,92473de0-f99f-5c9f-a1c8-6f54fb96cb83,0ff7aefa-0ff4-5531-9487-3a4cb9e3bad9,True,True
66af4ec3-aa5d-5ac1-97c2-27ef7319a318,350ad06d-32ad-507a-844b-b29334698880,0ff7aefa-0ff4-5531-9487-3a4cb9e3bad9,True,True
66af4ec3-aa5d-5ac1-97c2-27ef7319a318,2ce17ebe-fa3e-5585-bbea-65df4d1c4ff3,0ff7aefa-0ff4-5531-9487-3a4cb9e3bad9,True,True
66af4ec3-aa5d-5ac1-97c2-27ef7319a318,0bf2e8f1-9c10-5d5f-b126-5b2e7fa4cfd8,0ff7aefa-0ff4-5531-9487-3a4cb9e3bad9,True,True
66af4ec3-aa5d-5ac1-97c2-27ef7319a318,e314d63c-66a8-597f-9856-3e39400cbee5,0ff7aefa-0ff4-5531-9487-3a4cb9e3bad9,True,True
66af4ec3-aa5d-5ac1-97c2-27ef7319a318,54049b0e-172a-53cb-9978-64d141080d4b,0ff7aefa-0ff4-5531-9487-3a4cb9e3bad9,True,True
66af4ec3-aa5d-5ac1-97c2-27ef7319a318,68431ac8-a233-5a09-accc-c661b1218216,0ff7aefa-0ff4-5531-9487-3a4cb9e3bad9,True,True
66af4ec3-aa5d-5ac1-97c2-27ef7319a318,67eb9cf8-6852-546f-887a-e6475eb44cdb,0ff7aefa-0ff4-5531-9487-3a4cb9e3bad9,True,True
66af4ec3-aa5d-5ac1-97c2-27ef7319a318,7570512a-8c8f-5018-b178-056a0679d0ae,0ff7aefa-0ff4-5531-9487-3a4cb9e3bad9,True,True
66af4ec3-aa5d-5ac1-97c2-27ef7319a318,fee3dfd8-b4bd-5475-bdca-405699fa1146,0ff7aefa-0ff4-5531-9487-3a4cb9e3bad9,True,True
66af4ec3-aa5d-5ac1-97c2-27ef7319a318,5079ad51-0f88-5c2c-9369-134f470530ee,0ff7aefa-0ff4-5531-9487-3a4cb9e3bad9,True,True
66af4ec3-aa5d-5ac1-97c2-27ef7319a318,c79b1093-e01e-578c-8ad4-d9991e83a6fe,0ff7aefa-0ff4-5531-9487-3a4cb9e3bad9,True,True
66af4ec3-aa5d-5ac1-97c2-27ef7319a318,a51ef394-5907-5581-98e8-646c72d83525,0ff7aefa-0ff4-5531-9487-3a4cb9e3bad9,True,True
66af4ec3-aa5d-5ac1-97c2-27ef7319a318,fc93335d-758b-55ba-8cd1-f6e8468aa29d,0ff7aefa-0ff4-5531-9487-3a4cb9e3bad9,True,True
66af4ec3-aa5d-5ac1-97c2-27ef7319a318,eb460b68-75f3-5b1e-9083-2bdd95962870,0ff7aefa-0ff4-5531-9487-3a4cb9e3bad9,True,True
66af4ec3-aa5d-5ac1-97c2-27ef7319a318,2d9589eb-6360-5d51-a751-23e71fff3c29,0ff7aefa-0ff4-5531-9487-3a4cb9e3bad9,True,True
66af4ec3-aa5d-5ac1-97c2-27ef7319a318,8d788d39-8590-549b-86e0-e8f5f6558e91,0ff7aefa-0ff4-5531-9487-3a4cb9e3bad9,True,True
66af4ec3-aa5d-5ac1-97c2-27ef7319a318,43238e74-3ca3-599b-ac9a-ad57fb0ca85b,0ff7aefa-0ff4-5531-9487-3a4cb9e3bad9,True,True
66af4ec3-aa5d-5ac1-97c2-27ef7319a318,53735a7e-834e-5e45-aaa4-f9aecabc67a3,0ff7aefa-0ff4-5531-9487-3a4cb9e3bad9,True,True
66af4ec3-aa5d-5ac1-97c2-27ef7319a318,24bd15dd-29a2-54ab-9c6a-10a6b5fa9233,0ff7aefa-0ff4-5531-9487-3a4cb9e3bad9,True,True
66af4ec3-aa5d-5ac1-97c2-27ef7319a318,45491645-386b-5745-aa79-ca4f7ff3875d,0ff7aefa-0ff4-5531-9487-3a4cb9e3bad9,True,True
66af4ec3-aa5d-5ac1-97c2-27ef7319a318,ef5e9794-3bd7-5d74-bc82-95a5a294308e,0ff7aefa-0ff4-5531-9487-3a4cb9e3bad9,True,True
66af4ec3-aa5d-5ac1-97c2-27ef7319a318,48b19a24-d226-51f1-8e55-379b58f6ebfe,0ff7aefa-0ff4-5531-9487-3a4cb9e3bad9,True,True
66af4ec3-aa5d-5ac1-97c2-27ef7319a318,e0eeb1ac-f797-5ded-a4da-d8e199050c45,0ff7aefa-0ff4-5531-9487-3a4cb9e3bad9,True,True
66af4ec3-aa5d-5ac1-97c2-27ef7319a318,542498af-1e10-5419-af32-a52d60347466,1151fb1b-ca7f-5b8d-9473-06ebd456fac0,True,True
66af4ec3-aa5d-5ac1-97c2-27ef7319a318,2439fe19-fe0b-50a2-8a64-952650585d90,1151fb1b-ca7f-5b8d-9473-06ebd456fac0,True,True
66af4ec3-aa5d-5ac1-97c2-27ef7319a318,b6ba19d4-94d3-5ee1-8296-5e6bedb28ad0,1151fb1b-ca7f-5b8d-9473-06ebd456fac0,True,True
66af4ec3-aa5d-5ac1-97c2-27ef7319a318,dcaffbe8-a0c4-59f1-9222-45cc29a138c7,1151fb1b-ca7f-5b8d-9473-06ebd456fac0,True,True
66af4ec3-aa5d-5ac1-97c2-27ef7319a318,b0e998a1-d11d-534b-807a-ed037c180a6d,1151fb1b-ca7f-5b8d-9473-06ebd456fac0,True,True
66af4ec3-aa5d-5ac1-97c2-27ef7319a318,a442297f-d16a-5e54-ba75-04a8e05b7731,1151fb1b-ca7f-5b8d-9473-06ebd456fac0,True,True
66af4ec3-aa5d-5ac1-97c2-27ef7319a318,01ab408a-1eee-5136-bea8-d534e57a1d8c,1151fb1b-ca7f-5b8d-9473-06ebd456fac0,True,True
66af4ec3-aa5d-5ac1-97c2-27ef7319a318,d5b5d44e-540c-59ec-8a0c-de60a8784925,1151fb1b-ca7f-5b8d-9473-06ebd456fac0,True,True
66af4ec3-aa5d-5ac1-97c2-27ef7319a318,07b0e7de-7ecd-5b0a-a800-03cb3a2c0757,1151fb1b-ca7f-5b8d-9473-06ebd456fac0,True,True
66af4ec3-aa5d-5ac1-97c2-27ef7319a318,9d81e08a-715a-5465-8047-1fad978a6692,1151fb1b-ca7f-5b8d-9473-06ebd456fac0,True,True
66af4ec3-aa5d-5ac1-97c2-27ef7319a318,a330fa7e-2446-5f6d-b552-6fef70066f90,1151fb1b-ca7f-5b8d-9473-06ebd456fac0,True,True
66af4ec3-aa5d-5ac1-97c2-27ef7319a318,0f0ffe75-e99c-5037-ab70-f8ca641f2650,1151fb1b-ca7f-5b8d-9473-06ebd456fac0,True,True
66af4ec3-aa5d-5ac1-97c2-27ef7319a318,bc2e0337-5e03-5f63-9534-73522c6ccc64,1151fb1b-ca7f-5b8d-9473-06ebd456fac0,True,True
66af4ec3-aa5d-5ac1-97c2-27ef7319a318,2a7c3a80-6732-5875-8a6f-aa7ef6c89eae,1151fb1b-ca7f-5b8d-9473-06ebd456fac0,True,True
66af4ec3-aa5d-5ac1-97c2-27ef7319a318,fb468790-116f-50f2-a653-8350e91d1ec5,1151fb1b-ca7f-5b8d-9473-06ebd456fac0,True,True
66af4ec3-aa5d-5ac1-97c2-27ef7319a318,71eaa8fc-9b79-5d54-b56a-28326b205d02,1151fb1b-ca7f-5b8d-9473-06ebd456fac0,True,True
66af4ec3-aa5d-5ac1-97c2-27ef7319a318,2b968215-4a77-52a2-9234-db11aeb68662,1151fb1b-ca7f-5b8d-9473-06ebd456fac0,True,True
66af4ec3-aa5d-5ac1-97c2-27ef7319a318,61065970-c282-5176-aee4-6cc9c6564477,1151fb1b-ca7f-5b8d-9473-06ebd456fac0,True,True
66af4ec3-aa5d-5ac1-97c2-27ef7319a318,1a201547-cab6-54c1-b529-98a1ab9b517a,1151fb1b-ca7f-5b8d-9473-06ebd456fac0,True,True
66af4ec3-aa5d-5ac1-97c2-27ef7319a318,76a18722-a1a3-5b9c-8879-1bcec635124d,1151fb1b-ca7f-5b8d-9473-06ebd456fac0,True,True
66af4ec3-aa5d-5ac1-97c2-27ef7319a318,47741678-45f0-5311-a2e7-4b9d79680bf8,1151fb1b-ca7f-5b8d-9473-06ebd456fac0,True,True
66af4ec3-aa5d-5ac1-97c2-27ef7319a318,f37e1d34-52cd-5f5c-bad0-d62d43e5bad9,1151fb1b-ca7f-5b8d-9473-06ebd456fac0,True,True
66af4ec3-aa5d-5ac1-97c2-27ef7319a318,f611a2af-2862-5f4f-a6e3-17fafd727ca7,1151fb1b-ca7f-5b8d-9473-06ebd456fac0,True,True
66af4ec3-aa5d-5ac1-97c2-27ef7319a318,defd3c44-95b0-5336-99b1-8e84881f515e,1151fb1b-ca7f-5b8d-9473-06ebd456fac0,True,True
66af4ec3-aa5d-5ac1-97c2-27ef7319a318,311fa2a8-d901-5d15-952d-f81c5fa92228,1151fb1b-ca7f-5b8d-9473-06ebd456fac0,True,True
66af4ec3-aa5d-5ac1-97c2-27ef7319a318,6072a405-2e4a-5917-baaf-e02693d255e5,1151fb1b-ca7f-5b8d-9473-06ebd456fac0,True,True
66af4ec3-aa5d-5ac1-97c2-27ef7319a318,9fdd52cb-0916-5f9f-9371-8c651c265463,1151fb1b-ca7f-5b8d-9473-06ebd456fac0,True,True
66af4ec3-aa5d-5ac1-97c2-27ef7319a318,6bbc6259-a8a0-5f09-9737-e7bb0d0f840a,1151fb1b-ca7f-5b8d-9473-06ebd456fac0,True,True
66af4ec3-aa5d-5ac1-97c2-27ef7319a318,0712edfd-9adc-5f10-993f-f33e6273c310,1151fb1b-ca7f-5b8d-9473-06ebd456fac0,True,True
66af4ec3-aa5d-5ac1-97c2-27ef7319a318,a5a4077f-afc0-5622-bcc3-16c07c70495c,1151fb1b-ca7f-5b8d-9473-06ebd456fac0,True,True
66af4ec3-aa5d-5ac1-97c2-27ef7319a318,c8ff9177-06b9-53bd-b39c-83d2eac820fb,1151fb1b-ca7f-5b8d-9473-06ebd456fac0,True,True
66af4ec3-aa5d-5ac1-97c2-27ef7319a318,0c8aefa9-8e22-5f78-ac6c-41ee93b022f3,1151fb1b-ca7f-5b8d-9473-06ebd456fac0,True,True
66af4ec3-aa5d-5ac1-97c2-27ef7319a318,37e88f2d-92ae-5105-8b2b-79e65ad48dfe,1151fb1b-ca7f-5b8d-9473-06ebd456fac0,True,True
66af4ec3-aa5d-5ac1-97c2-27ef7319a318,0726a26b-708e-528e-8d47-271236cceaca,1151fb1b-ca7f-5b8d-9473-06ebd456fac0,True,True
66af4ec3-aa5d-5ac1-97c2-27ef7319a318,f1b1f25b-50d8-59a4-839f-67445e6ccc03,1151fb1b-ca7f-5b8d-9473-06ebd456fac0,True,True
66af4ec3-aa5d-5ac1-97c2-27ef7319a318,19a29af2-445d-56ca-8b5a-c14626a3da97,1151fb1b-ca7f-5b8d-9473-06ebd456fac0,True,True
66af4ec3-aa5d-5ac1-97c2-27ef7319a318,ac0f980e-e2f7-537c-a031-9008e0c3c11f,1151fb1b-ca7f-5b8d-9473-06ebd456fac0,True,True
66af4ec3-aa5d-5ac1-97c2-27ef7319a318,8204b38f-7863-5a35-94d5-d6ea4d882b8c,1151fb1b-ca7f-5b8d-9473-06ebd456fac0,True,True
66af4ec3-aa5d-5ac1-97c2-27ef7319a318,eb4bf140-a271-50f9-ac9a-c230274241a5,1151fb1b-ca7f-5b8d-9473-06ebd456fac0,True,True
66af4ec3-aa5d-5ac1-97c2-27ef7319a318,0e65d424-305e-5df3-829d-c5f855ba63a7,1151fb1b-ca7f-5b8d-9473-06ebd456fac0,True,True
66af4ec3-aa5d-5ac1-97c2-27ef7319a318,8aa1b05e-7f6d-51c4-af96-21dda1c5485a,1151fb1b-ca7f-5b8d-9473-06ebd456fac0,True,True
66af4ec3-aa5d-5ac1-97c2-27ef7319a318,58a1bfac-3f83-5008-95a3-1e42834b20ca,1151fb1b-ca7f-5b8d-9473-06ebd456fac0,True,True
66af4ec3-aa5d-5ac1-97c2-27ef7319a318,7eb44f22-4ba6-531d-b4f1-ffa19e18dd9b,1151fb1b-ca7f-5b8d-9473-06ebd456fac0,True,True
66af4ec3-aa5d-5ac1-97c2-27ef7319a318,3896ec8c-4fd4-58dd-8280-35fa9e934f27,1151fb1b-ca7f-5b8d-9473-06ebd456fac0,True,True
66af4ec3-aa5d-5ac1-97c2-27ef7319a318,489d2554-78a9-5753-99df-7eb308d85201,1151fb1b-ca7f-5b8d-9473-06ebd456fac0,True,True
66af4ec3-aa5d-5ac1-97c2-27ef7319a318,c70b0d00-2cc5-5d60-835d-7111249d80ff,1151fb1b-ca7f-5b8d-9473-06ebd456fac0,True,True
66af4ec3-aa5d-5ac1-97c2-27ef7319a318,c9620775-c34b-53fd-bb24-bfec47f1dba3,1151fb1b-ca7f-5b8d-9473-06ebd456fac0,True,True
66af4ec3-aa5d-5ac1-97c2-27ef7319a318,66b7bf71-8b4c-5ed8-a941-ae2aa14d034a,1151fb1b-ca7f-5b8d-9473-06ebd456fac0,True,True
66af4ec3-aa5d-5ac1-97c2-27ef7319a318,97cf5b9e-5831-5e69-a8c1-82e7983d1165,1151fb1b-ca7f-5b8d-9473-06ebd456fac0,True,True
66af4ec3-aa5d-5ac1-97c2-27ef7319a318,c535afa0-d273-5624-81f3-d907e360be35,1151fb1b-ca7f-5b8d-9473-06ebd456fac0,True,True
66af4ec3-aa5d-5ac1-97c2-27ef7319a318,2982cb1e-235a-5976-b636-19ea8e3663b4,1151fb1b-ca7f-5b8d-9473-06ebd456fac0,True,True
66af4ec3-aa5d-5ac1-97c2-27ef7319a318,89cf0909-f7b3-5970-a001-0bb487b2e5f9,1151fb1b-ca7f-5b8d-9473-06ebd456fac0,True,True
66af4ec3-aa5d-5ac1-97c2-27ef7319a318,6c7168c5-114e-51ef-ad59-7200f6040327,1151fb1b-ca7f-5b8d-9473-06ebd456fac0,True,True
66af4ec3-aa5d-5ac1-97c2-27ef7319a318,f53a743c-a0e3-5e68-a54d-9756f9d01b73,1151fb1b-ca7f-5b8d-9473-06ebd456fac0,True,True
66af4ec3-aa5d-5ac1-97c2-27ef7319a318,8adf0265-e545-5135-bcee-76421550ad1b,1151fb1b-ca7f-5b8d-9473-06ebd456fac0,True,True
66af4ec3-aa5d-5ac1-97c2-27ef7319a318,d4f8b33b-aea4-53d7-960b-7dc152377971,1151fb1b-ca7f-5b8d-9473-06ebd456fac0,True,True
66af4ec3-aa5d-5ac1-97c2-27ef7319a318,18f6ae8e-f2d0-5baa-b71d-8e208c70e537,1151fb1b-ca7f-5b8d-9473-06ebd456fac0,True,True
66af4ec3-aa5d-5ac1-97c2-27ef7319a318,8df07cc1-c3d6-5c6a-8880-d17d02860719,1151fb1b-ca7f-5b8d-9473-06ebd456fac0,True,True
66af4ec3-aa5d-5ac1-97c2-27ef7319a318,f3745c01-0f38-5517-b35f-e5d2fe07b23d,1151fb1b-ca7f-5b8d-9473-06ebd456fac0,True,True
66af4ec3-aa5d-5ac1-97c2-27ef7319a318,10cb670f-16cd-5532-930d-dbcd66b2e987,1151fb1b-ca7f-5b8d-9473-06ebd456fac0,True,True
66af4ec3-aa5d-5ac1-97c2-27ef7319a318,08dfea24-9a16-571e-954d-6bf32e6a6a5e,1151fb1b-ca7f-5b8d-9473-06ebd456fac0,True,True
66af4ec3-aa5d-5ac1-97c2-27ef7319a318,28d02185-ceea-57dc-b1f9-02d89eb9574f,1151fb1b-ca7f-5b8d-9473-06ebd456fac0,True,True
66af4ec3-aa5d-5ac1-97c2-27ef7319a318,b579b743-9baf-5c6d-94f4-059448f9d3d2,1151fb1b-ca7f-5b8d-9473-06ebd456fac0,True,True
66af4ec3-aa5d-5ac1-97c2-27ef7319a318,2bbdbabc-9f01-5d95-8724-b0b0d113c923,1151fb1b-ca7f-5b8d-9473-06ebd456fac0,True,True
66af4ec3-aa5d-5ac1-97c2-27ef7319a318,a6371038-ab6a-5052-b569-a274d9059ee1,1151fb1b-ca7f-5b8d-9473-06ebd456fac0,True,True
66af4ec3-aa5d-5ac1-97c2-27ef7319a318,6136f463-37de-5404-b4d1-e53bd11d9833,1151fb1b-ca7f-5b8d-9473-06ebd456fac0,True,True
66af4ec3-aa5d-5ac1-97c2-27ef7319a318,30c60912-dece-5d39-b57f-ddc514e6f9f7,1151fb1b-ca7f-5b8d-9473-06ebd456fac0,True,True
66af4ec3-aa5d-5ac1-97c2-27ef7319a318,f2c2f158-cb0b-5786-b7f6-7ee3b4ec0522,1151fb1b-ca7f-5b8d-9473-06ebd456fac0,True,True
66af4ec3-aa5d-5ac1-97c2-27ef7319a318,21f4a3bb-ff4f-5273-b091-3c9d63040de8,1151fb1b-ca7f-5b8d-9473-06ebd456fac0,True,True
66af4ec3-aa5d-5ac1-97c2-27ef7319a318,cfc5b932-2700-5603-b439-18ff3358a8a8,1151fb1b-ca7f-5b8d-9473-06ebd456fac0,True,True
66af4ec3-aa5d-5ac1-97c2-27ef7319a318,0dbb61a1-6b0b-57f1-a31a-e7ef8d60e877,1151fb1b-ca7f-5b8d-9473-06ebd456fac0,True,True
66af4ec3-aa5d-5ac1-97c2-27ef7319a318,b00cb108-2da8-58f2-b7a5-ed8d1dfebc10,1151fb1b-ca7f-5b8d-9473-06ebd456fac0,True,True
66af4ec3-aa5d-5ac1-97c2-27ef7319a318,75e462f1-8d5f-5a4b-8754-ffb334d3b58f,1151fb1b-ca7f-5b8d-9473-06ebd456fac0,True,True
66af4ec3-aa5d-5ac1-97c2-27ef7319a318,3ef9d9c1-ac00-5c02-a976-b608b7547d0a,1151fb1b-ca7f-5b8d-9473-06ebd456fac0,True,True
66af4ec3-aa5d-5ac1-97c2-27ef7319a318,360be160-7a69-5b62-9c54-2e82fabe6a04,1151fb1b-ca7f-5b8d-9473-06ebd456fac0,True,True
66af4ec3-aa5d-5ac1-97c2-27ef7319a318,8a938b41-f585-5445-8bc2-24807a0f2370,1151fb1b-ca7f-5b8d-9473-06ebd456fac0,True,True
66af4ec3-aa5d-5ac1-97c2-27ef7319a318,ca2353d1-e3ae-56ce-b3bc-9199665d6979,1151fb1b-ca7f-5b8d-9473-06ebd456fac0,True,True
66af4ec3-aa5d-5ac1-97c2-27ef7319a318,dbff593e-d14f-5521-9503-2d15784e502d,1151fb1b-ca7f-5b8d-9473-06ebd456fac0,True,True
66af4ec3-aa5d-5ac1-97c2-27ef7319a318,c8b0355f-c53a-54aa-8af2-e6162c3200bb,1151fb1b-ca7f-5b8d-9473-06ebd456fac0,True,True
66af4ec3-aa5d-5ac1-97c2-27ef7319a318,b71fd957-9282-5772-a405-ef15f968ce46,1151fb1b-ca7f-5b8d-9473-06ebd456fac0,True,True
66af4ec3-aa5d-5ac1-97c2-27ef7319a318,c8b57558-b8bc-529d-a293-12f7b0938d92,1151fb1b-ca7f-5b8d-9473-06ebd456fac0,True,True
66af4ec3-aa5d-5ac1-97c2-27ef7319a318,cd4dab88-bc09-510b-a6e2-8b820a74160f,1151fb1b-ca7f-5b8d-9473-06ebd456fac0,True,True
66af4ec3-aa5d-5ac1-97c2-27ef7319a318,c8f4ab7e-1b3c-5cae-8fe6-ca4a4ad25d43,1151fb1b-ca7f-5b8d-9473-06ebd456fac0,True,True
66af4ec3-aa5d-5ac1-97c2-27ef7319a318,7a0dddf7-c885-5dfd-95e8-6df040f41c1d,1151fb1b-ca7f-5b8d-9473-06ebd456fac0,True,True
66af4ec3-aa5d-5ac1-97c2-27ef7319a318,4b465360-f1f2-5b8b-a78a-1dff5e23513f,1151fb1b-ca7f-5b8d-9473-06ebd456fac0,True,True
66af4ec3-aa5d-5ac1-97c2-27ef7319a318,88874eff-c0a2-5e4b-b28b-b8fbddf04a12,1151fb1b-ca7f-5b8d-9473-06ebd456fac0,True,True
66af4ec3-aa5d-5ac1-97c2-27ef7319a318,2837776c-b019-59f0-90d4-2e6599575c57,1151fb1b-ca7f-5b8d-9473-06ebd456fac0,True,True
66af4ec3-aa5d-5ac1-97c2-27ef7319a318,e9afa3f6-47cc-5510-97f9-edb2e8b4fce3,1151fb1b-ca7f-5b8d-9473-06ebd456fac0,True,True
66af4ec3-aa5d-5ac1-97c2-27ef7319a318,847d18cb-2697-5b4f-a68c-7e83b028e8e1,1151fb1b-ca7f-5b8d-9473-06ebd456fac0,True,True
66af4ec3-aa5d-5ac1-97c2-27ef7319a318,89ada790-4269-5f30-9960-ebd54e857920,1151fb1b-ca7f-5b8d-9473-06ebd456fac0,True,True
66af4ec3-aa5d-5ac1-97c2-27ef7319a318,5668493f-65f7-55b7-b9e2-448930d038ee,1151fb1b-ca7f-5b8d-9473-06ebd456fac0,True,True
66af4ec3-aa5d-5ac1-97c2-27ef7319a318,511d6084-4f79-5bdb-9500-37d0fb1d4bd4,1151fb1b-ca7f-5b8d-9473-06ebd456fac0,True,True
66af4ec3-aa5d-5ac1-97c2-27ef7319a318,8254eb0e-1dcd-5f31-a7ec-864cb40b2682,1151fb1b-ca7f-5b8d-9473-06ebd456fac0,True,True
66af4ec3-aa5d-5ac1-97c2-27ef7319a318,8dcac87a-3def-5ce7-acc7-74b0e0f03c07,1151fb1b-ca7f-5b8d-9473-06ebd456fac0,True,True
66af4ec3-aa5d-5ac1-97c2-27ef7319a318,61ba79aa-85f4-5077-a966-8d20c774303c,1151fb1b-ca7f-5b8d-9473-06ebd456fac0,True,True
66af4ec3-aa5d-5ac1-97c2-27ef7319a318,cdea6d5c-b1ed-5522-affc-4325059d5c08,1151fb1b-ca7f-5b8d-9473-06ebd456fac0,True,True
66af4ec3-aa5d-5ac1-97c2-27ef7319a318,9274c645-a4f1-576d-9cbf-3d4bef3b0116,1151fb1b-ca7f-5b8d-9473-06ebd456fac0,True,True
66af4ec3-aa5d-5ac1-97c2-27ef7319a318,5e9f5e13-bbd9-5210-85ce-4f234cec9882,1151fb1b-ca7f-5b8d-9473-06ebd456fac0,True,True
66af4ec3-aa5d-5ac1-97c2-27ef7319a318,a8f041f7-6709-575f-ad6a-aebe1cfecbb4,1151fb1b-ca7f-5b8d-9473-06ebd456fac0,True,True
66af4ec3-aa5d-5ac1-97c2-27ef7319a318,60722fcb-7018-526a-b237-da3260ae7947,1151fb1b-ca7f-5b8d-9473-06ebd456fac0,True,True
66af4ec3-aa5d-5ac1-97c2-27ef7319a318,5f9a7bb0-18bf-58b3-90bb-9024978257d9,1151fb1b-ca7f-5b8d-9473-06ebd456fac0,True,True
66af4ec3-aa5d-5ac1-97c2-27ef7319a318,9719fe70-23bf-50ce-82ec-45d09e033e13,1151fb1b-ca7f-5b8d-9473-06ebd456fac0,True,True
66af4ec3-aa5d-5ac1-97c2-27ef7319a318,a36bcbe4-16fe-5d24-b859-953edd5a5322,1151fb1b-ca7f-5b8d-9473-06ebd456fac0,True,True
66af4ec3-aa5d-5ac1-97c2-27ef7319a318,a8325791-bfae-52e7-b6a1-7fc4f30ab31b,1151fb1b-ca7f-5b8d-9473-06ebd456fac0,True,True
66af4ec3-aa5d-5ac1-97c2-27ef7319a318,a7b6be83-0252-587f-b5c5-a74e122e5bda,1151fb1b-ca7f-5b8d-9473-06ebd456fac0,True,True
66af4ec3-aa5d-5ac1-97c2-27ef7319a318,89128ff8-7719-596d-b6db-891c15fd228d,1151fb1b-ca7f-5b8d-9473-06ebd456fac0,True,True
66af4ec3-aa5d-5ac1-97c2-27ef7319a318,b15e0a1d-cf17-573c-aee4-ec46816fdc7e,1151fb1b-ca7f-5b8d-9473-06ebd456fac0,True,True
66af4ec3-aa5d-5ac1-97c2-27ef7319a318,a0a9aa0a-7dd9-5955-a91b-e6865fcd8c25,1151fb1b-ca7f-5b8d-9473-06ebd456fac0,True,True
66af4ec3-aa5d-5ac1-97c2-27ef7319a318,4d221ca6-4ea9-5202-9344-2208172ba6d2,1151fb1b-ca7f-5b8d-9473-06ebd456fac0,True,True
66af4ec3-aa5d-5ac1-97c2-27ef7319a318,7ebf8e83-8240-56ac-9b37-74d94c9be325,1151fb1b-ca7f-5b8d-9473-06ebd456fac0,True,True
66af4ec3-aa5d-5ac1-97c2-27ef7319a318,d008beca-d169-5101-ae2e-f89355205100,1151fb1b-ca7f-5b8d-9473-06ebd456fac0,True,True
66af4ec3-aa5d-5ac1-97c2-27ef7319a318,85879b30-840c-5784-9f1e-4b1ab4d08c44,1151fb1b-ca7f-5b8d-9473-06ebd456fac0,True,True
66af4ec3-aa5d-5ac1-97c2-27ef7319a318,ea52a9ab-5a87-59b2-820f-cf228b675f7f,1151fb1b-ca7f-5b8d-9473-06ebd456fac0,True,True
66af4ec3-aa5d-5ac1-97c2-27ef7319a318,38922e36-11dc-542e-b7c9-c12988c376a8,1151fb1b-ca7f-5b8d-9473-06ebd456fac0,True,True
66af4ec3-aa5d-5ac1-97c2-27ef7319a318,604daa29-c92e-560e-ae28-5e8b848d5be2,1151fb1b-ca7f-5b8d-9473-06ebd456fac0,True,True
66af4ec3-aa5d-5ac1-97c2-27ef7319a318,affd716a-56fa-544f-b7c5-b94ff43ecff8,1151fb1b-ca7f-5b8d-9473-06ebd456fac0,True,True
66af4ec3-aa5d-5ac1-97c2-27ef7319a318,1fa189fd-90b5-5db7-b6f7-a87c41678f89,1151fb1b-ca7f-5b8d-9473-06ebd456fac0,True,True
66af4ec3-aa5d-5ac1-97c2-27ef7319a318,f8bcc037-7cc0-52d7-8a3c-64fec2d22249,1151fb1b-ca7f-5b8d-9473-06ebd456fac0,True,True
66af4ec3-aa5d-5ac1-97c2-27ef7319a318,d6d81405-3391-576f-9cbf-2afdfc3a0b85,1151fb1b-ca7f-5b8d-9473-06ebd456fac0,True,True
66af4ec3-aa5d-5ac1-97c2-27ef7319a318,c8de5732-a0fc-5788-9561-e3d06898a243,1151fb1b-ca7f-5b8d-9473-06ebd456fac0,True,True
66af4ec3-aa5d-5ac1-97c2-27ef7319a318,3cb1f4fd-3539-5aae-9bd8-f7c67b8339da,1151fb1b-ca7f-5b8d-9473-06ebd456fac0,True,True
66af4ec3-aa5d-5ac1-97c2-27ef7319a318,1b7d193b-9b2a-5fc0-ab60-90a5af77fbcf,1151fb1b-ca7f-5b8d-9473-06ebd456fac0,True,True
66af4ec3-aa5d-5ac1-97c2-27ef7319a318,c8838385-7575-5b03-ba97-ac617dcd3aea,1151fb1b-ca7f-5b8d-9473-06ebd456fac0,True,True
66af4ec3-aa5d-5ac1-97c2-27ef7319a318,4ffd8ce8-8550-5a41-b41e-b2a1bda36cb5,1151fb1b-ca7f-5b8d-9473-06ebd456fac0,True,True
66af4ec3-aa5d-5ac1-97c2-27ef7319a318,28c150b4-170b-533a-af3b-4be3df7d61d5,1151fb1b-ca7f-5b8d-9473-06ebd456fac0,True,True
66af4ec3-aa5d-5ac1-97c2-27ef7319a318,83fbaa3a-fcfa-586e-9d32-9ad5cf14f6e4,1151fb1b-ca7f-5b8d-9473-06ebd456fac0,True,True
66af4ec3-aa5d-5ac1-97c2-27ef7319a318,20fad498-093e-5b3d-b621-eee181188365,1151fb1b-ca7f-5b8d-9473-06ebd456fac0,True,True
66af4ec3-aa5d-5ac1-97c2-27ef7319a318,b332053c-6974-553c-bfc8-2bb9f8f8827d,1151fb1b-ca7f-5b8d-9473-06ebd456fac0,True,True
66af4ec3-aa5d-5ac1-97c2-27ef7319a318,0191ca98-8550-5065-be5b-39d2b4dcb67c,1151fb1b-ca7f-5b8d-9473-06ebd456fac0,True,True
66af4ec3-aa5d-5ac1-97c2-27ef7319a318,cb81d363-83a1-5556-8ada-5e8cfef940b0,1151fb1b-ca7f-5b8d-9473-06ebd456fac0,True,True
66af4ec3-aa5d-5ac1-97c2-27ef7319a318,c5be4bc8-854f-5a86-993d-6d6534802319,1151fb1b-ca7f-5b8d-9473-06ebd456fac0,True,True
66af4ec3-aa5d-5ac1-97c2-27ef7319a318,55c0e4ac-9f78-514d-aad0-98bd0235febb,1151fb1b-ca7f-5b8d-9473-06ebd456fac0,True,True
66af4ec3-aa5d-5ac1-97c2-27ef7319a318,a82daadf-aa44-59c6-930b-e231e73a11a4,1151fb1b-ca7f-5b8d-9473-06ebd456fac0,True,True
66af4ec3-aa5d-5ac1-97c2-27ef7319a318,0dc9c3c4-aa26-5a51-b39a-07ddd42af6ac,1151fb1b-ca7f-5b8d-9473-06ebd456fac0,True,True
66af4ec3-aa5d-5ac1-97c2-27ef7319a318,aebb7a3f-75b4-5683-beba-3349cfed1fa5,1151fb1b-ca7f-5b8d-9473-06ebd456fac0,True,True
66af4ec3-aa5d-5ac1-97c2-27ef7319a318,4e3e154c-8d0f-5383-b232-d1d8206b03de,1151fb1b-ca7f-5b8d-9473-06ebd456fac0,True,True
66af4ec3-aa5d-5ac1-97c2-27ef7319a318,2aea2551-7538-5ec4-af32-2e96e0ae9621,1151fb1b-ca7f-5b8d-9473-06ebd456fac0,True,True
66af4ec3-aa5d-5ac1-97c2-27ef7319a318,bf0724ed-2054-549a-bf8b-ebc414d2c9e6,1151fb1b-ca7f-5b8d-9473-06ebd456fac0,True,True
66af4ec3-aa5d-5ac1-97c2-27ef7319a318,b68dd4dd-6ef7-57b5-bf7f-dea05f3ae083,1151fb1b-ca7f-5b8d-9473-06ebd456fac0,True,True
66af4ec3-aa5d-5ac1-97c2-27ef7319a318,aa33f863-939f-5a09-a7a9-2df83b82cce8,1151fb1b-ca7f-5b8d-9473-06ebd456fac0,True,True
66af4ec3-aa5d-5ac1-97c2-27ef7319a318,170bcc22-8318-5d57-a5ff-d3d5db397916,1151fb1b-ca7f-5b8d-9473-06ebd456fac0,True,True
66af4ec3-aa5d-5ac1-97c2-27ef7319a318,4a813159-c4c4-5c9c-88a7-27f55cf68c45,1151fb1b-ca7f-5b8d-9473-06ebd456fac0,True,True
66af4ec3-aa5d-5ac1-97c2-27ef7319a318,736b77a5-cfe1-5db4-abe4-f19ea007d4aa,1151fb1b-ca7f-5b8d-9473-06ebd456fac0,True,True
66af4ec3-aa5d-5ac1-97c2-27ef7319a318,4cbfc3ea-972d-534b-8f72-cb2393e2f9c2,1151fb1b-ca7f-5b8d-9473-06ebd456fac0,True,True
66af4ec3-aa5d-5ac1-97c2-27ef7319a318,59289b9b-9819-5e0d-82ed-2e656a5c9e9d,1151fb1b-ca7f-5b8d-9473-06ebd456fac0,True,True
66af4ec3-aa5d-5ac1-97c2-27ef7319a318,bec53d17-8515-50b8-aa78-916836b5279b,1151fb1b-ca7f-5b8d-9473-06ebd456fac0,True,True
66af4ec3-aa5d-5ac1-97c2-27ef7319a318,2d9578f4-16b4-5b52-b8c1-cfad1957c68f,1151fb1b-ca7f-5b8d-9473-06ebd456fac0,True,True
66af4ec3-aa5d-5ac1-97c2-27ef7319a318,1ad1d735-c4f5-5b04-9005-524b1fc7eda5,1151fb1b-ca7f-5b8d-9473-06ebd456fac0,True,True
66af4ec3-aa5d-5ac1-97c2-27ef7319a318,48768300-926a-5b64-bd70-293fb322d3b1,1151fb1b-ca7f-5b8d-9473-06ebd456fac0,True,True
66af4ec3-aa5d-5ac1-97c2-27ef7319a318,ee71028c-a377-5b13-9209-6184e49bbbbe,1151fb1b-ca7f-5b8d-9473-06ebd456fac0,True,True
66af4ec3-aa5d-5ac1-97c2-27ef7319a318,0614dfce-9d81-5de5-9490-9246d90fbedb,1151fb1b-ca7f-5b8d-9473-06ebd456fac0,True,True
66af4ec3-aa5d-5ac1-97c2-27ef7319a318,6d840b9d-ce5c-5408-8f45-964616dbd0f9,1151fb1b-ca7f-5b8d-9473-06ebd456fac0,True,True
66af4ec3-aa5d-5ac1-97c2-27ef7319a318,15993566-1d7c-554b-b568-609d8e0943d3,1151fb1b-ca7f-5b8d-9473-06ebd456fac0,True,True
66af4ec3-aa5d-5ac1-97c2-27ef7319a318,b787a938-9b77-5afa-bb08-9658a3d25696,1151fb1b-ca7f-5b8d-9473-06ebd456fac0,True,True
66af4ec3-aa5d-5ac1-97c2-27ef7319a318,6f4b1b5c-2c04-58a8-8f7a-7afa361a6809,1151fb1b-ca7f-5b8d-9473-06ebd456fac0,True,True
66af4ec3-aa5d-5ac1-97c2-27ef7319a318,327c8eea-cfbd-50d7-ac62-e7acd7718f89,1151fb1b-ca7f-5b8d-9473-06ebd456fac0,True,True
66af4ec3-aa5d-5ac1-97c2-27ef7319a318,356712da-248d-54d9-b571-24b8978f417f,1151fb1b-ca7f-5b8d-9473-06ebd456fac0,True,True
66af4ec3-aa5d-5ac1-97c2-27ef7319a318,a58d41ab-8985-5203-b0e2-767182616f43,1151fb1b-ca7f-5b8d-9473-06ebd456fac0,True,True
66af4ec3-aa5d-5ac1-97c2-27ef7319a318,805ad8b1-a959-5d0d-8a99-427f62ddd857,1151fb1b-ca7f-5b8d-9473-06ebd456fac0,True,True
66af4ec3-aa5d-5ac1-97c2-27ef7319a318,1288916e-3374-556a-9884-ba9d27147e8e,1151fb1b-ca7f-5b8d-9473-06ebd456fac0,True,True
66af4ec3-aa5d-5ac1-97c2-27ef7319a318,a26c1b69-4773-5754-9094-9f11b314f511,1151fb1b-ca7f-5b8d-9473-06ebd456fac0,True,True
66af4ec3-aa5d-5ac1-97c2-27ef7319a318,10e2067a-43c5-5446-9965-cc882ed02fc6,1151fb1b-ca7f-5b8d-9473-06ebd456fac0,True,True
66af4ec3-aa5d-5ac1-97c2-27ef7319a318,3bcc9ec8-e173-5f27-a4c0-412fda384b7c,1151fb1b-ca7f-5b8d-9473-06ebd456fac0,True,True
66af4ec3-aa5d-5ac1-97c2-27ef7319a318,463bdd41-77a0-55cc-9084-93a85605675d,1151fb1b-ca7f-5b8d-9473-06ebd456fac0,True,True
66af4ec3-aa5d-5ac1-97c2-27ef7319a318,fbea6c1b-367a-5878-a810-60f90ffd13da,1151fb1b-ca7f-5b8d-9473-06ebd456fac0,True,True
66af4ec3-aa5d-5ac1-97c2-27ef7319a318,0d29086b-e16a-560c-a663-67f8a03f7d11,1151fb1b-ca7f-5b8d-9473-06ebd456fac0,True,True
66af4ec3-aa5d-5ac1-97c2-27ef7319a318,40de12e9-fd82-55a0-a7c2-7da1303b8456,1151fb1b-ca7f-5b8d-9473-06ebd456fac0,True,True
66af4ec3-aa5d-5ac1-97c2-27ef7319a318,2ea5af1b-615f-5a3a-b2fd-8a721a5b66a7,1151fb1b-ca7f-5b8d-9473-06ebd456fac0,True,True
66af4ec3-aa5d-5ac1-97c2-27ef7319a318,a96529f8-5093-5d4a-b8bd-98c61649c256,1151fb1b-ca7f-5b8d-9473-06ebd456fac0,True,True
66af4ec3-aa5d-5ac1-97c2-27ef7319a318,ae506066-fcbc-5dbd-984d-548283653b8b,1151fb1b-ca7f-5b8d-9473-06ebd456fac0,True,True
66af4ec3-aa5d-5ac1-97c2-27ef7319a318,74910e3d-7538-5ea6-afb5-6774ed24ffaf,1151fb1b-ca7f-5b8d-9473-06ebd456fac0,True,True
66af4ec3-aa5d-5ac1-97c2-27ef7319a318,88d78c82-7966-596e-8946-3180f5b4d755,1151fb1b-ca7f-5b8d-9473-06ebd456fac0,True,True
66af4ec3-aa5d-5ac1-97c2-27ef7319a318,40847110-c3a7-5484-bb78-9e7744a554bf,1151fb1b-ca7f-5b8d-9473-06ebd456fac0,True,True
66af4ec3-aa5d-5ac1-97c2-27ef7319a318,4b25c7f5-f6ca-5e1e-8a11-6343c9a00a3e,1151fb1b-ca7f-5b8d-9473-06ebd456fac0,True,True
66af4ec3-aa5d-5ac1-97c2-27ef7319a318,7257a58d-5659-561a-9093-2d0d543e224c,1151fb1b-ca7f-5b8d-9473-06ebd456fac0,True,True
66af4ec3-aa5d-5ac1-97c2-27ef7319a318,a8397407-e8c0-5818-a901-e4fdbc8f0e89,1151fb1b-ca7f-5b8d-9473-06ebd456fac0,True,True
66af4ec3-aa5d-5ac1-97c2-27ef7319a318,eeac4759-26df-50bf-9227-f6ef3607851a,1151fb1b-ca7f-5b8d-9473-06ebd456fac0,True,True
66af4ec3-aa5d-5ac1-97c2-27ef7319a318,6ca2ad25-4713-5ed0-8e18-903f243eda1c,1151fb1b-ca7f-5b8d-9473-06ebd456fac0,True,True
66af4ec3-aa5d-5ac1-97c2-27ef7319a318,443b40fc-7e99-5039-ac4b-970106dc49f6,1151fb1b-ca7f-5b8d-9473-06ebd456fac0,True,True
66af4ec3-aa5d-5ac1-97c2-27ef7319a318,f5ef4ffc-64ed-51fe-b490-4a7a793248cc,1151fb1b-ca7f-5b8d-9473-06ebd456fac0,True,True
66af4ec3-aa5d-5ac1-97c2-27ef7319a318,78781af9-fc94-5327-8219-c8a28dcfa42d,1151fb1b-ca7f-5b8d-9473-06ebd456fac0,True,True
66af4ec3-aa5d-5ac1-97c2-27ef7319a318,4118071e-7ac1-56a5-b050-f5c201bc2229,1151fb1b-ca7f-5b8d-9473-06ebd456fac0,True,True
66af4ec3-aa5d-5ac1-97c2-27ef7319a318,4714cd1e-402a-5d03-a556-e444e3a1f978,1151fb1b-ca7f-5b8d-9473-06ebd456fac0,True,True
66af4ec3-aa5d-5ac1-97c2-27ef7319a318,7f938e40-d905-5c32-aabe-919b03a3fc5a,1151fb1b-ca7f-5b8d-9473-06ebd456fac0,True,True
66af4ec3-aa5d-5ac1-97c2-27ef7319a318,215fbe81-e60d-5b42-a6b8-b4a0db005e5c,1151fb1b-ca7f-5b8d-9473-06ebd456fac0,True,True
66af4ec3-aa5d-5ac1-97c2-27ef7319a318,381455cb-1509-51b6-bbdd-02495cec503b,1151fb1b-ca7f-5b8d-9473-06ebd456fac0,True,True
66af4ec3-aa5d-5ac1-97c2-27ef7319a318,3d399558-b55e-5fc3-b596-7f515fe1a501,1151fb1b-ca7f-5b8d-9473-06ebd456fac0,True,True
66af4ec3-aa5d-5ac1-97c2-27ef7319a318,e3cc581b-02ee-545d-8dca-2f800aa9c6fc,1151fb1b-ca7f-5b8d-9473-06ebd456fac0,True,True
66af4ec3-aa5d-5ac1-97c2-27ef7319a318,bb0e0a22-106c-5a4d-8d46-5da5cc39a774,1151fb1b-ca7f-5b8d-9473-06ebd456fac0,True,True
66af4ec3-aa5d-5ac1-97c2-27ef7319a318,3c242840-c3f0-52d1-b554-2f453da35b7a,1151fb1b-ca7f-5b8d-9473-06ebd456fac0,True,True
66af4ec3-aa5d-5ac1-97c2-27ef7319a318,02750bdf-842d-5de6-a115-7a2accf73871,1151fb1b-ca7f-5b8d-9473-06ebd456fac0,True,True
66af4ec3-aa5d-5ac1-97c2-27ef7319a318,0593171d-7109-5093-bb64-59cae50a4ea4,1151fb1b-ca7f-5b8d-9473-06ebd456fac0,True,True
66af4ec3-aa5d-5ac1-97c2-27ef7319a318,a7a79045-a397-5bc6-b587-1ef8af041351,1151fb1b-ca7f-5b8d-9473-06ebd456fac0,True,True
66af4ec3-aa5d-5ac1-97c2-27ef7319a318,6773844b-9a4e-5a9f-aac8-19afc69aa068,1151fb1b-ca7f-5b8d-9473-06ebd456fac0,True,True
66af4ec3-aa5d-5ac1-97c2-27ef7319a318,4d8a6181-eb9c-5b2e-8480-5159be6a4972,1151fb1b-ca7f-5b8d-9473-06ebd456fac0,True,True
66af4ec3-aa5d-5ac1-97c2-27ef7319a318,62ae3500-e599-558f-a3b7-58a20989de03,1151fb1b-ca7f-5b8d-9473-06ebd456fac0,True,True
66af4ec3-aa5d-5ac1-97c2-27ef7319a318,3244175e-247b-560d-b3a5-5d60f771ddda,1151fb1b-ca7f-5b8d-9473-06ebd456fac0,True,True
66af4ec3-aa5d-5ac1-97c2-27ef7319a318,539410e1-1f3b-586a-b51e-b4ee5768a31b,1151fb1b-ca7f-5b8d-9473-06ebd456fac0,True,True
66af4ec3-aa5d-5ac1-97c2-27ef7319a318,a8419f44-7c74-5164-b42e-11bccf8e3c92,1151fb1b-ca7f-5b8d-9473-06ebd456fac0,True,True
66af4ec3-aa5d-5ac1-97c2-27ef7319a318,1c1bc552-022f-571b-b59b-87b0db947203,1151fb1b-ca7f-5b8d-9473-06ebd456fac0,True,True
66af4ec3-aa5d-5ac1-97c2-27ef7319a318,3570f7b9-3049-5bcc-a47b-33017a4026b7,1151fb1b-ca7f-5b8d-9473-06ebd456fac0,True,True
66af4ec3-aa5d-5ac1-97c2-27ef7319a318,3d9160ae-d49b-5434-841c-df7b2342887d,1151fb1b-ca7f-5b8d-9473-06ebd456fac0,True,True
66af4ec3-aa5d-5ac1-97c2-27ef7319a318,335b4261-055e-568f-b21b-916ff58fb18a,1151fb1b-ca7f-5b8d-9473-06ebd456fac0,True,True
66af4ec3-aa5d-5ac1-97c2-27ef7319a318,a6185910-3892-5abc-ba0d-8f02da810994,1151fb1b-ca7f-5b8d-9473-06ebd456fac0,True,True
66af4ec3-aa5d-5ac1-97c2-27ef7319a318,ea0e0f85-348f-5728-a09c-f9a871b46b25,1151fb1b-ca7f-5b8d-9473-06ebd456fac0,True,True
66af4ec3-aa5d-5ac1-97c2-27ef7319a318,11a5e2c0-a815-5771-bfbc-b867a77de49c,1151fb1b-ca7f-5b8d-9473-06ebd456fac0,True,True
66af4ec3-aa5d-5ac1-97c2-27ef7319a318,efb7142d-8a51-5d78-9e6e-83d529aa7e96,1151fb1b-ca7f-5b8d-9473-06ebd456fac0,True,True
66af4ec3-aa5d-5ac1-97c2-27ef7319a318,55428c7e-efee-5fca-a645-152a37c327bb,1151fb1b-ca7f-5b8d-9473-06ebd456fac0,True,True
66af4ec3-aa5d-5ac1-97c2-27ef7319a318,de57a148-37e4-5579-8721-cb9b949222ff,1151fb1b-ca7f-5b8d-9473-06ebd456fac0,True,True
66af4ec3-aa5d-5ac1-97c2-27ef7319a318,3bd61b10-9257-5ef7-ae12-ba1e05af4d7a,1151fb1b-ca7f-5b8d-9473-06ebd456fac0,True,True
66af4ec3-aa5d-5ac1-97c2-27ef7319a318,521aba21-ab6c-5c2e-8783-aa3e95823719,1151fb1b-ca7f-5b8d-9473-06ebd456fac0,True,True
66af4ec3-aa5d-5ac1-97c2-27ef7319a318,e826ed37-53b9-53f1-8107-1bff5cf4f0a0,1151fb1b-ca7f-5b8d-9473-06ebd456fac0,True,True
66af4ec3-aa5d-5ac1-97c2-27ef7319a318,9ec18c15-5d0c-597d-860c-2dc0bb770f10,1151fb1b-ca7f-5b8d-9473-06ebd456fac0,True,True
66af4ec3-aa5d-5ac1-97c2-27ef7319a318,5dc13fe2-ee91-5e6f-8250-bf160d9e1b31,1151fb1b-ca7f-5b8d-9473-06ebd456fac0,True,True
66af4ec3-aa5d-5ac1-97c2-27ef7319a318,d5217879-d73a-5a75-b9c7-735570c96963,1151fb1b-ca7f-5b8d-9473-06ebd456fac0,True,True
66af4ec3-aa5d-5ac1-97c2-27ef7319a318,cc3a9095-f269-574f-aa51-62b573696418,1151fb1b-ca7f-5b8d-9473-06ebd456fac0,True,True
66af4ec3-aa5d-5ac1-97c2-27ef7319a318,1d79df2c-31e3-5df7-a590-9c2b4fba201c,14642f0e-16d0-53db-bfe8-a90b452d6e35,True,True
66af4ec3-aa5d-5ac1-97c2-27ef7319a318,ef669078-ac80-5403-9709-10d550eb0f2a,14642f0e-16d0-53db-bfe8-a90b452d6e35,True,True
66af4ec3-aa5d-5ac1-97c2-27ef7319a318,99ad18be-2546-59d5-b1d2-e38bec0c893a,14642f0e-16d0-53db-bfe8-a90b452d6e35,True,True
66af4ec3-aa5d-5ac1-97c2-27ef7319a318,dd662a2f-6349-5559-8bb0-e27c4ffd5bdf,14642f0e-16d0-53db-bfe8-a90b452d6e35,True,True
66af4ec3-aa5d-5ac1-97c2-27ef7319a318,f4ef82c5-2239-5a2b-8f81-844c5510f47a,14642f0e-16d0-53db-bfe8-a90b452d6e35,True,True
66af4ec3-aa5d-5ac1-97c2-27ef7319a318,33250b39-afde-5485-81be-e2e0468013f6,14642f0e-16d0-53db-bfe8-a90b452d6e35,True,True
66af4ec3-aa5d-5ac1-97c2-27ef7319a318,145ae7b9-886e-5725-8c27-d0ed1a85555d,14642f0e-16d0-53db-bfe8-a90b452d6e35,True,True
66af4ec3-aa5d-5ac1-97c2-27ef7319a318,2af73c40-8dc8-567e-8311-192bba60173c,14642f0e-16d0-53db-bfe8-a90b452d6e35,True,True
66af4ec3-aa5d-5ac1-97c2-27ef7319a318,f006a98e-808c-5c41-b599-b6b6ad4ac250,14642f0e-16d0-53db-bfe8-a90b452d6e35,True,True
66af4ec3-aa5d-5ac1-97c2-27ef7319a318,d04bc440-db7b-5d76-b003-6ced6c890681,14642f0e-16d0-53db-bfe8-a90b452d6e35,True,True
66af4ec3-aa5d-5ac1-97c2-27ef7319a318,99d93dec-9ff8-56c1-9fac-356f60424dbc,14642f0e-16d0-53db-bfe8-a90b452d6e35,True,True
66af4ec3-aa5d-5ac1-97c2-27ef7319a318,010ed5eb-8296-57b1-895c-335a95a2194f,14642f0e-16d0-53db-bfe8-a90b452d6e35,True,True
66af4ec3-aa5d-5ac1-97c2-27ef7319a318,d6bd785b-cfb2-5f91-94b6-d3265be11cd1,14642f0e-16d0-53db-bfe8-a90b452d6e35,True,True
66af4ec3-aa5d-5ac1-97c2-27ef7319a318,772a9203-1178-5088-8644-054b3426bffa,14642f0e-16d0-53db-bfe8-a90b452d6e35,True,True
66af4ec3-aa5d-5ac1-97c2-27ef7319a318,10d06249-e201-5cf9-aac4-38215ff94d8c,14642f0e-16d0-53db-bfe8-a90b452d6e35,True,True
66af4ec3-aa5d-5ac1-97c2-27ef7319a318,f689b41f-5f24-55e9-b16d-c6a62ec82b72,14642f0e-16d0-53db-bfe8-a90b452d6e35,True,True
66af4ec3-aa5d-5ac1-97c2-27ef7319a318,9866cc4d-ca84-54da-af03-c3a12347595a,14642f0e-16d0-53db-bfe8-a90b452d6e35,True,True
66af4ec3-aa5d-5ac1-97c2-27ef7319a318,7b369f0a-293a-5250-8d79-974fee7cd640,14642f0e-16d0-53db-bfe8-a90b452d6e35,True,True
66af4ec3-aa5d-5ac1-97c2-27ef7319a318,b9aa1bbd-069b-5206-886b-e7b233b4df32,14642f0e-16d0-53db-bfe8-a90b452d6e35,True,True
66af4ec3-aa5d-5ac1-97c2-27ef7319a318,67143db9-6170-5cab-b0c4-7697b9ade54e,14642f0e-16d0-53db-bfe8-a90b452d6e35,True,True
66af4ec3-aa5d-5ac1-97c2-27ef7319a318,a4d81865-da46-5e55-afe8-c9c47333ec8b,14642f0e-16d0-53db-bfe8-a90b452d6e35,True,True
66af4ec3-aa5d-5ac1-97c2-27ef7319a318,1cc59ba3-14e8-59cf-a1a4-50a7ad54a56a,14642f0e-16d0-53db-bfe8-a90b452d6e35,True,True
66af4ec3-aa5d-5ac1-97c2-27ef7319a318,9ffd9fc8-60e7-5a37-b74e-e0d6c9f6acac,14642f0e-16d0-53db-bfe8-a90b452d6e35,True,True
66af4ec3-aa5d-5ac1-97c2-27ef7319a318,2461a79b-73f8-599f-971d-27f05985e2b9,14642f0e-16d0-53db-bfe8-a90b452d6e35,True,True
66af4ec3-aa5d-5ac1-97c2-27ef7319a318,285f742f-60ac-5cfc-ae5c-c0041ad93865,14642f0e-16d0-53db-bfe8-a90b452d6e35,True,True
66af4ec3-aa5d-5ac1-97c2-27ef7319a318,2f824c5c-511b-527f-9cb7-61afea4f1f21,14642f0e-16d0-53db-bfe8-a90b452d6e35,True,True
66af4ec3-aa5d-5ac1-97c2-27ef7319a318,c4fe3266-ec92-52c4-9783-f446b37bd7d9,14642f0e-16d0-53db-bfe8-a90b452d6e35,True,True
66af4ec3-aa5d-5ac1-97c2-27ef7319a318,27b1decd-712d-549b-9c05-526018c781f0,14642f0e-16d0-53db-bfe8-a90b452d6e35,True,True
66af4ec3-aa5d-5ac1-97c2-27ef7319a318,b6d2db8e-ee19-525d-b505-3aeb3d659da5,14642f0e-16d0-53db-bfe8-a90b452d6e35,True,True
66af4ec3-aa5d-5ac1-97c2-27ef7319a318,761b39f2-fc0b-55b9-983f-09730e1c4552,14642f0e-16d0-53db-bfe8-a90b452d6e35,True,True
66af4ec3-aa5d-5ac1-97c2-27ef7319a318,e2f9dead-9729-575e-b70f-f6766c0c666b,14642f0e-16d0-53db-bfe8-a90b452d6e35,True,True
66af4ec3-aa5d-5ac1-97c2-27ef7319a318,88204b43-62a5-555a-a3d6-d538a9210aec,14642f0e-16d0-53db-bfe8-a90b452d6e35,True,True
66af4ec3-aa5d-5ac1-97c2-27ef7319a318,a95c1b47-2a72-5062-8ba7-10b36e52a8c1,14642f0e-16d0-53db-bfe8-a90b452d6e35,True,True
66af4ec3-aa5d-5ac1-97c2-27ef7319a318,79e630d2-8ce0-5759-8a63-eaf6e806c601,14642f0e-16d0-53db-bfe8-a90b452d6e35,True,True
66af4ec3-aa5d-5ac1-97c2-27ef7319a318,2423f094-0e4e-5e11-bc61-d6cd1444dc0f,14642f0e-16d0-53db-bfe8-a90b452d6e35,True,True
66af4ec3-aa5d-5ac1-97c2-27ef7319a318,41ff68f6-b9ed-5232-98d7-ab67f7cb4494,14642f0e-16d0-53db-bfe8-a90b452d6e35,True,True
66af4ec3-aa5d-5ac1-97c2-27ef7319a318,8fcbf1cf-c56c-543f-b874-c77c7db77b4f,14642f0e-16d0-53db-bfe8-a90b452d6e35,True,True
66af4ec3-aa5d-5ac1-97c2-27ef7319a318,14bbaca6-a187-567f-ad07-897b409808f1,14642f0e-16d0-53db-bfe8-a90b452d6e35,True,True
66af4ec3-aa5d-5ac1-97c2-27ef7319a318,9000380e-e972-5e71-8622-6047f02dbd19,14642f0e-16d0-53db-bfe8-a90b452d6e35,True,True
66af4ec3-aa5d-5ac1-97c2-27ef7319a318,7733c8b8-f8d7-591d-867c-856b2950c763,14642f0e-16d0-53db-bfe8-a90b452d6e35,True,True
66af4ec3-aa5d-5ac1-97c2-27ef7319a318,9900f6fd-f0c8-5e60-97eb-dc834d295b5f,14642f0e-16d0-53db-bfe8-a90b452d6e35,True,True
66af4ec3-aa5d-5ac1-97c2-27ef7319a318,aa7c9467-f2b4-5bbb-80ec-c87622c9174d,14642f0e-16d0-53db-bfe8-a90b452d6e35,True,True
66af4ec3-aa5d-5ac1-97c2-27ef7319a318,2adfeac4-ebd3-5a63-8dff-7c96ccf04861,14642f0e-16d0-53db-bfe8-a90b452d6e35,True,True
66af4ec3-aa5d-5ac1-97c2-27ef7319a318,521797a7-10c3-53ea-908e-3ad94b2fbb01,14642f0e-16d0-53db-bfe8-a90b452d6e35,True,True
66af4ec3-aa5d-5ac1-97c2-27ef7319a318,993465f6-a271-51ed-9122-7992186b5232,14642f0e-16d0-53db-bfe8-a90b452d6e35,True,True
66af4ec3-aa5d-5ac1-97c2-27ef7319a318,ea02d0e6-d235-5cfe-a24e-c9caadf641e3,14642f0e-16d0-53db-bfe8-a90b452d6e35,True,True
66af4ec3-aa5d-5ac1-97c2-27ef7319a318,3090a667-ee56-5404-ac38-7cf70a1e96ad,14642f0e-16d0-53db-bfe8-a90b452d6e35,True,True
66af4ec3-aa5d-5ac1-97c2-27ef7319a318,612d3572-caec-5425-8f6d-8449fa2f6eea,14642f0e-16d0-53db-bfe8-a90b452d6e35,True,True
66af4ec3-aa5d-5ac1-97c2-27ef7319a318,dfb610fb-c03b-5485-b588-18694d9385e6,14642f0e-16d0-53db-bfe8-a90b452d6e35,True,True
66af4ec3-aa5d-5ac1-97c2-27ef7319a318,89f9ee5d-4000-579e-badf-017272fb3832,14642f0e-16d0-53db-bfe8-a90b452d6e35,True,True
66af4ec3-aa5d-5ac1-97c2-27ef7319a318,7ef7a1f8-fa36-5583-ad13-24d6b6e2cb1e,14642f0e-16d0-53db-bfe8-a90b452d6e35,True,True
66af4ec3-aa5d-5ac1-97c2-27ef7319a318,f3f8fce9-94d3-5d35-bb58-e1309ea878bc,14642f0e-16d0-53db-bfe8-a90b452d6e35,True,True
66af4ec3-aa5d-5ac1-97c2-27ef7319a318,564ddebb-bcad-5f42-9758-ed0af8d799a1,14642f0e-16d0-53db-bfe8-a90b452d6e35,True,True
66af4ec3-aa5d-5ac1-97c2-27ef7319a318,4ebec1ca-9ac9-53b4-af89-d338a8827059,14642f0e-16d0-53db-bfe8-a90b452d6e35,True,True
66af4ec3-aa5d-5ac1-97c2-27ef7319a318,ba0b315f-cee8-59d6-b377-d970a46b333d,14642f0e-16d0-53db-bfe8-a90b452d6e35,True,True
66af4ec3-aa5d-5ac1-97c2-27ef7319a318,8ea3636d-f57a-5189-ab5b-bb8389e323cf,14642f0e-16d0-53db-bfe8-a90b452d6e35,True,True
66af4ec3-aa5d-5ac1-97c2-27ef7319a318,d0022660-5238-52e0-a24f-258a0d547f0b,14642f0e-16d0-53db-bfe8-a90b452d6e35,True,True
66af4ec3-aa5d-5ac1-97c2-27ef7319a318,fa7471d9-c402-52a9-8376-f6aaf46442fb,14642f0e-16d0-53db-bfe8-a90b452d6e35,True,True
66af4ec3-aa5d-5ac1-97c2-27ef7319a318,f8b5c652-dbb9-517e-883f-0cdceca1c9fa,14642f0e-16d0-53db-bfe8-a90b452d6e35,True,True
66af4ec3-aa5d-5ac1-97c2-27ef7319a318,d86ce6bb-a765-5ecb-8b36-41a1a580135a,14642f0e-16d0-53db-bfe8-a90b452d6e35,True,True
66af4ec3-aa5d-5ac1-97c2-27ef7319a318,3860201f-7a81-5c8e-9149-3e26fcd0f713,14642f0e-16d0-53db-bfe8-a90b452d6e35,True,True
66af4ec3-aa5d-5ac1-97c2-27ef7319a318,ca3a7555-ea2d-5d16-906f-cfd98c2495c5,14642f0e-16d0-53db-bfe8-a90b452d6e35,True,True
66af4ec3-aa5d-5ac1-97c2-27ef7319a318,d58747d1-541a-579c-b462-7611c4842249,14642f0e-16d0-53db-bfe8-a90b452d6e35,True,True
66af4ec3-aa5d-5ac1-97c2-27ef7319a318,dac1c740-9c72-58ce-bd05-0764103a9389,14642f0e-16d0-53db-bfe8-a90b452d6e35,True,True
66af4ec3-aa5d-5ac1-97c2-27ef7319a318,2f7b924f-dde2-5805-9550-9b9d3ff4aa4c,14642f0e-16d0-53db-bfe8-a90b452d6e35,True,True
66af4ec3-aa5d-5ac1-97c2-27ef7319a318,118ee7e9-76c5-5192-8de5-de453534870c,14642f0e-16d0-53db-bfe8-a90b452d6e35,True,True
66af4ec3-aa5d-5ac1-97c2-27ef7319a318,61454b99-6286-5e2e-97b3-06ee2160837b,14642f0e-16d0-53db-bfe8-a90b452d6e35,True,True
66af4ec3-aa5d-5ac1-97c2-27ef7319a318,c624a9d5-4b96-51a3-b324-6109e5d5d2b3,14642f0e-16d0-53db-bfe8-a90b452d6e35,True,True
66af4ec3-aa5d-5ac1-97c2-27ef7319a318,e6e0c0e1-c415-51af-8d3b-21fc1217ee5c,14642f0e-16d0-53db-bfe8-a90b452d6e35,True,True
66af4ec3-aa5d-5ac1-97c2-27ef7319a318,0001cf7f-7cd9-5561-b720-abf90c1f9e4e,14642f0e-16d0-53db-bfe8-a90b452d6e35,True,True
66af4ec3-aa5d-5ac1-97c2-27ef7319a318,c464674a-23f8-5ad4-baaa-7133e00c033f,14642f0e-16d0-53db-bfe8-a90b452d6e35,True,True
66af4ec3-aa5d-5ac1-97c2-27ef7319a318,affd4c71-23bc-5361-b96b-e767891a0753,14642f0e-16d0-53db-bfe8-a90b452d6e35,True,True
66af4ec3-aa5d-5ac1-97c2-27ef7319a318,5957bca5-1f65-52b3-a221-442bc3ac13ea,14642f0e-16d0-53db-bfe8-a90b452d6e35,True,True
66af4ec3-aa5d-5ac1-97c2-27ef7319a318,c398e5e9-60c5-5bb1-b903-d3258d57fc72,14642f0e-16d0-53db-bfe8-a90b452d6e35,True,True
66af4ec3-aa5d-5ac1-97c2-27ef7319a318,fe530110-8125-5221-88a8-625131a3cf59,14642f0e-16d0-53db-bfe8-a90b452d6e35,True,True
66af4ec3-aa5d-5ac1-97c2-27ef7319a318,860142e5-a63f-5ccb-a674-0cc24e94fe01,14642f0e-16d0-53db-bfe8-a90b452d6e35,True,True
66af4ec3-aa5d-5ac1-97c2-27ef7319a318,ebf0b3bf-2458-5229-a6dd-e37296caa9f1,14642f0e-16d0-53db-bfe8-a90b452d6e35,True,True
66af4ec3-aa5d-5ac1-97c2-27ef7319a318,7d717c06-2a1f-5e03-9198-0174b656a42c,14642f0e-16d0-53db-bfe8-a90b452d6e35,True,True
66af4ec3-aa5d-5ac1-97c2-27ef7319a318,00522183-1d94-5b57-b28f-11f877c7e5ff,14642f0e-16d0-53db-bfe8-a90b452d6e35,True,True
66af4ec3-aa5d-5ac1-97c2-27ef7319a318,9cd1ba07-5591-52f1-ae38-74b06ba1de4c,14642f0e-16d0-53db-bfe8-a90b452d6e35,True,True
66af4ec3-aa5d-5ac1-97c2-27ef7319a318,078a2207-42b2-5c6a-846c-0d2e6b9dd6f6,14642f0e-16d0-53db-bfe8-a90b452d6e35,True,True
66af4ec3-aa5d-5ac1-97c2-27ef7319a318,c616b683-9b0b-5186-87b0-eabe27aef9fe,14642f0e-16d0-53db-bfe8-a90b452d6e35,True,True
66af4ec3-aa5d-5ac1-97c2-27ef7319a318,a8cd87ee-9626-5a32-b533-72a5559bffcc,14642f0e-16d0-53db-bfe8-a90b452d6e35,True,True
66af4ec3-aa5d-5ac1-97c2-27ef7319a318,aeaf2ed8-96e0-5c53-ab58-97700f549e90,14642f0e-16d0-53db-bfe8-a90b452d6e35,True,True
66af4ec3-aa5d-5ac1-97c2-27ef7319a318,3b048c22-01f1-504f-b89b-8490bb1b31ba,14642f0e-16d0-53db-bfe8-a90b452d6e35,True,True
66af4ec3-aa5d-5ac1-97c2-27ef7319a318,80bc4be5-e7b7-51d4-979e-647814d4629e,14642f0e-16d0-53db-bfe8-a90b452d6e35,True,True
66af4ec3-aa5d-5ac1-97c2-27ef7319a318,0718f41f-8939-58fc-9d04-232b7b4e352f,14642f0e-16d0-53db-bfe8-a90b452d6e35,True,True
66af4ec3-aa5d-5ac1-97c2-27ef7319a318,0f291775-899f-5e08-8ca8-874572609725,14642f0e-16d0-53db-bfe8-a90b452d6e35,True,True
66af4ec3-aa5d-5ac1-97c2-27ef7319a318,6d69173f-5180-59f0-b26c-d0ddc0124dce,14642f0e-16d0-53db-bfe8-a90b452d6e35,True,True
66af4ec3-aa5d-5ac1-97c2-27ef7319a318,dcd4fbab-9530-513b-9862-c54f80104262,14642f0e-16d0-53db-bfe8-a90b452d6e35,True,True
66af4ec3-aa5d-5ac1-97c2-27ef7319a318,a024186b-c613-5ec4-b572-7910971d3275,14642f0e-16d0-53db-bfe8-a90b452d6e35,True,True
66af4ec3-aa5d-5ac1-97c2-27ef7319a318,165dec36-bafe-5f52-b4fd-e811f7cab293,14642f0e-16d0-53db-bfe8-a90b452d6e35,True,True
66af4ec3-aa5d-5ac1-97c2-27ef7319a318,4abae324-301c-5c32-a67e-f560cbf2b4c2,14642f0e-16d0-53db-bfe8-a90b452d6e35,True,True
66af4ec3-aa5d-5ac1-97c2-27ef7319a318,70c4bfbb-c457-55c7-97b0-68be370e964a,14642f0e-16d0-53db-bfe8-a90b452d6e35,True,True
66af4ec3-aa5d-5ac1-97c2-27ef7319a318,ab5e9738-e27e-5d99-9ace-effe49ce88fb,14642f0e-16d0-53db-bfe8-a90b452d6e35,True,True
66af4ec3-aa5d-5ac1-97c2-27ef7319a318,1a8c8a58-c5ef-5206-86d7-9e0b47f4f977,14642f0e-16d0-53db-bfe8-a90b452d6e35,True,True
66af4ec3-aa5d-5ac1-97c2-27ef7319a318,95c8835e-6c62-5502-9abd-28367cdca265,14642f0e-16d0-53db-bfe8-a90b452d6e35,True,True
66af4ec3-aa5d-5ac1-97c2-27ef7319a318,7f073791-2e40-5889-9b2d-1561e8fc6cc9,14642f0e-16d0-53db-bfe8-a90b452d6e35,True,True
66af4ec3-aa5d-5ac1-97c2-27ef7319a318,b19cc11a-dafa-5be0-b59b-9e98aba85bfe,14642f0e-16d0-53db-bfe8-a90b452d6e35,True,True
66af4ec3-aa5d-5ac1-97c2-27ef7319a318,9940a7c8-925d-582a-8ee9-66d40baa804a,14642f0e-16d0-53db-bfe8-a90b452d6e35,True,True
66af4ec3-aa5d-5ac1-97c2-27ef7319a318,048fd029-e43a-55bd-bedd-b7294e98552b,14642f0e-16d0-53db-bfe8-a90b452d6e35,True,True
66af4ec3-aa5d-5ac1-97c2-27ef7319a318,36b9d9f6-e29f-5736-8ed0-12e38348987d,14642f0e-16d0-53db-bfe8-a90b452d6e35,True,True
66af4ec3-aa5d-5ac1-97c2-27ef7319a318,cb6cf82e-37a5-5187-ab1a-d7945ebb24e2,14642f0e-16d0-53db-bfe8-a90b452d6e35,True,True
66af4ec3-aa5d-5ac1-97c2-27ef7319a318,8caabf4e-8a7b-5f80-be6c-66317975aed4,14642f0e-16d0-53db-bfe8-a90b452d6e35,True,True
66af4ec3-aa5d-5ac1-97c2-27ef7319a318,11397428-f28f-52a9-a7ec-6c9ca452b677,14642f0e-16d0-53db-bfe8-a90b452d6e35,True,True
66af4ec3-aa5d-5ac1-97c2-27ef7319a318,4645857a-b59b-56fa-9537-ac2f2a926d93,14642f0e-16d0-53db-bfe8-a90b452d6e35,True,True
66af4ec3-aa5d-5ac1-97c2-27ef7319a318,8c3ee341-d82b-54f2-9a18-1866ac2c8e93,14642f0e-16d0-53db-bfe8-a90b452d6e35,True,True
66af4ec3-aa5d-5ac1-97c2-27ef7319a318,545ce7e8-b6a1-5a5c-b063-0c889277eed1,14642f0e-16d0-53db-bfe8-a90b452d6e35,True,True
66af4ec3-aa5d-5ac1-97c2-27ef7319a318,0c35f561-3d0c-56cb-9252-9befdfa3a302,14642f0e-16d0-53db-bfe8-a90b452d6e35,True,True
66af4ec3-aa5d-5ac1-97c2-27ef7319a318,464cb77f-b3ac-5a89-ab9a-c2339c220db4,14642f0e-16d0-53db-bfe8-a90b452d6e35,True,True
66af4ec3-aa5d-5ac1-97c2-27ef7319a318,7847115a-356f-595d-8f46-9d5ce2375757,14642f0e-16d0-53db-bfe8-a90b452d6e35,True,True
66af4ec3-aa5d-5ac1-97c2-27ef7319a318,e4beb9bd-fe05-5cc8-b095-4bb2943353ff,14642f0e-16d0-53db-bfe8-a90b452d6e35,True,True
66af4ec3-aa5d-5ac1-97c2-27ef7319a318,12b755e8-bf90-51d5-b203-412588dbecf2,14642f0e-16d0-53db-bfe8-a90b452d6e35,True,True
66af4ec3-aa5d-5ac1-97c2-27ef7319a318,6f98919a-2933-53af-a938-d72080625952,14642f0e-16d0-53db-bfe8-a90b452d6e35,True,True
66af4ec3-aa5d-5ac1-97c2-27ef7319a318,13bc557f-a2a1-5457-a6ca-0f23cf8b3d7e,14642f0e-16d0-53db-bfe8-a90b452d6e35,True,True
66af4ec3-aa5d-5ac1-97c2-27ef7319a318,686d17b0-6713-5212-aa9b-883935887d88,14642f0e-16d0-53db-bfe8-a90b452d6e35,True,True
66af4ec3-aa5d-5ac1-97c2-27ef7319a318,86599ba4-5714-5535-9bad-dadb0a9142c7,14642f0e-16d0-53db-bfe8-a90b452d6e35,True,True
66af4ec3-aa5d-5ac1-97c2-27ef7319a318,22de7791-cc30-5e38-ac82-e54c853731d8,14642f0e-16d0-53db-bfe8-a90b452d6e35,True,True
66af4ec3-aa5d-5ac1-97c2-27ef7319a318,be4f81aa-6653-54f4-91e1-ad20f602767e,14642f0e-16d0-53db-bfe8-a90b452d6e35,True,True
66af4ec3-aa5d-5ac1-97c2-27ef7319a318,7f09d58e-e1f3-5fed-84b7-afc6fb4cb881,14642f0e-16d0-53db-bfe8-a90b452d6e35,True,True
66af4ec3-aa5d-5ac1-97c2-27ef7319a318,6000ca90-d671-53bd-bda1-d0c3cbaf7445,14642f0e-16d0-53db-bfe8-a90b452d6e35,True,True
66af4ec3-aa5d-5ac1-97c2-27ef7319a318,aca92e36-12f7-55c7-9fd7-cc10de4753f6,14642f0e-16d0-53db-bfe8-a90b452d6e35,True,True
66af4ec3-aa5d-5ac1-97c2-27ef7319a318,da848784-ce4c-5fce-a805-34f2f65eb765,14642f0e-16d0-53db-bfe8-a90b452d6e35,True,True
66af4ec3-aa5d-5ac1-97c2-27ef7319a318,6e92f2df-b7f4-509d-ba50-37e72c7aa0ab,14642f0e-16d0-53db-bfe8-a90b452d6e35,True,True
66af4ec3-aa5d-5ac1-97c2-27ef7319a318,1fd1b394-55ed-59b8-a62b-2f2357ea81d9,14642f0e-16d0-53db-bfe8-a90b452d6e35,True,True
66af4ec3-aa5d-5ac1-97c2-27ef7319a318,2fff00e9-5046-5078-9ba1-80e8a897da83,14642f0e-16d0-53db-bfe8-a90b452d6e35,True,True
66af4ec3-aa5d-5ac1-97c2-27ef7319a318,2dc76c79-adb9-5e75-ac59-f0b095ed4b08,14642f0e-16d0-53db-bfe8-a90b452d6e35,True,True
66af4ec3-aa5d-5ac1-97c2-27ef7319a318,b92617e4-47ed-5e4e-8ffc-42508fdb8441,14642f0e-16d0-53db-bfe8-a90b452d6e35,True,True
66af4ec3-aa5d-5ac1-97c2-27ef7319a318,4a00750a-8347-514e-8d11-9970ae58c888,14642f0e-16d0-53db-bfe8-a90b452d6e35,True,True
66af4ec3-aa5d-5ac1-97c2-27ef7319a318,ccb36000-91fc-5869-9899-115a0dbbbed5,14642f0e-16d0-53db-bfe8-a90b452d6e35,True,True
66af4ec3-aa5d-5ac1-97c2-27ef7319a318,9f67ccfc-732f-5511-b18a-748b566b3166,14642f0e-16d0-53db-bfe8-a90b452d6e35,True,True
66af4ec3-aa5d-5ac1-97c2-27ef7319a318,2ae714db-4217-5b04-aba1-440254d7dc62,14642f0e-16d0-53db-bfe8-a90b452d6e35,True,True
66af4ec3-aa5d-5ac1-97c2-27ef7319a318,79237177-0aad-53c8-b32c-fbfc2def6d09,14642f0e-16d0-53db-bfe8-a90b452d6e35,True,True
66af4ec3-aa5d-5ac1-97c2-27ef7319a318,a3695a14-fe49-57c7-ac68-9bb4454a533e,14642f0e-16d0-53db-bfe8-a90b452d6e35,True,True
66af4ec3-aa5d-5ac1-97c2-27ef7319a318,5ca8db8c-90bc-56ff-bb92-e514595c42f2,14642f0e-16d0-53db-bfe8-a90b452d6e35,True,True
66af4ec3-aa5d-5ac1-97c2-27ef7319a318,79f651b8-b220-5c48-816c-d74757ddda99,14642f0e-16d0-53db-bfe8-a90b452d6e35,True,True
66af4ec3-aa5d-5ac1-97c2-27ef7319a318,e902c980-4dbd-51b7-af79-92cddb6ad9f3,14642f0e-16d0-53db-bfe8-a90b452d6e35,True,True
66af4ec3-aa5d-5ac1-97c2-27ef7319a318,11c56e43-ce1f-5521-a854-4bbfc91ec4d7,14642f0e-16d0-53db-bfe8-a90b452d6e35,True,True
66af4ec3-aa5d-5ac1-97c2-27ef7319a318,7f48d4e1-fdae-51c0-8e15-03c4f5a703c4,14642f0e-16d0-53db-bfe8-a90b452d6e35,True,True
66af4ec3-aa5d-5ac1-97c2-27ef7319a318,79808820-f343-5e29-aee3-97316428f3d4,14642f0e-16d0-53db-bfe8-a90b452d6e35,True,True
66af4ec3-aa5d-5ac1-97c2-27ef7319a318,177092bc-4e0e-5d38-b66b-c8e4c1f50144,14642f0e-16d0-53db-bfe8-a90b452d6e35,True,True
66af4ec3-aa5d-5ac1-97c2-27ef7319a318,66941864-0076-5051-91c5-c7952f1ff0ab,14642f0e-16d0-53db-bfe8-a90b452d6e35,True,True
66af4ec3-aa5d-5ac1-97c2-27ef7319a318,0e956d43-1c4a-553f-8653-4d3c1b2ada45,14642f0e-16d0-53db-bfe8-a90b452d6e35,True,True
66af4ec3-aa5d-5ac1-97c2-27ef7319a318,70ffb44f-4259-535b-80d1-a266eb9a5402,14642f0e-16d0-53db-bfe8-a90b452d6e35,True,True
66af4ec3-aa5d-5ac1-97c2-27ef7319a318,00c634c1-0fee-5b7e-9cee-56f8c58f420f,14642f0e-16d0-53db-bfe8-a90b452d6e35,True,True
66af4ec3-aa5d-5ac1-97c2-27ef7319a318,82b33aab-be3b-58d2-ab19-f1b804d9f7ad,14642f0e-16d0-53db-bfe8-a90b452d6e35,True,True
66af4ec3-aa5d-5ac1-97c2-27ef7319a318,f71c0507-2bc0-5cd0-b919-eef8d3dae02f,14642f0e-16d0-53db-bfe8-a90b452d6e35,True,True
66af4ec3-aa5d-5ac1-97c2-27ef7319a318,91b826eb-2d0d-57ea-b439-a6bf7b2268f6,14642f0e-16d0-53db-bfe8-a90b452d6e35,True,True
66af4ec3-aa5d-5ac1-97c2-27ef7319a318,a1a1777b-3007-5171-97a8-daea8000cce9,14642f0e-16d0-53db-bfe8-a90b452d6e35,True,True
66af4ec3-aa5d-5ac1-97c2-27ef7319a318,c8166c85-5655-5270-bb7e-829506bd150d,14642f0e-16d0-53db-bfe8-a90b452d6e35,True,True
66af4ec3-aa5d-5ac1-97c2-27ef7319a318,115866d7-8797-5436-9441-5ddab6419903,14642f0e-16d0-53db-bfe8-a90b452d6e35,True,True
66af4ec3-aa5d-5ac1-97c2-27ef7319a318,dcb3d858-76a3-52a2-8292-19d5612ada0f,14642f0e-16d0-53db-bfe8-a90b452d6e35,True,True
66af4ec3-aa5d-5ac1-97c2-27ef7319a318,2ab57cba-a4ad-5aa5-afe2-4833053d64a9,14642f0e-16d0-53db-bfe8-a90b452d6e35,True,True
66af4ec3-aa5d-5ac1-97c2-27ef7319a318,494d00f0-838d-57d8-917d-bdea2b6d3e1e,14642f0e-16d0-53db-bfe8-a90b452d6e35,True,True
66af4ec3-aa5d-5ac1-97c2-27ef7319a318,0f8d72a0-82d9-5b75-b4d3-d4fd9c4212a9,14642f0e-16d0-53db-bfe8-a90b452d6e35,True,True
66af4ec3-aa5d-5ac1-97c2-27ef7319a318,27c0074b-f74a-5155-94ce-9b76de61e450,14642f0e-16d0-53db-bfe8-a90b452d6e35,True,True
66af4ec3-aa5d-5ac1-97c2-27ef7319a318,d9abcdb5-afdf-5074-88b9-b950dc51c2c8,14642f0e-16d0-53db-bfe8-a90b452d6e35,True,True
66af4ec3-aa5d-5ac1-97c2-27ef7319a318,b20f00fe-b54a-5b1b-981a-0438c75a9e13,14642f0e-16d0-53db-bfe8-a90b452d6e35,True,True
66af4ec3-aa5d-5ac1-97c2-27ef7319a318,a7d58bdd-9395-5f84-a80f-e613711390c7,14642f0e-16d0-53db-bfe8-a90b452d6e35,True,True
66af4ec3-aa5d-5ac1-97c2-27ef7319a318,c9c5105c-6245-5784-bb58-15b823936cbb,14642f0e-16d0-53db-bfe8-a90b452d6e35,True,True
66af4ec3-aa5d-5ac1-97c2-27ef7319a318,b620d42c-591e-59f0-a744-7eb8bb17c844,14642f0e-16d0-53db-bfe8-a90b452d6e35,True,True
66af4ec3-aa5d-5ac1-97c2-27ef7319a318,29ce1c3b-7364-5521-8964-abde78d2e8e2,14642f0e-16d0-53db-bfe8-a90b452d6e35,True,True
66af4ec3-aa5d-5ac1-97c2-27ef7319a318,518deb95-435c-59cb-8957-5d0b5ceb7376,14642f0e-16d0-53db-bfe8-a90b452d6e35,True,True
66af4ec3-aa5d-5ac1-97c2-27ef7319a318,a34c181c-d73c-5aa7-b567-9aadd1f74f59,14642f0e-16d0-53db-bfe8-a90b452d6e35,True,True
66af4ec3-aa5d-5ac1-97c2-27ef7319a318,51d7a7c3-0166-5a5d-ae85-4985d2d9cc19,14642f0e-16d0-53db-bfe8-a90b452d6e35,True,True
66af4ec3-aa5d-5ac1-97c2-27ef7319a318,e1d336ee-6348-5cc0-86ac-e20dd6cc604d,14642f0e-16d0-53db-bfe8-a90b452d6e35,True,True
66af4ec3-aa5d-5ac1-97c2-27ef7319a318,b72655b5-6dd2-5ed5-9101-ce5b590f54ba,14642f0e-16d0-53db-bfe8-a90b452d6e35,True,True
66af4ec3-aa5d-5ac1-97c2-27ef7319a318,b5e31dad-2997-5c26-bc19-a307019139b3,14642f0e-16d0-53db-bfe8-a90b452d6e35,True,True
66af4ec3-aa5d-5ac1-97c2-27ef7319a318,fa7f6628-de1b-51ca-bfd7-3595da25ba40,14642f0e-16d0-53db-bfe8-a90b452d6e35,True,True
66af4ec3-aa5d-5ac1-97c2-27ef7319a318,f8d487fb-894f-5ca5-9c42-6bdcbc528193,14642f0e-16d0-53db-bfe8-a90b452d6e35,True,True
66af4ec3-aa5d-5ac1-97c2-27ef7319a318,e7076777-e5e1-5ac4-91dc-05ab6ae2ab15,14642f0e-16d0-53db-bfe8-a90b452d6e35,True,True
66af4ec3-aa5d-5ac1-97c2-27ef7319a318,ce3ef711-9be7-5911-9318-87fe4390d4b8,14642f0e-16d0-53db-bfe8-a90b452d6e35,True,True
66af4ec3-aa5d-5ac1-97c2-27ef7319a318,0a0277b2-47bd-544c-8fe3-a90c7813c815,14642f0e-16d0-53db-bfe8-a90b452d6e35,True,True
66af4ec3-aa5d-5ac1-97c2-27ef7319a318,a4b5e78c-11e0-52df-a54b-32ed65ec755d,14642f0e-16d0-53db-bfe8-a90b452d6e35,True,True
66af4ec3-aa5d-5ac1-97c2-27ef7319a318,353c057b-2094-568a-bd04-123ee4be480b,14642f0e-16d0-53db-bfe8-a90b452d6e35,True,True
66af4ec3-aa5d-5ac1-97c2-27ef7319a318,fe1dd047-780f-5616-9734-43cb2424f0e2,14642f0e-16d0-53db-bfe8-a90b452d6e35,True,True
66af4ec3-aa5d-5ac1-97c2-27ef7319a318,bcb3aa6f-6fc4-5674-b68f-4fe8d237119a,14642f0e-16d0-53db-bfe8-a90b452d6e35,True,True
66af4ec3-aa5d-5ac1-97c2-27ef7319a318,4ec04628-e5c2-5a53-9350-a641b24de586,14642f0e-16d0-53db-bfe8-a90b452d6e35,True,True
66af4ec3-aa5d-5ac1-97c2-27ef7319a318,ab5d3073-2c31-51fc-b7ae-75a7cd82573d,14642f0e-16d0-53db-bfe8-a90b452d6e35,True,True
66af4ec3-aa5d-5ac1-97c2-27ef7319a318,cd989760-fd14-566d-99e8-cbd87a3e50b2,14642f0e-16d0-53db-bfe8-a90b452d6e35,True,True
66af4ec3-aa5d-5ac1-97c2-27ef7319a318,007d57b2-096e-54e4-b366-ae290bd13af1,14642f0e-16d0-53db-bfe8-a90b452d6e35,True,True
66af4ec3-aa5d-5ac1-97c2-27ef7319a318,48b073cf-4dcb-5e65-a4b1-0a89e2dba170,175e0f7d-ba27-5da1-9476-11a6926c7b42,True,True
66af4ec3-aa5d-5ac1-97c2-27ef7319a318,f595ac97-0f8f-53e6-b203-4c03c0689607,175e0f7d-ba27-5da1-9476-11a6926c7b42,True,True
66af4ec3-aa5d-5ac1-97c2-27ef7319a318,ddc59b9d-8f82-5af1-9ef3-197a21454e5e,175e0f7d-ba27-5da1-9476-11a6926c7b42,True,True
66af4ec3-aa5d-5ac1-97c2-27ef7319a318,9d800928-ae3c-5a63-88ac-4dd06955f214,175e0f7d-ba27-5da1-9476-11a6926c7b42,True,True
66af4ec3-aa5d-5ac1-97c2-27ef7319a318,5312c9ff-6fca-5a7e-acff-31e11138dda9,175e0f7d-ba27-5da1-9476-11a6926c7b42,True,True
66af4ec3-aa5d-5ac1-97c2-27ef7319a318,2a1721cd-d8dc-5fc7-af1b-446053d72af7,175e0f7d-ba27-5da1-9476-11a6926c7b42,True,True
66af4ec3-aa5d-5ac1-97c2-27ef7319a318,92b2f985-a88d-55c4-9e86-c8c3db6480c0,175e0f7d-ba27-5da1-9476-11a6926c7b42,True,True
66af4ec3-aa5d-5ac1-97c2-27ef7319a318,58be32d6-2857-587c-a7cd-1f8d12e8b2db,175e0f7d-ba27-5da1-9476-11a6926c7b42,True,True
66af4ec3-aa5d-5ac1-97c2-27ef7319a318,2e7d5456-f9b0-5c92-a905-ecca4182e4d9,175e0f7d-ba27-5da1-9476-11a6926c7b42,True,True
66af4ec3-aa5d-5ac1-97c2-27ef7319a318,e4861347-1bdf-5c94-a0da-aa652015097d,175e0f7d-ba27-5da1-9476-11a6926c7b42,True,True
66af4ec3-aa5d-5ac1-97c2-27ef7319a318,19c07b8f-a11e-547b-be90-4942d2e592ce,175e0f7d-ba27-5da1-9476-11a6926c7b42,True,True
66af4ec3-aa5d-5ac1-97c2-27ef7319a318,c0091b2f-20db-5a35-91e2-9fcfe16a4f95,175e0f7d-ba27-5da1-9476-11a6926c7b42,True,True
66af4ec3-aa5d-5ac1-97c2-27ef7319a318,f3d11641-e8af-5bb3-aa02-978eadd80ab6,175e0f7d-ba27-5da1-9476-11a6926c7b42,True,True
66af4ec3-aa5d-5ac1-97c2-27ef7319a318,0190b1bf-e099-50dd-8e86-10d4f2a596dc,175e0f7d-ba27-5da1-9476-11a6926c7b42,True,True
66af4ec3-aa5d-5ac1-97c2-27ef7319a318,f72a2609-7e5d-59de-aeb8-d88e1a8deb94,175e0f7d-ba27-5da1-9476-11a6926c7b42,True,True
66af4ec3-aa5d-5ac1-97c2-27ef7319a318,34c1697f-bcbe-54d9-9043-264d731111dc,175e0f7d-ba27-5da1-9476-11a6926c7b42,True,True
66af4ec3-aa5d-5ac1-97c2-27ef7319a318,e92fd6d0-02ba-5309-aa10-02a0a3d19cbb,175e0f7d-ba27-5da1-9476-11a6926c7b42,True,True
66af4ec3-aa5d-5ac1-97c2-27ef7319a318,3e8fa722-165b-54d4-a746-51894931cb0a,175e0f7d-ba27-5da1-9476-11a6926c7b42,True,True
66af4ec3-aa5d-5ac1-97c2-27ef7319a318,11a56033-3e92-5270-ab85-fe66a47c93bf,175e0f7d-ba27-5da1-9476-11a6926c7b42,True,True
66af4ec3-aa5d-5ac1-97c2-27ef7319a318,f0cc3e25-c6c8-5e29-a3e1-84738c08c1c6,175e0f7d-ba27-5da1-9476-11a6926c7b42,True,True
66af4ec3-aa5d-5ac1-97c2-27ef7319a318,1c4caca5-d92d-502d-bfce-4e5e6d5fdd1c,175e0f7d-ba27-5da1-9476-11a6926c7b42,True,True
66af4ec3-aa5d-5ac1-97c2-27ef7319a318,a318b8f5-9e2b-5d87-9815-9a14e89502a2,175e0f7d-ba27-5da1-9476-11a6926c7b42,True,True
66af4ec3-aa5d-5ac1-97c2-27ef7319a318,eb25ebba-8b51-50f3-be68-331acb5878fd,175e0f7d-ba27-5da1-9476-11a6926c7b42,True,True
66af4ec3-aa5d-5ac1-97c2-27ef7319a318,cdb288ae-8689-5365-8174-bf353aa5a6a3,175e0f7d-ba27-5da1-9476-11a6926c7b42,True,True
66af4ec3-aa5d-5ac1-97c2-27ef7319a318,1cf5aaf0-da64-552c-b754-6f9bcd48f1dc,175e0f7d-ba27-5da1-9476-11a6926c7b42,True,True
66af4ec3-aa5d-5ac1-97c2-27ef7319a318,7df66cf9-b538-5d2e-b95d-16c4b23e3da6,175e0f7d-ba27-5da1-9476-11a6926c7b42,True,True
66af4ec3-aa5d-5ac1-97c2-27ef7319a318,5a355fac-6cd0-5498-ae0f-a40a0ca9a9d0,175e0f7d-ba27-5da1-9476-11a6926c7b42,True,True
66af4ec3-aa5d-5ac1-97c2-27ef7319a318,2ab8319f-2d23-582c-89ad-cc85004b7ea3,175e0f7d-ba27-5da1-9476-11a6926c7b42,True,True
66af4ec3-aa5d-5ac1-97c2-27ef7319a318,21979ccc-9abd-5f41-952f-3ad6c18635d0,175e0f7d-ba27-5da1-9476-11a6926c7b42,True,True
66af4ec3-aa5d-5ac1-97c2-27ef7319a318,7609eefd-79b4-5a72-b457-7f362891988b,175e0f7d-ba27-5da1-9476-11a6926c7b42,True,True
66af4ec3-aa5d-5ac1-97c2-27ef7319a318,20081f30-b48c-56cf-810d-7063493615e7,175e0f7d-ba27-5da1-9476-11a6926c7b42,True,True
66af4ec3-aa5d-5ac1-97c2-27ef7319a318,20175c4d-54bc-57f5-8ae4-45ea372c6dc3,175e0f7d-ba27-5da1-9476-11a6926c7b42,True,True
66af4ec3-aa5d-5ac1-97c2-27ef7319a318,7a77d2c6-3574-533d-8dc1-a8f773c47a63,175e0f7d-ba27-5da1-9476-11a6926c7b42,True,True
66af4ec3-aa5d-5ac1-97c2-27ef7319a318,3ee08092-c057-59ef-9fec-b6ab58a7ac9f,175e0f7d-ba27-5da1-9476-11a6926c7b42,True,True
66af4ec3-aa5d-5ac1-97c2-27ef7319a318,01394723-31e7-5d86-9c49-b987e7fd197a,175e0f7d-ba27-5da1-9476-11a6926c7b42,True,True
66af4ec3-aa5d-5ac1-97c2-27ef7319a318,d7ae4e16-708f-5a70-9808-d879e320279c,175e0f7d-ba27-5da1-9476-11a6926c7b42,True,True
66af4ec3-aa5d-5ac1-97c2-27ef7319a318,65dbb19c-7131-5359-a72b-4d3e8656c259,175e0f7d-ba27-5da1-9476-11a6926c7b42,True,True
66af4ec3-aa5d-5ac1-97c2-27ef7319a318,b97b22bb-e88c-5d07-b6d2-18bd677770dc,175e0f7d-ba27-5da1-9476-11a6926c7b42,True,True
66af4ec3-aa5d-5ac1-97c2-27ef7319a318,c14c2699-f991-51a4-b733-fee7117ca1e8,175e0f7d-ba27-5da1-9476-11a6926c7b42,True,True
66af4ec3-aa5d-5ac1-97c2-27ef7319a318,8df653af-1e23-5b5a-a49c-a95ba1b3e9ac,175e0f7d-ba27-5da1-9476-11a6926c7b42,True,True
66af4ec3-aa5d-5ac1-97c2-27ef7319a318,567d5bc2-99b5-5d81-9d91-a460839d56d5,175e0f7d-ba27-5da1-9476-11a6926c7b42,True,True
66af4ec3-aa5d-5ac1-97c2-27ef7319a318,a81032d3-8816-5875-8a4d-13f63550e74b,175e0f7d-ba27-5da1-9476-11a6926c7b42,True,True
66af4ec3-aa5d-5ac1-97c2-27ef7319a318,1f36b00f-f4cd-5df8-a6c4-1625ba57e83b,175e0f7d-ba27-5da1-9476-11a6926c7b42,True,True
66af4ec3-aa5d-5ac1-97c2-27ef7319a318,d9e8a3c7-1cd4-5bfd-adb9-d6f3ba943f0f,175e0f7d-ba27-5da1-9476-11a6926c7b42,True,True
66af4ec3-aa5d-5ac1-97c2-27ef7319a318,9512ff5c-bf8c-5b0c-814e-5a25470076e5,175e0f7d-ba27-5da1-9476-11a6926c7b42,True,True
66af4ec3-aa5d-5ac1-97c2-27ef7319a318,38efa1c2-0614-516b-9ba6-bd3f37e8692e,175e0f7d-ba27-5da1-9476-11a6926c7b42,True,True
66af4ec3-aa5d-5ac1-97c2-27ef7319a318,217495ec-5717-5d4b-9c00-67a1017fcc65,175e0f7d-ba27-5da1-9476-11a6926c7b42,True,True
66af4ec3-aa5d-5ac1-97c2-27ef7319a318,23ea8d27-be1e-5d89-88a4-3634fd6f05ff,175e0f7d-ba27-5da1-9476-11a6926c7b42,True,True
66af4ec3-aa5d-5ac1-97c2-27ef7319a318,73301dd3-144a-5850-bad9-6586630fc7e0,175e0f7d-ba27-5da1-9476-11a6926c7b42,True,True
66af4ec3-aa5d-5ac1-97c2-27ef7319a318,e7a9ff30-88b8-5209-a4bf-9f1c486fab48,175e0f7d-ba27-5da1-9476-11a6926c7b42,True,True
66af4ec3-aa5d-5ac1-97c2-27ef7319a318,c206c6bf-0a9f-52f4-ad08-bacd0d68bdef,175e0f7d-ba27-5da1-9476-11a6926c7b42,True,True
66af4ec3-aa5d-5ac1-97c2-27ef7319a318,86273dcc-2902-5596-880f-9db3675c0a67,175e0f7d-ba27-5da1-9476-11a6926c7b42,True,True
66af4ec3-aa5d-5ac1-97c2-27ef7319a318,89198692-3b0f-5ef6-ad31-8e4a448dc5b7,175e0f7d-ba27-5da1-9476-11a6926c7b42,True,True
66af4ec3-aa5d-5ac1-97c2-27ef7319a318,9eb322a8-8479-5be8-817b-3574ff4a3f32,175e0f7d-ba27-5da1-9476-11a6926c7b42,True,True
66af4ec3-aa5d-5ac1-97c2-27ef7319a318,11cbb168-6783-5ccf-9b6a-750e11b30ffa,175e0f7d-ba27-5da1-9476-11a6926c7b42,True,True
66af4ec3-aa5d-5ac1-97c2-27ef7319a318,c2dafe90-d529-5691-810d-1d138892b7e2,175e0f7d-ba27-5da1-9476-11a6926c7b42,True,True
66af4ec3-aa5d-5ac1-97c2-27ef7319a318,b20c21bd-11b1-5fc1-8327-6562319fd7a6,175e0f7d-ba27-5da1-9476-11a6926c7b42,True,True
66af4ec3-aa5d-5ac1-97c2-27ef7319a318,394f0bc8-d615-5e6b-b915-dc5254f0fcdb,175e0f7d-ba27-5da1-9476-11a6926c7b42,True,True
66af4ec3-aa5d-5ac1-97c2-27ef7319a318,cc5f9d98-c507-550b-a99e-cc89f599bb85,175e0f7d-ba27-5da1-9476-11a6926c7b42,True,True
66af4ec3-aa5d-5ac1-97c2-27ef7319a318,291b14ea-676c-5db0-959b-a477fff370a2,175e0f7d-ba27-5da1-9476-11a6926c7b42,True,True
66af4ec3-aa5d-5ac1-97c2-27ef7319a318,9f902b0c-78ba-5061-b120-5bd7d66d7bfd,175e0f7d-ba27-5da1-9476-11a6926c7b42,True,True
66af4ec3-aa5d-5ac1-97c2-27ef7319a318,9a333770-8afe-5bb0-b842-cabd66cb3cc4,175e0f7d-ba27-5da1-9476-11a6926c7b42,True,True
66af4ec3-aa5d-5ac1-97c2-27ef7319a318,c6cf0ed7-cec6-5e25-b2e0-9218bee8da24,175e0f7d-ba27-5da1-9476-11a6926c7b42,True,True
66af4ec3-aa5d-5ac1-97c2-27ef7319a318,a55346e1-d587-5f13-ba42-2af900efddc7,175e0f7d-ba27-5da1-9476-11a6926c7b42,True,True
66af4ec3-aa5d-5ac1-97c2-27ef7319a318,cd253035-3d05-5a0e-8376-9129b65c53dc,175e0f7d-ba27-5da1-9476-11a6926c7b42,True,True
66af4ec3-aa5d-5ac1-97c2-27ef7319a318,a4093a8b-7cee-5cf6-9af3-f0f05aa8db96,175e0f7d-ba27-5da1-9476-11a6926c7b42,True,True
66af4ec3-aa5d-5ac1-97c2-27ef7319a318,ce10c0b4-4cc8-5496-90cc-bee4d6c528b0,175e0f7d-ba27-5da1-9476-11a6926c7b42,True,True
66af4ec3-aa5d-5ac1-97c2-27ef7319a318,a8a471ff-95c6-5a05-a3da-53403c1549f5,175e0f7d-ba27-5da1-9476-11a6926c7b42,True,True
66af4ec3-aa5d-5ac1-97c2-27ef7319a318,34b2bb05-8007-5462-b437-5cc591c9f09e,175e0f7d-ba27-5da1-9476-11a6926c7b42,True,True
66af4ec3-aa5d-5ac1-97c2-27ef7319a318,609d77bc-d031-52bc-b462-7dccf9d5145b,175e0f7d-ba27-5da1-9476-11a6926c7b42,True,True
66af4ec3-aa5d-5ac1-97c2-27ef7319a318,b0dadad4-05bd-5b05-ad89-2a34c7a7d9ab,175e0f7d-ba27-5da1-9476-11a6926c7b42,True,True
66af4ec3-aa5d-5ac1-97c2-27ef7319a318,69d98942-1330-5a2a-9844-b611f523cedd,175e0f7d-ba27-5da1-9476-11a6926c7b42,True,True
66af4ec3-aa5d-5ac1-97c2-27ef7319a318,be832f79-3a3e-5254-8a6c-23f198a6c56a,175e0f7d-ba27-5da1-9476-11a6926c7b42,True,True
66af4ec3-aa5d-5ac1-97c2-27ef7319a318,4f0ee186-5ce5-5914-b4c2-75c156fd27c6,175e0f7d-ba27-5da1-9476-11a6926c7b42,True,True
66af4ec3-aa5d-5ac1-97c2-27ef7319a318,3216fb40-6e94-5f9b-baca-76c2be3a6702,175e0f7d-ba27-5da1-9476-11a6926c7b42,True,True
66af4ec3-aa5d-5ac1-97c2-27ef7319a318,9a8d1ec2-12c7-5973-b1e8-9b4afec5c823,175e0f7d-ba27-5da1-9476-11a6926c7b42,True,True
66af4ec3-aa5d-5ac1-97c2-27ef7319a318,a0dc4c55-9240-56ab-8f9d-88b284cccbe5,175e0f7d-ba27-5da1-9476-11a6926c7b42,True,True
66af4ec3-aa5d-5ac1-97c2-27ef7319a318,5504d3e5-b889-5c01-af29-64188014257a,175e0f7d-ba27-5da1-9476-11a6926c7b42,True,True
66af4ec3-aa5d-5ac1-97c2-27ef7319a318,7e7c641b-7ce4-5a76-83e2-c3c989cabe73,175e0f7d-ba27-5da1-9476-11a6926c7b42,True,True
66af4ec3-aa5d-5ac1-97c2-27ef7319a318,8f46f175-e27d-582a-a385-3b424d1b64f6,175e0f7d-ba27-5da1-9476-11a6926c7b42,True,True
66af4ec3-aa5d-5ac1-97c2-27ef7319a318,8f832962-2f22-5f21-885c-ae0fc4538735,175e0f7d-ba27-5da1-9476-11a6926c7b42,True,True
66af4ec3-aa5d-5ac1-97c2-27ef7319a318,051d5407-202a-5925-9480-da7873d95c0f,175e0f7d-ba27-5da1-9476-11a6926c7b42,True,True
66af4ec3-aa5d-5ac1-97c2-27ef7319a318,3f9f6a80-fc50-55ba-9fb7-209788e66263,175e0f7d-ba27-5da1-9476-11a6926c7b42,True,True
66af4ec3-aa5d-5ac1-97c2-27ef7319a318,9763ed65-096f-5151-9e3f-93b02fe4f9cd,175e0f7d-ba27-5da1-9476-11a6926c7b42,True,True
66af4ec3-aa5d-5ac1-97c2-27ef7319a318,5e38f30d-954c-5450-aa4b-69ed33221503,175e0f7d-ba27-5da1-9476-11a6926c7b42,True,True
66af4ec3-aa5d-5ac1-97c2-27ef7319a318,dc34f88d-aaf3-5e4d-95d4-4109c3b8222a,175e0f7d-ba27-5da1-9476-11a6926c7b42,True,True
66af4ec3-aa5d-5ac1-97c2-27ef7319a318,e78e952b-88a5-5307-8217-760b4356c6e6,175e0f7d-ba27-5da1-9476-11a6926c7b42,True,True
66af4ec3-aa5d-5ac1-97c2-27ef7319a318,9b65e6fa-7c0a-5b3d-89bb-9efda8f1c814,175e0f7d-ba27-5da1-9476-11a6926c7b42,True,True
66af4ec3-aa5d-5ac1-97c2-27ef7319a318,7055a95a-aa65-54a7-b712-16302d877c4b,175e0f7d-ba27-5da1-9476-11a6926c7b42,True,True
66af4ec3-aa5d-5ac1-97c2-27ef7319a318,fa7da3bd-cd0e-54f6-8c37-cfba18822348,1e230f73-2f08-5af1-9177-fe79801a51df,True,True
66af4ec3-aa5d-5ac1-97c2-27ef7319a318,4b123fd1-e981-5060-8343-a24de1153f71,1e230f73-2f08-5af1-9177-fe79801a51df,True,True
66af4ec3-aa5d-5ac1-97c2-27ef7319a318,0b5f747a-c977-5d3d-b150-d7d1d54d179c,1e230f73-2f08-5af1-9177-fe79801a51df,True,True
66af4ec3-aa5d-5ac1-97c2-27ef7319a318,63a50db4-0e6e-57bc-9be5-3b566feb382c,1e230f73-2f08-5af1-9177-fe79801a51df,True,True
66af4ec3-aa5d-5ac1-97c2-27ef7319a318,a699326c-b9ce-55c5-91d9-7702c45fba0d,1e230f73-2f08-5af1-9177-fe79801a51df,True,True
66af4ec3-aa5d-5ac1-97c2-27ef7319a318,e259a190-6a3e-5e85-b1a3-ffc7e4ad9082,1e230f73-2f08-5af1-9177-fe79801a51df,True,True
66af4ec3-aa5d-5ac1-97c2-27ef7319a318,da05d42d-bbfc-5385-aaf9-1a6bda5a1035,1e230f73-2f08-5af1-9177-fe79801a51df,True,True
66af4ec3-aa5d-5ac1-97c2-27ef7319a318,132e293e-2f6f-59d4-bc95-85a533a4d25c,1e230f73-2f08-5af1-9177-fe79801a51df,True,True
66af4ec3-aa5d-5ac1-97c2-27ef7319a318,5633b17d-65ba-5d78-b53a-726faf5daa4d,1e230f73-2f08-5af1-9177-fe79801a51df,True,True
66af4ec3-aa5d-5ac1-97c2-27ef7319a318,6f8cac00-579b-53e1-b93e-1fe2daee8cf0,1e230f73-2f08-5af1-9177-fe79801a51df,True,True
66af4ec3-aa5d-5ac1-97c2-27ef7319a318,fff5efdd-5908-5c9b-bce2-c1a365a646c8,1e230f73-2f08-5af1-9177-fe79801a51df,True,True
66af4ec3-aa5d-5ac1-97c2-27ef7319a318,fd27bec1-ed7f-5926-912b-d4410c172582,1e230f73-2f08-5af1-9177-fe79801a51df,True,True
66af4ec3-aa5d-5ac1-97c2-27ef7319a318,ac258dde-6e8e-5f2a-a275-02d0c13acc5e,1e230f73-2f08-5af1-9177-fe79801a51df,True,True
66af4ec3-aa5d-5ac1-97c2-27ef7319a318,3d02b5ec-2632-534d-b9c9-531d958cb474,1e230f73-2f08-5af1-9177-fe79801a51df,True,True
66af4ec3-aa5d-5ac1-97c2-27ef7319a318,f9adb047-8e2b-5830-b6db-19530cd4133c,1e230f73-2f08-5af1-9177-fe79801a51df,True,True
66af4ec3-aa5d-5ac1-97c2-27ef7319a318,3f270b42-de55-5219-b164-4ce9a84d7f31,1e230f73-2f08-5af1-9177-fe79801a51df,True,True
66af4ec3-aa5d-5ac1-97c2-27ef7319a318,b6cf95de-3cf2-5216-89f4-afb7f5c3a6ba,1e230f73-2f08-5af1-9177-fe79801a51df,True,True
66af4ec3-aa5d-5ac1-97c2-27ef7319a318,641affda-d40d-5523-afdc-191cd87a40c6,1e230f73-2f08-5af1-9177-fe79801a51df,True,True
66af4ec3-aa5d-5ac1-97c2-27ef7319a318,23295996-25f0-5ca5-ae20-87b4228813f2,1e230f73-2f08-5af1-9177-fe79801a51df,True,True
66af4ec3-aa5d-5ac1-97c2-27ef7319a318,f9be0493-ac6c-5a45-9163-30e89d2fb8ca,1e230f73-2f08-5af1-9177-fe79801a51df,True,True
66af4ec3-aa5d-5ac1-97c2-27ef7319a318,93f13d19-335a-5d42-9121-2b0446369e13,1e230f73-2f08-5af1-9177-fe79801a51df,True,True
66af4ec3-aa5d-5ac1-97c2-27ef7319a318,ea673f48-1955-58cb-ba45-beca5c185a44,1e230f73-2f08-5af1-9177-fe79801a51df,True,True
66af4ec3-aa5d-5ac1-97c2-27ef7319a318,8a59b2e8-925f-5076-ace6-bb2d56cdf6e1,1e230f73-2f08-5af1-9177-fe79801a51df,True,True
66af4ec3-aa5d-5ac1-97c2-27ef7319a318,9727a9b0-c183-540e-9679-7982ce8ef502,1e230f73-2f08-5af1-9177-fe79801a51df,True,True
66af4ec3-aa5d-5ac1-97c2-27ef7319a318,b8519706-47d9-562d-bb9d-3a815b98268f,1e230f73-2f08-5af1-9177-fe79801a51df,True,True
66af4ec3-aa5d-5ac1-97c2-27ef7319a318,ebf3f5cd-7b1b-58e9-b09f-0aa49b70a683,1e230f73-2f08-5af1-9177-fe79801a51df,True,True
66af4ec3-aa5d-5ac1-97c2-27ef7319a318,0e9706d5-8250-5435-938b-86d255714b96,1e230f73-2f08-5af1-9177-fe79801a51df,True,True
66af4ec3-aa5d-5ac1-97c2-27ef7319a318,f7022c93-b839-5ce1-8af7-ed57f86d9a41,1e230f73-2f08-5af1-9177-fe79801a51df,True,True
66af4ec3-aa5d-5ac1-97c2-27ef7319a318,99a21f80-a250-5c00-b012-4aebc3d50e30,1e230f73-2f08-5af1-9177-fe79801a51df,True,True
66af4ec3-aa5d-5ac1-97c2-27ef7319a318,6f4a057a-28a6-52d6-90ed-a1d97f99e7aa,1e230f73-2f08-5af1-9177-fe79801a51df,True,True
66af4ec3-aa5d-5ac1-97c2-27ef7319a318,56d0f2ec-a713-5190-b967-a18fee1299fb,1e230f73-2f08-5af1-9177-fe79801a51df,True,True
66af4ec3-aa5d-5ac1-97c2-27ef7319a318,da82482e-0fe4-5219-9c67-99ca651c42f9,1e230f73-2f08-5af1-9177-fe79801a51df,True,True
66af4ec3-aa5d-5ac1-97c2-27ef7319a318,e5a794a8-6a05-5c08-9430-3cb6affed6ab,1e230f73-2f08-5af1-9177-fe79801a51df,True,True
66af4ec3-aa5d-5ac1-97c2-27ef7319a318,93c1765f-ec2f-578b-8116-cda2e97c45c5,1e230f73-2f08-5af1-9177-fe79801a51df,True,True
66af4ec3-aa5d-5ac1-97c2-27ef7319a318,006365ae-9e96-553f-93b5-685b2ecb489f,1e230f73-2f08-5af1-9177-fe79801a51df,True,True
66af4ec3-aa5d-5ac1-97c2-27ef7319a318,be28b5bb-4cc9-565d-9f8e-7c28fed241d1,1e230f73-2f08-5af1-9177-fe79801a51df,True,True
66af4ec3-aa5d-5ac1-97c2-27ef7319a318,91134238-b848-51f6-bb73-585d82c59e71,1e230f73-2f08-5af1-9177-fe79801a51df,True,True
66af4ec3-aa5d-5ac1-97c2-27ef7319a318,e17e1acd-1ea1-5a27-b466-d7996d81593d,1e230f73-2f08-5af1-9177-fe79801a51df,True,True
66af4ec3-aa5d-5ac1-97c2-27ef7319a318,cf1ad254-28f3-5b79-aeb4-6e61c68b41ef,1e230f73-2f08-5af1-9177-fe79801a51df,True,True
66af4ec3-aa5d-5ac1-97c2-27ef7319a318,9ad8770e-9466-57ef-964e-57441356ffe0,1e230f73-2f08-5af1-9177-fe79801a51df,True,True
66af4ec3-aa5d-5ac1-97c2-27ef7319a318,66d6fdba-cce8-53f3-b5f7-ed45360a38a0,1e230f73-2f08-5af1-9177-fe79801a51df,True,True
66af4ec3-aa5d-5ac1-97c2-27ef7319a318,f9549518-52a8-5bd9-ae6b-98ee07b26846,1e230f73-2f08-5af1-9177-fe79801a51df,True,True
66af4ec3-aa5d-5ac1-97c2-27ef7319a318,8f3f05b0-3ed7-5b34-a3f2-aa218bfc353b,1e230f73-2f08-5af1-9177-fe79801a51df,True,True
66af4ec3-aa5d-5ac1-97c2-27ef7319a318,5e32f981-85b7-56ed-a45d-c55c3a1dcc8d,1e230f73-2f08-5af1-9177-fe79801a51df,True,True
66af4ec3-aa5d-5ac1-97c2-27ef7319a318,2d974c26-64b5-5b54-8a2f-d1e806c244bb,1e230f73-2f08-5af1-9177-fe79801a51df,True,True
66af4ec3-aa5d-5ac1-97c2-27ef7319a318,c2e424a5-4178-5ebe-a601-f5e05a594327,1e230f73-2f08-5af1-9177-fe79801a51df,True,True
66af4ec3-aa5d-5ac1-97c2-27ef7319a318,b1ec8512-5afc-59d5-95b3-6ebfedb6107d,1e230f73-2f08-5af1-9177-fe79801a51df,True,True
66af4ec3-aa5d-5ac1-97c2-27ef7319a318,e03fff92-9c58-5b5b-967e-279f5a700b8d,1e230f73-2f08-5af1-9177-fe79801a51df,True,True
66af4ec3-aa5d-5ac1-97c2-27ef7319a318,09c4b197-bf9d-5a06-bed9-7009e0034b04,1e230f73-2f08-5af1-9177-fe79801a51df,True,True
66af4ec3-aa5d-5ac1-97c2-27ef7319a318,8a341b83-c10f-5c17-a6d7-45345e4ae449,1e230f73-2f08-5af1-9177-fe79801a51df,True,True
66af4ec3-aa5d-5ac1-97c2-27ef7319a318,c05ae638-06e3-5c62-aa77-28c2df128d44,1e230f73-2f08-5af1-9177-fe79801a51df,True,True
66af4ec3-aa5d-5ac1-97c2-27ef7319a318,008065d2-d1c1-5ee3-b09c-08e8f844d1b2,1e230f73-2f08-5af1-9177-fe79801a51df,True,True
66af4ec3-aa5d-5ac1-97c2-27ef7319a318,c44b9c81-cdc6-5056-98df-1d45151b1792,1e230f73-2f08-5af1-9177-fe79801a51df,True,True
66af4ec3-aa5d-5ac1-97c2-27ef7319a318,c29d77d9-fdb7-5690-a565-c39ad0e6d8a2,1e230f73-2f08-5af1-9177-fe79801a51df,True,True
66af4ec3-aa5d-5ac1-97c2-27ef7319a318,e71bb70a-c448-51f4-9abb-101e60efd04b,1e230f73-2f08-5af1-9177-fe79801a51df,True,True
66af4ec3-aa5d-5ac1-97c2-27ef7319a318,dfd87100-c257-58d9-bef5-64d6ab2d93f0,1e230f73-2f08-5af1-9177-fe79801a51df,True,True
66af4ec3-aa5d-5ac1-97c2-27ef7319a318,8f544315-36d0-52cf-b00f-eed8cd990239,1e230f73-2f08-5af1-9177-fe79801a51df,True,True
66af4ec3-aa5d-5ac1-97c2-27ef7319a318,b15a9deb-e39e-588c-8575-657e57a2a790,1e230f73-2f08-5af1-9177-fe79801a51df,True,True
66af4ec3-aa5d-5ac1-97c2-27ef7319a318,bee5df21-b4fe-5cf6-a74d-58085d512502,1e230f73-2f08-5af1-9177-fe79801a51df,True,True
66af4ec3-aa5d-5ac1-97c2-27ef7319a318,d4d202ad-924e-5ee2-9498-dcd2da45d148,1e230f73-2f08-5af1-9177-fe79801a51df,True,True
66af4ec3-aa5d-5ac1-97c2-27ef7319a318,a906fa55-d9bd-5a81-8c11-040314c247f7,1e230f73-2f08-5af1-9177-fe79801a51df,True,True
66af4ec3-aa5d-5ac1-97c2-27ef7319a318,85b53658-a926-5e53-84cf-719989f6587c,1e230f73-2f08-5af1-9177-fe79801a51df,True,True
66af4ec3-aa5d-5ac1-97c2-27ef7319a318,2d616c1e-5d1e-5e7b-a5be-e1c7f5ad6fef,1e230f73-2f08-5af1-9177-fe79801a51df,True,True
66af4ec3-aa5d-5ac1-97c2-27ef7319a318,b95426c9-5b0d-5cbe-a0fd-46eb77e55e82,1e230f73-2f08-5af1-9177-fe79801a51df,True,True
66af4ec3-aa5d-5ac1-97c2-27ef7319a318,361e3654-b060-5118-9328-eb8336ea4230,1e230f73-2f08-5af1-9177-fe79801a51df,True,True
66af4ec3-aa5d-5ac1-97c2-27ef7319a318,b5b67f5c-a8d0-56c0-a80b-de72ec669e88,1e230f73-2f08-5af1-9177-fe79801a51df,True,True
66af4ec3-aa5d-5ac1-97c2-27ef7319a318,13b42fee-3ca1-531d-a615-a5b1b291c27c,1e230f73-2f08-5af1-9177-fe79801a51df,True,True
66af4ec3-aa5d-5ac1-97c2-27ef7319a318,547c18ea-aaf3-57c2-a6e2-ac34b15f6d3f,1e230f73-2f08-5af1-9177-fe79801a51df,True,True
66af4ec3-aa5d-5ac1-97c2-27ef7319a318,c7414538-67cf-585c-96ad-7736a76b7622,1e230f73-2f08-5af1-9177-fe79801a51df,True,True
66af4ec3-aa5d-5ac1-97c2-27ef7319a318,c364951b-6252-5b0c-af91-e5040bb4e16a,1e230f73-2f08-5af1-9177-fe79801a51df,True,True
66af4ec3-aa5d-5ac1-97c2-27ef7319a318,4faad347-ccd4-5832-9c09-9d379a346414,1e230f73-2f08-5af1-9177-fe79801a51df,True,True
66af4ec3-aa5d-5ac1-97c2-27ef7319a318,47f4f9fa-c928-56bf-9954-2790cf5c2ac1,1e230f73-2f08-5af1-9177-fe79801a51df,True,True
66af4ec3-aa5d-5ac1-97c2-27ef7319a318,aa063eb7-368b-5c10-add0-f2117eba0fff,1e230f73-2f08-5af1-9177-fe79801a51df,True,True
66af4ec3-aa5d-5ac1-97c2-27ef7319a318,1d319f7e-c8bb-5c9a-8f8d-e18d71499506,1e230f73-2f08-5af1-9177-fe79801a51df,True,True
66af4ec3-aa5d-5ac1-97c2-27ef7319a318,73ee3a8e-4dbf-5917-8956-d067dead07d2,1e230f73-2f08-5af1-9177-fe79801a51df,True,True
66af4ec3-aa5d-5ac1-97c2-27ef7319a318,54e6bf75-a4fd-54f7-a112-a8b50f0e18da,1e230f73-2f08-5af1-9177-fe79801a51df,True,True
66af4ec3-aa5d-5ac1-97c2-27ef7319a318,07b3b8ae-7620-5958-817e-18dd41e82ac0,1e230f73-2f08-5af1-9177-fe79801a51df,True,True
66af4ec3-aa5d-5ac1-97c2-27ef7319a318,dcb7150d-335a-5d44-b2db-6447284fb216,1e230f73-2f08-5af1-9177-fe79801a51df,True,True
66af4ec3-aa5d-5ac1-97c2-27ef7319a318,5b7533f7-af57-5480-961d-15aa69918bf8,1e230f73-2f08-5af1-9177-fe79801a51df,True,True
66af4ec3-aa5d-5ac1-97c2-27ef7319a318,2565ee7a-aac1-5d67-975b-53a579fd9b07,1e230f73-2f08-5af1-9177-fe79801a51df,True,True
66af4ec3-aa5d-5ac1-97c2-27ef7319a318,71695e42-6fb2-5ab9-a6cd-6346e059ee42,1e230f73-2f08-5af1-9177-fe79801a51df,True,True
66af4ec3-aa5d-5ac1-97c2-27ef7319a318,eae8252d-a622-5a1e-a3ff-2b0e5bff5b41,1e230f73-2f08-5af1-9177-fe79801a51df,True,True
66af4ec3-aa5d-5ac1-97c2-27ef7319a318,1f5619da-12cc-5b4a-9f06-821e860a9fed,1e230f73-2f08-5af1-9177-fe79801a51df,True,True
66af4ec3-aa5d-5ac1-97c2-27ef7319a318,0da95764-6f3b-5e1a-9f0f-bc2f1a34fd5d,1e230f73-2f08-5af1-9177-fe79801a51df,True,True
66af4ec3-aa5d-5ac1-97c2-27ef7319a318,08a437ca-3021-5cf5-a1b1-cad57e76b96d,1e230f73-2f08-5af1-9177-fe79801a51df,True,True
66af4ec3-aa5d-5ac1-97c2-27ef7319a318,2af534a2-88aa-5e5e-ba81-bcb7a806cba8,1e230f73-2f08-5af1-9177-fe79801a51df,True,True
66af4ec3-aa5d-5ac1-97c2-27ef7319a318,f1f785a4-7559-5f02-a146-1c83e45351e4,1e230f73-2f08-5af1-9177-fe79801a51df,True,True
66af4ec3-aa5d-5ac1-97c2-27ef7319a318,1b1f32ed-79df-5db4-9c94-3625e57c9091,1e230f73-2f08-5af1-9177-fe79801a51df,True,True
66af4ec3-aa5d-5ac1-97c2-27ef7319a318,cdd68462-3eb3-5f3c-9aa8-a5056e5b3142,1e230f73-2f08-5af1-9177-fe79801a51df,True,True
66af4ec3-aa5d-5ac1-97c2-27ef7319a318,db834eb1-d2b7-5ed7-aec1-95288e9433e2,1e230f73-2f08-5af1-9177-fe79801a51df,True,True
66af4ec3-aa5d-5ac1-97c2-27ef7319a318,f825a6c0-5a73-5ce6-9619-97ad1359c09e,1e230f73-2f08-5af1-9177-fe79801a51df,True,True
66af4ec3-aa5d-5ac1-97c2-27ef7319a318,85323316-4aa6-5619-91b8-ff539d8761dc,1e230f73-2f08-5af1-9177-fe79801a51df,True,True
66af4ec3-aa5d-5ac1-97c2-27ef7319a318,159bd179-2339-5a4a-b481-2c32edd4380a,1e230f73-2f08-5af1-9177-fe79801a51df,True,True
66af4ec3-aa5d-5ac1-97c2-27ef7319a318,c085472a-4aa6-542c-9c4e-04dc02ae601d,1e230f73-2f08-5af1-9177-fe79801a51df,True,True
66af4ec3-aa5d-5ac1-97c2-27ef7319a318,59bd2b92-0bb7-5261-9ab7-1e5dde140454,1e230f73-2f08-5af1-9177-fe79801a51df,True,True
66af4ec3-aa5d-5ac1-97c2-27ef7319a318,6737decb-ee2f-59a7-a292-9146428d9810,1e230f73-2f08-5af1-9177-fe79801a51df,True,True
66af4ec3-aa5d-5ac1-97c2-27ef7319a318,34a3cf00-44b2-536d-b170-cabb3a6491b5,1e230f73-2f08-5af1-9177-fe79801a51df,True,True
66af4ec3-aa5d-5ac1-97c2-27ef7319a318,949906ad-6407-5506-9b97-8893cda9f106,1e230f73-2f08-5af1-9177-fe79801a51df,True,True
66af4ec3-aa5d-5ac1-97c2-27ef7319a318,cf9b01a8-8ea1-5e06-bcdc-d9a4d1c48624,1e230f73-2f08-5af1-9177-fe79801a51df,True,True
66af4ec3-aa5d-5ac1-97c2-27ef7319a318,6a76d810-578e-5da7-8fd9-e4083712b472,1e230f73-2f08-5af1-9177-fe79801a51df,True,True
66af4ec3-aa5d-5ac1-97c2-27ef7319a318,93dfedfd-1408-52f0-ae37-6b4725da45b2,1e230f73-2f08-5af1-9177-fe79801a51df,True,True
66af4ec3-aa5d-5ac1-97c2-27ef7319a318,a2d8ed53-bde6-5dbd-92d0-f2b579f5e28c,1e230f73-2f08-5af1-9177-fe79801a51df,True,True
66af4ec3-aa5d-5ac1-97c2-27ef7319a318,0a101ce4-b9b5-5704-9d9d-7fd6b61ac81b,1e230f73-2f08-5af1-9177-fe79801a51df,True,True
66af4ec3-aa5d-5ac1-97c2-27ef7319a318,6e108460-903a-55b7-bf9f-f0d8a448e631,1e230f73-2f08-5af1-9177-fe79801a51df,True,True
66af4ec3-aa5d-5ac1-97c2-27ef7319a318,38fe03bd-d65e-529f-bbe3-c7899caddb1c,1e230f73-2f08-5af1-9177-fe79801a51df,True,True
66af4ec3-aa5d-5ac1-97c2-27ef7319a318,787b1ef6-372e-5e1b-8094-22675e37cf75,1e230f73-2f08-5af1-9177-fe79801a51df,True,True
66af4ec3-aa5d-5ac1-97c2-27ef7319a318,566793b1-5081-51c0-ab20-424005aaec2e,1e230f73-2f08-5af1-9177-fe79801a51df,True,True
66af4ec3-aa5d-5ac1-97c2-27ef7319a318,fe16429a-efe1-567d-abc4-e9c763b33719,1e230f73-2f08-5af1-9177-fe79801a51df,True,True
66af4ec3-aa5d-5ac1-97c2-27ef7319a318,fd0047b2-ca91-57f7-a54c-6805703fba73,1e230f73-2f08-5af1-9177-fe79801a51df,True,True
66af4ec3-aa5d-5ac1-97c2-27ef7319a318,78417335-72cd-55dc-8a92-f9f861441b0f,1e230f73-2f08-5af1-9177-fe79801a51df,True,True
66af4ec3-aa5d-5ac1-97c2-27ef7319a318,68e20e8b-8031-5357-9e0f-732b4ce7a936,1e230f73-2f08-5af1-9177-fe79801a51df,True,True
66af4ec3-aa5d-5ac1-97c2-27ef7319a318,ec63f891-cb76-545e-87d2-460cbd95afef,1e230f73-2f08-5af1-9177-fe79801a51df,True,True
66af4ec3-aa5d-5ac1-97c2-27ef7319a318,9bfa7279-c1b5-5240-be18-4b7681eb1740,1e230f73-2f08-5af1-9177-fe79801a51df,True,True
66af4ec3-aa5d-5ac1-97c2-27ef7319a318,3fb81d38-a892-5cdc-8998-629a99e44146,1e230f73-2f08-5af1-9177-fe79801a51df,True,True
66af4ec3-aa5d-5ac1-97c2-27ef7319a318,2736610f-2b6d-5109-843d-82bbf6d26dea,1e230f73-2f08-5af1-9177-fe79801a51df,True,True
66af4ec3-aa5d-5ac1-97c2-27ef7319a318,66125952-2fdd-55af-b37c-2b202ed87713,1e230f73-2f08-5af1-9177-fe79801a51df,True,True
66af4ec3-aa5d-5ac1-97c2-27ef7319a318,8432af6f-9d55-51ee-a0d9-a84a199d0430,1e230f73-2f08-5af1-9177-fe79801a51df,True,True
66af4ec3-aa5d-5ac1-97c2-27ef7319a318,146d39a1-6c5f-58eb-b710-f7fdc599459f,1e230f73-2f08-5af1-9177-fe79801a51df,True,True
66af4ec3-aa5d-5ac1-97c2-27ef7319a318,6f530b70-aa53-5d18-9dc8-cc78b02ec9b5,1e230f73-2f08-5af1-9177-fe79801a51df,True,True
66af4ec3-aa5d-5ac1-97c2-27ef7319a318,7cde0b1b-ff19-51c2-98e9-bf514109b4bd,1e230f73-2f08-5af1-9177-fe79801a51df,True,True
66af4ec3-aa5d-5ac1-97c2-27ef7319a318,626f21ca-6688-55a3-988b-7b1378369f79,1e230f73-2f08-5af1-9177-fe79801a51df,True,True
66af4ec3-aa5d-5ac1-97c2-27ef7319a318,6e4defe5-155b-5fd3-a7ec-a00d6afa642f,1e230f73-2f08-5af1-9177-fe79801a51df,True,True
66af4ec3-aa5d-5ac1-97c2-27ef7319a318,42be0b19-e192-517c-8e75-78ee761bbee1,1e230f73-2f08-5af1-9177-fe79801a51df,True,True
66af4ec3-aa5d-5ac1-97c2-27ef7319a318,22dd311b-487b-576f-a9ee-4fcb4d32ffa6,1e230f73-2f08-5af1-9177-fe79801a51df,True,True
66af4ec3-aa5d-5ac1-97c2-27ef7319a318,12123c56-a4c5-5816-a417-cbb21fcc9c74,1e230f73-2f08-5af1-9177-fe79801a51df,True,True
66af4ec3-aa5d-5ac1-97c2-27ef7319a318,5eed701f-027d-5c4d-af55-f68034acc747,1e230f73-2f08-5af1-9177-fe79801a51df,True,True
66af4ec3-aa5d-5ac1-97c2-27ef7319a318,8dfac596-60b5-590c-a719-bee54b34e019,1e230f73-2f08-5af1-9177-fe79801a51df,True,True
66af4ec3-aa5d-5ac1-97c2-27ef7319a318,2c1ad499-48a5-5849-be05-736459e78b71,1e230f73-2f08-5af1-9177-fe79801a51df,True,True
66af4ec3-aa5d-5ac1-97c2-27ef7319a318,a795ab5a-8e79-5692-9ebe-68b6b1e808dd,1e230f73-2f08-5af1-9177-fe79801a51df,True,True
66af4ec3-aa5d-5ac1-97c2-27ef7319a318,7b9f3308-1c22-5287-9c93-44dfa58cc504,1e230f73-2f08-5af1-9177-fe79801a51df,True,True
66af4ec3-aa5d-5ac1-97c2-27ef7319a318,691a7ccc-9c0b-55cb-8771-888057090ead,1e230f73-2f08-5af1-9177-fe79801a51df,True,True
66af4ec3-aa5d-5ac1-97c2-27ef7319a318,360885aa-4ed8-5f1c-ac2a-0513a53b9453,1e230f73-2f08-5af1-9177-fe79801a51df,True,True
66af4ec3-aa5d-5ac1-97c2-27ef7319a318,177d0ac3-f06a-5ad5-b85c-9e534d37f285,1e230f73-2f08-5af1-9177-fe79801a51df,True,True
66af4ec3-aa5d-5ac1-97c2-27ef7319a318,bb6c7cac-1b96-5515-ac46-c7a78e83ff7c,1e230f73-2f08-5af1-9177-fe79801a51df,True,True
66af4ec3-aa5d-5ac1-97c2-27ef7319a318,641844ae-fa00-5ec2-abec-a30efbfe2506,1e230f73-2f08-5af1-9177-fe79801a51df,True,True
66af4ec3-aa5d-5ac1-97c2-27ef7319a318,550facee-a7b4-5783-9ea3-0e3a14386886,1e230f73-2f08-5af1-9177-fe79801a51df,True,True
66af4ec3-aa5d-5ac1-97c2-27ef7319a318,7381ad96-7fd6-519c-9063-9f80fa1e2608,1e230f73-2f08-5af1-9177-fe79801a51df,True,True
66af4ec3-aa5d-5ac1-97c2-27ef7319a318,39cd60c7-0a05-5bf9-a2fe-29b10439b255,1e230f73-2f08-5af1-9177-fe79801a51df,True,True
66af4ec3-aa5d-5ac1-97c2-27ef7319a318,9233632b-c8eb-5021-b206-c776a3876aa5,1e230f73-2f08-5af1-9177-fe79801a51df,True,True
66af4ec3-aa5d-5ac1-97c2-27ef7319a318,0fd5f9b8-f86b-5edb-9fa3-88c7b206cf30,1e230f73-2f08-5af1-9177-fe79801a51df,True,True
66af4ec3-aa5d-5ac1-97c2-27ef7319a318,d632d6a2-4e7b-534a-be51-cfb3486d7a8a,1e230f73-2f08-5af1-9177-fe79801a51df,True,True
66af4ec3-aa5d-5ac1-97c2-27ef7319a318,98862c09-5642-5b13-bf5e-69598a5f87ce,1e230f73-2f08-5af1-9177-fe79801a51df,True,True
66af4ec3-aa5d-5ac1-97c2-27ef7319a318,489d75ca-205c-5fd5-a4c2-0757b6fccc82,1e230f73-2f08-5af1-9177-fe79801a51df,True,True
66af4ec3-aa5d-5ac1-97c2-27ef7319a318,dd0e15c1-94e5-5af1-ba92-1f2931a58a90,1e230f73-2f08-5af1-9177-fe79801a51df,True,True
66af4ec3-aa5d-5ac1-97c2-27ef7319a318,9d46f616-2995-5f2e-b5d9-eddc3a5e70ee,1e230f73-2f08-5af1-9177-fe79801a51df,True,True
66af4ec3-aa5d-5ac1-97c2-27ef7319a318,1e9371eb-7d79-5a7e-a720-19a6b869241b,1e230f73-2f08-5af1-9177-fe79801a51df,True,True
66af4ec3-aa5d-5ac1-97c2-27ef7319a318,93d8645c-9891-52c6-b96a-516f2e3153ae,1e230f73-2f08-5af1-9177-fe79801a51df,True,True
66af4ec3-aa5d-5ac1-97c2-27ef7319a318,1431480a-ba06-50c8-9419-93450848cb94,1e230f73-2f08-5af1-9177-fe79801a51df,True,True
66af4ec3-aa5d-5ac1-97c2-27ef7319a318,81a12060-8472-5e8e-b6c2-00124eabc447,1e230f73-2f08-5af1-9177-fe79801a51df,True,True
66af4ec3-aa5d-5ac1-97c2-27ef7319a318,fd4eb44c-8c6f-5735-b33f-7180a04ea08a,1e230f73-2f08-5af1-9177-fe79801a51df,True,True
66af4ec3-aa5d-5ac1-97c2-27ef7319a318,3b17d690-190b-5781-b748-fa5ba8beefde,1e230f73-2f08-5af1-9177-fe79801a51df,True,True
66af4ec3-aa5d-5ac1-97c2-27ef7319a318,d6f93630-2598-5e58-b64a-f748f2ed9677,1e230f73-2f08-5af1-9177-fe79801a51df,True,True
66af4ec3-aa5d-5ac1-97c2-27ef7319a318,dc519d33-a010-5640-9c27-657423799b20,1e230f73-2f08-5af1-9177-fe79801a51df,True,True
66af4ec3-aa5d-5ac1-97c2-27ef7319a318,9e42bf8b-c3ff-546f-9368-44b1744fa950,1e230f73-2f08-5af1-9177-fe79801a51df,True,True
66af4ec3-aa5d-5ac1-97c2-27ef7319a318,25192946-ca1b-54ed-9d54-219998b3ffb8,1e230f73-2f08-5af1-9177-fe79801a51df,True,True
66af4ec3-aa5d-5ac1-97c2-27ef7319a318,5acbccf3-5cce-53ff-8458-059f1808dd98,1e230f73-2f08-5af1-9177-fe79801a51df,True,True
66af4ec3-aa5d-5ac1-97c2-27ef7319a318,885a8bc0-4750-58a5-a1f9-ec37e13a85e8,1e230f73-2f08-5af1-9177-fe79801a51df,True,True
66af4ec3-aa5d-5ac1-97c2-27ef7319a318,30719db5-4db9-59ae-a407-18a7b60fbbfd,1e230f73-2f08-5af1-9177-fe79801a51df,True,True
66af4ec3-aa5d-5ac1-97c2-27ef7319a318,dc027d54-0778-53fb-a9b6-0891dc55faf5,1e230f73-2f08-5af1-9177-fe79801a51df,True,True
66af4ec3-aa5d-5ac1-97c2-27ef7319a318,df9aee34-b2f0-5ead-9930-64580ecba78a,1e230f73-2f08-5af1-9177-fe79801a51df,True,True
66af4ec3-aa5d-5ac1-97c2-27ef7319a318,bf8b4f84-a720-53e8-94b7-20c7ee60b105,1e230f73-2f08-5af1-9177-fe79801a51df,True,True
66af4ec3-aa5d-5ac1-97c2-27ef7319a318,f3f6a489-864d-5dd5-847f-98ece3938603,1e230f73-2f08-5af1-9177-fe79801a51df,True,True
66af4ec3-aa5d-5ac1-97c2-27ef7319a318,103ab061-500c-5112-8fd5-0307dad97638,1e230f73-2f08-5af1-9177-fe79801a51df,True,True
66af4ec3-aa5d-5ac1-97c2-27ef7319a318,6e1809c2-1fa1-5584-900f-6d026d5801e8,1e230f73-2f08-5af1-9177-fe79801a51df,True,True
66af4ec3-aa5d-5ac1-97c2-27ef7319a318,9807c3d6-6f04-5ddd-b01f-90c209fb5f8b,1e230f73-2f08-5af1-9177-fe79801a51df,True,True
66af4ec3-aa5d-5ac1-97c2-27ef7319a318,8ae30957-fb0f-50c2-9cd9-98bf22c27ed9,1e230f73-2f08-5af1-9177-fe79801a51df,True,True
66af4ec3-aa5d-5ac1-97c2-27ef7319a318,a5dd456b-53f5-50ed-b0e5-5d61f4ab7e65,1e230f73-2f08-5af1-9177-fe79801a51df,True,True
66af4ec3-aa5d-5ac1-97c2-27ef7319a318,44187858-7803-53bb-bf27-aa23abb0754b,1e230f73-2f08-5af1-9177-fe79801a51df,True,True
66af4ec3-aa5d-5ac1-97c2-27ef7319a318,b8843b3d-64b5-5ea9-90e3-28dc3004c410,1e230f73-2f08-5af1-9177-fe79801a51df,True,True
66af4ec3-aa5d-5ac1-97c2-27ef7319a318,678c09f3-499c-5bbe-98e0-b11747d2f678,1e230f73-2f08-5af1-9177-fe79801a51df,True,True
66af4ec3-aa5d-5ac1-97c2-27ef7319a318,8953b4e0-6da3-58b6-94b6-3169adad0ba5,1e230f73-2f08-5af1-9177-fe79801a51df,True,True
66af4ec3-aa5d-5ac1-97c2-27ef7319a318,86bba17e-50d5-581c-8e0c-9a73df2fa7c6,1e230f73-2f08-5af1-9177-fe79801a51df,True,True
66af4ec3-aa5d-5ac1-97c2-27ef7319a318,1d23b0c0-fa69-599b-a04d-57308ddef0bc,1e230f73-2f08-5af1-9177-fe79801a51df,True,True
66af4ec3-aa5d-5ac1-97c2-27ef7319a318,c69cbc08-54c0-50d8-a7c5-53481f85bdba,1e230f73-2f08-5af1-9177-fe79801a51df,True,True
66af4ec3-aa5d-5ac1-97c2-27ef7319a318,f207d123-05fb-5ebf-8988-0ad569128b2d,1e230f73-2f08-5af1-9177-fe79801a51df,True,True
66af4ec3-aa5d-5ac1-97c2-27ef7319a318,0ce1aedc-084c-5858-bcb4-4c12477f37e6,1e230f73-2f08-5af1-9177-fe79801a51df,True,True
66af4ec3-aa5d-5ac1-97c2-27ef7319a318,f718f892-1514-5dce-ac30-c28937fe7e61,1e230f73-2f08-5af1-9177-fe79801a51df,True,True
66af4ec3-aa5d-5ac1-97c2-27ef7319a318,d0b2e62a-6c43-5cf1-a8e9-716ff9f56d45,1e230f73-2f08-5af1-9177-fe79801a51df,True,True
66af4ec3-aa5d-5ac1-97c2-27ef7319a318,972ec239-d264-54b2-a548-03f2015acaf1,1e230f73-2f08-5af1-9177-fe79801a51df,True,True
66af4ec3-aa5d-5ac1-97c2-27ef7319a318,1aeed9f7-d39f-53c8-b22a-c7a8025e33ee,1e230f73-2f08-5af1-9177-fe79801a51df,True,True
66af4ec3-aa5d-5ac1-97c2-27ef7319a318,238f4d8e-e41c-5624-acea-ac414e4488ad,1e230f73-2f08-5af1-9177-fe79801a51df,True,True
66af4ec3-aa5d-5ac1-97c2-27ef7319a318,cbfad4b9-2d4b-5e3c-abc5-c425f638f798,1e230f73-2f08-5af1-9177-fe79801a51df,True,True
66af4ec3-aa5d-5ac1-97c2-27ef7319a318,24220511-868a-5a5c-990e-55cf78ceddc7,1e230f73-2f08-5af1-9177-fe79801a51df,True,True
66af4ec3-aa5d-5ac1-97c2-27ef7319a318,47f1fcf1-875c-5bdb-8f08-c760fdc18c4a,1e230f73-2f08-5af1-9177-fe79801a51df,True,True
66af4ec3-aa5d-5ac1-97c2-27ef7319a318,66b91e4c-9aa3-5ce7-a726-34e45a9c58cf,1e230f73-2f08-5af1-9177-fe79801a51df,True,True
66af4ec3-aa5d-5ac1-97c2-27ef7319a318,cb8ea166-358b-5e71-907b-6fdeffdefff0,1e230f73-2f08-5af1-9177-fe79801a51df,True,True
66af4ec3-aa5d-5ac1-97c2-27ef7319a318,a0867105-e689-541e-96fa-a68014ea44f3,1e230f73-2f08-5af1-9177-fe79801a51df,True,True
66af4ec3-aa5d-5ac1-97c2-27ef7319a318,77ffd341-5778-5198-a2bb-6ddd017cc338,1e230f73-2f08-5af1-9177-fe79801a51df,True,True
66af4ec3-aa5d-5ac1-97c2-27ef7319a318,7f6005cb-5ffb-54bc-9d37-5e85ec0111b9,1e230f73-2f08-5af1-9177-fe79801a51df,True,True
66af4ec3-aa5d-5ac1-97c2-27ef7319a318,ea692fc4-54e0-535a-b8a1-d874d673b7a8,1e230f73-2f08-5af1-9177-fe79801a51df,True,True
66af4ec3-aa5d-5ac1-97c2-27ef7319a318,fddc4c3c-6be4-5591-adb8-f286456a3c49,1e230f73-2f08-5af1-9177-fe79801a51df,True,True
66af4ec3-aa5d-5ac1-97c2-27ef7319a318,4795095e-00c6-5642-aa28-4abbd0c76a7c,1e230f73-2f08-5af1-9177-fe79801a51df,True,True
66af4ec3-aa5d-5ac1-97c2-27ef7319a318,f762be8e-bb20-512b-a9a8-2d3a7f94442e,1e230f73-2f08-5af1-9177-fe79801a51df,True,True
66af4ec3-aa5d-5ac1-97c2-27ef7319a318,3dfb252a-2c2d-5272-b63b-6cd48785454c,1e230f73-2f08-5af1-9177-fe79801a51df,True,True
66af4ec3-aa5d-5ac1-97c2-27ef7319a318,5df675f5-4a94-5672-bb02-1e769cc16c93,1e230f73-2f08-5af1-9177-fe79801a51df,True,True
66af4ec3-aa5d-5ac1-97c2-27ef7319a318,4d56dc06-8c16-58d8-9b6b-9807a7c646e9,1e230f73-2f08-5af1-9177-fe79801a51df,True,True
66af4ec3-aa5d-5ac1-97c2-27ef7319a318,675b08cf-7ac1-53be-b437-72da2938213e,1e230f73-2f08-5af1-9177-fe79801a51df,True,True
66af4ec3-aa5d-5ac1-97c2-27ef7319a318,d3b34dde-5a06-5522-939d-343d175af30b,1e230f73-2f08-5af1-9177-fe79801a51df,True,True
66af4ec3-aa5d-5ac1-97c2-27ef7319a318,14ab6b80-98bd-5f1d-9692-b562c0633591,1e230f73-2f08-5af1-9177-fe79801a51df,True,True
66af4ec3-aa5d-5ac1-97c2-27ef7319a318,94666304-2967-557f-9ab2-9a962e73b012,1e230f73-2f08-5af1-9177-fe79801a51df,True,True
66af4ec3-aa5d-5ac1-97c2-27ef7319a318,7dd908fb-a9f1-537e-886b-c4eaea85eacf,1e230f73-2f08-5af1-9177-fe79801a51df,True,True
66af4ec3-aa5d-5ac1-97c2-27ef7319a318,6aa90035-b998-57b6-9984-00ef46fa335f,1e230f73-2f08-5af1-9177-fe79801a51df,True,True
66af4ec3-aa5d-5ac1-97c2-27ef7319a318,3a39bee9-8864-5ef4-86b2-9e4fa9932cd8,1e230f73-2f08-5af1-9177-fe79801a51df,True,True
66af4ec3-aa5d-5ac1-97c2-27ef7319a318,d37ce962-4977-5181-aba4-5160c01f6130,1e230f73-2f08-5af1-9177-fe79801a51df,True,True
66af4ec3-aa5d-5ac1-97c2-27ef7319a318,d7258121-80d4-55a2-9bf6-21573350df8a,1e230f73-2f08-5af1-9177-fe79801a51df,True,True
66af4ec3-aa5d-5ac1-97c2-27ef7319a318,f25fa89c-7eae-53f1-9f03-28aa95f7ae92,1e230f73-2f08-5af1-9177-fe79801a51df,True,True
66af4ec3-aa5d-5ac1-97c2-27ef7319a318,690aa3b6-48a5-5e89-bf75-dd76fc8a09a2,1e230f73-2f08-5af1-9177-fe79801a51df,True,True
66af4ec3-aa5d-5ac1-97c2-27ef7319a318,57c1211d-c7e2-551f-8035-695d3558f386,1e230f73-2f08-5af1-9177-fe79801a51df,True,True
66af4ec3-aa5d-5ac1-97c2-27ef7319a318,9c5fdacf-2fe2-5899-a6e8-220599415f66,1e230f73-2f08-5af1-9177-fe79801a51df,True,True
66af4ec3-aa5d-5ac1-97c2-27ef7319a318,ae098a58-c376-5687-816f-f514dd35d494,1e230f73-2f08-5af1-9177-fe79801a51df,True,True
66af4ec3-aa5d-5ac1-97c2-27ef7319a318,14a8f720-2bf9-5ec1-ab62-1689fb33af39,1e230f73-2f08-5af1-9177-fe79801a51df,True,True
66af4ec3-aa5d-5ac1-97c2-27ef7319a318,d3f72bf3-0967-58db-b50c-2cacdbf0134c,1e230f73-2f08-5af1-9177-fe79801a51df,True,True
66af4ec3-aa5d-5ac1-97c2-27ef7319a318,fbb3dac1-0acf-5851-8b6c-897fa938cba5,1e230f73-2f08-5af1-9177-fe79801a51df,True,True
66af4ec3-aa5d-5ac1-97c2-27ef7319a318,3dbff03f-731a-56cb-8b23-73702f910955,1e230f73-2f08-5af1-9177-fe79801a51df,True,True
66af4ec3-aa5d-5ac1-97c2-27ef7319a318,c223980a-da24-5e1e-b112-97249a9b00ab,1e230f73-2f08-5af1-9177-fe79801a51df,True,True
66af4ec3-aa5d-5ac1-97c2-27ef7319a318,b15e2788-389a-546d-af80-4c9522d7f325,1e230f73-2f08-5af1-9177-fe79801a51df,True,True
66af4ec3-aa5d-5ac1-97c2-27ef7319a318,5fcf29c8-f57d-5206-8a2d-481e3dc8f0dd,1e230f73-2f08-5af1-9177-fe79801a51df,True,True
66af4ec3-aa5d-5ac1-97c2-27ef7319a318,0f422ecb-cd83-5d62-beb5-7e491a8a680c,1e230f73-2f08-5af1-9177-fe79801a51df,True,True
66af4ec3-aa5d-5ac1-97c2-27ef7319a318,0fef753c-d20d-553f-bbb9-1c3d2ddb0f04,1e230f73-2f08-5af1-9177-fe79801a51df,True,True
66af4ec3-aa5d-5ac1-97c2-27ef7319a318,eb84dc90-eee4-5f50-87d4-9b33eead85b5,1e230f73-2f08-5af1-9177-fe79801a51df,True,True
66af4ec3-aa5d-5ac1-97c2-27ef7319a318,00dcd563-ce05-5c1d-9a57-15619e7bde0f,1e230f73-2f08-5af1-9177-fe79801a51df,True,True
66af4ec3-aa5d-5ac1-97c2-27ef7319a318,6bb9781c-cdf3-5c7c-a54a-12e14717d78c,2da88081-7bbd-51e0-8a0f-2238d52d5a24,True,True
66af4ec3-aa5d-5ac1-97c2-27ef7319a318,f392f5be-0693-5a74-a886-250992cbc678,2da88081-7bbd-51e0-8a0f-2238d52d5a24,True,True
66af4ec3-aa5d-5ac1-97c2-27ef7319a318,20294bde-b7a4-55e1-9f86-fa3e65fa69a6,2da88081-7bbd-51e0-8a0f-2238d52d5a24,True,True
66af4ec3-aa5d-5ac1-97c2-27ef7319a318,e7857f0c-c770-5da2-a780-6627e45bd5cc,2da88081-7bbd-51e0-8a0f-2238d52d5a24,True,True
66af4ec3-aa5d-5ac1-97c2-27ef7319a318,937927c8-45b6-55b2-8221-d9977a811830,2da88081-7bbd-51e0-8a0f-2238d52d5a24,True,True
66af4ec3-aa5d-5ac1-97c2-27ef7319a318,27e0dce3-6ad0-50e9-a9fd-49538cea36a5,2da88081-7bbd-51e0-8a0f-2238d52d5a24,True,True
66af4ec3-aa5d-5ac1-97c2-27ef7319a318,f09d4dc9-ae67-51f4-be18-5d31bb587c0d,2da88081-7bbd-51e0-8a0f-2238d52d5a24,True,True
66af4ec3-aa5d-5ac1-97c2-27ef7319a318,d86b2dc7-efea-5732-9b96-2dbac2982b4e,2da88081-7bbd-51e0-8a0f-2238d52d5a24,True,True
66af4ec3-aa5d-5ac1-97c2-27ef7319a318,218f4d77-13ae-5b3d-b8f7-ffc29a2713db,2da88081-7bbd-51e0-8a0f-2238d52d5a24,True,True
66af4ec3-aa5d-5ac1-97c2-27ef7319a318,9e9d6986-bd9e-58b5-b537-bbc8ef674a6b,2da88081-7bbd-51e0-8a0f-2238d52d5a24,True,True
66af4ec3-aa5d-5ac1-97c2-27ef7319a318,cd13e267-9cc6-545d-8fa5-ca2116a6f746,2da88081-7bbd-51e0-8a0f-2238d52d5a24,True,True
66af4ec3-aa5d-5ac1-97c2-27ef7319a318,7f8be8e1-e2cb-5162-8e1c-dae181100247,2da88081-7bbd-51e0-8a0f-2238d52d5a24,True,True
66af4ec3-aa5d-5ac1-97c2-27ef7319a318,15348bc8-8870-525a-92d8-6def583a1ef5,2da88081-7bbd-51e0-8a0f-2238d52d5a24,True,True
66af4ec3-aa5d-5ac1-97c2-27ef7319a318,c1da6877-dedf-5124-9346-0de35b1eac87,2da88081-7bbd-51e0-8a0f-2238d52d5a24,True,True
66af4ec3-aa5d-5ac1-97c2-27ef7319a318,ae839e4d-472a-5ddc-9f59-7efdfa92e1c8,2da88081-7bbd-51e0-8a0f-2238d52d5a24,True,True
66af4ec3-aa5d-5ac1-97c2-27ef7319a318,995ebefb-6d31-535f-87e9-695b52273602,2da88081-7bbd-51e0-8a0f-2238d52d5a24,True,True
66af4ec3-aa5d-5ac1-97c2-27ef7319a318,7185139c-ea8d-56d5-ad2a-8cbb15b9e25f,2da88081-7bbd-51e0-8a0f-2238d52d5a24,True,True
66af4ec3-aa5d-5ac1-97c2-27ef7319a318,f057ee87-df42-5471-9b0e-ca8a866cf8dd,2da88081-7bbd-51e0-8a0f-2238d52d5a24,True,True
66af4ec3-aa5d-5ac1-97c2-27ef7319a318,ddc90168-9aff-571a-8fbe-2b79d98b9296,2da88081-7bbd-51e0-8a0f-2238d52d5a24,True,True
66af4ec3-aa5d-5ac1-97c2-27ef7319a318,93de300b-3d32-56ab-a62a-86be84944438,2da88081-7bbd-51e0-8a0f-2238d52d5a24,True,True
66af4ec3-aa5d-5ac1-97c2-27ef7319a318,7a73c59d-bcd5-5796-8eff-8927fe5f6c68,2da88081-7bbd-51e0-8a0f-2238d52d5a24,True,True
66af4ec3-aa5d-5ac1-97c2-27ef7319a318,227dd306-1aa3-5f19-9289-b25b0bf79eac,2da88081-7bbd-51e0-8a0f-2238d52d5a24,True,True
66af4ec3-aa5d-5ac1-97c2-27ef7319a318,50a20632-ba77-5e73-8200-23b6571c3ae9,2da88081-7bbd-51e0-8a0f-2238d52d5a24,True,True
66af4ec3-aa5d-5ac1-97c2-27ef7319a318,be037b34-7a88-5ad5-8aa4-2506a2fc60a1,2da88081-7bbd-51e0-8a0f-2238d52d5a24,True,True
66af4ec3-aa5d-5ac1-97c2-27ef7319a318,b8c02017-c50e-5c43-9408-9577929a111c,2da88081-7bbd-51e0-8a0f-2238d52d5a24,True,True
66af4ec3-aa5d-5ac1-97c2-27ef7319a318,922e5295-1144-5413-86d4-107c265e4189,2da88081-7bbd-51e0-8a0f-2238d52d5a24,True,True
66af4ec3-aa5d-5ac1-97c2-27ef7319a318,795f850d-b4ca-5ecd-affc-0c5cf10a3c67,2da88081-7bbd-51e0-8a0f-2238d52d5a24,True,True
66af4ec3-aa5d-5ac1-97c2-27ef7319a318,c66f3348-075f-5bce-b8c5-c3ddd9a94f67,2da88081-7bbd-51e0-8a0f-2238d52d5a24,True,True
66af4ec3-aa5d-5ac1-97c2-27ef7319a318,0f7e12ff-b778-5ca4-a862-84a995e46ce6,2da88081-7bbd-51e0-8a0f-2238d52d5a24,True,True
66af4ec3-aa5d-5ac1-97c2-27ef7319a318,1c6fdf47-3d2c-5e73-b45d-6f7169dd0bfb,2da88081-7bbd-51e0-8a0f-2238d52d5a24,True,True
66af4ec3-aa5d-5ac1-97c2-27ef7319a318,6eed6e3b-7a38-553a-a77c-6b005b09a1f6,2da88081-7bbd-51e0-8a0f-2238d52d5a24,True,True
66af4ec3-aa5d-5ac1-97c2-27ef7319a318,8824fa16-183b-5b7b-9940-66d92fcd0e1c,2da88081-7bbd-51e0-8a0f-2238d52d5a24,True,True
66af4ec3-aa5d-5ac1-97c2-27ef7319a318,1aa8a0e9-118a-5731-b14e-0bc25535b9a4,2da88081-7bbd-51e0-8a0f-2238d52d5a24,True,True
66af4ec3-aa5d-5ac1-97c2-27ef7319a318,d6225dcf-1a98-50f5-a2c8-0b017987eef9,2da88081-7bbd-51e0-8a0f-2238d52d5a24,True,True
66af4ec3-aa5d-5ac1-97c2-27ef7319a318,6b58120b-f64b-5e85-b1a4-6e9de4760a1e,2da88081-7bbd-51e0-8a0f-2238d52d5a24,True,True
66af4ec3-aa5d-5ac1-97c2-27ef7319a318,b5710b7e-7bab-52a4-8227-065adee10fe7,2da88081-7bbd-51e0-8a0f-2238d52d5a24,True,True
66af4ec3-aa5d-5ac1-97c2-27ef7319a318,60a1fb9e-6abd-504a-b0e8-4439df6a56cb,2da88081-7bbd-51e0-8a0f-2238d52d5a24,True,True
66af4ec3-aa5d-5ac1-97c2-27ef7319a318,b8996143-8c6b-51d3-842c-7b32a299f6f3,2da88081-7bbd-51e0-8a0f-2238d52d5a24,True,True
66af4ec3-aa5d-5ac1-97c2-27ef7319a318,6966ca19-c3e2-5cfa-82ac-aa44fc99a6ea,2da88081-7bbd-51e0-8a0f-2238d52d5a24,True,True
66af4ec3-aa5d-5ac1-97c2-27ef7319a318,9c815bf9-e845-5df9-a827-cf15f410dfbc,2da88081-7bbd-51e0-8a0f-2238d52d5a24,True,True
66af4ec3-aa5d-5ac1-97c2-27ef7319a318,810832d4-e5c6-5eef-be78-42cb7625a748,2da88081-7bbd-51e0-8a0f-2238d52d5a24,True,True
66af4ec3-aa5d-5ac1-97c2-27ef7319a318,1c6045f8-c1a1-54ad-8f1c-713f22f09cfc,2da88081-7bbd-51e0-8a0f-2238d52d5a24,True,True
66af4ec3-aa5d-5ac1-97c2-27ef7319a318,47bf5e23-486a-532c-9f23-dc91985d02cd,2da88081-7bbd-51e0-8a0f-2238d52d5a24,True,True
66af4ec3-aa5d-5ac1-97c2-27ef7319a318,798f6613-9519-584a-8646-03e07de96742,2da88081-7bbd-51e0-8a0f-2238d52d5a24,True,True
66af4ec3-aa5d-5ac1-97c2-27ef7319a318,be833bad-6bd7-5ece-8864-057a7103da23,2da88081-7bbd-51e0-8a0f-2238d52d5a24,True,True
66af4ec3-aa5d-5ac1-97c2-27ef7319a318,29a46f61-9549-598d-9e3f-084f17e44763,2da88081-7bbd-51e0-8a0f-2238d52d5a24,True,True
66af4ec3-aa5d-5ac1-97c2-27ef7319a318,6515fac5-f438-523c-a4d5-0d11188ddda4,2da88081-7bbd-51e0-8a0f-2238d52d5a24,True,True
66af4ec3-aa5d-5ac1-97c2-27ef7319a318,9d6c539f-59ab-5b17-b8a6-603cccb119bc,2da88081-7bbd-51e0-8a0f-2238d52d5a24,True,True
66af4ec3-aa5d-5ac1-97c2-27ef7319a318,d63d2541-d427-5344-a948-4d211dfa7b3b,2da88081-7bbd-51e0-8a0f-2238d52d5a24,True,True
66af4ec3-aa5d-5ac1-97c2-27ef7319a318,26474416-9d8e-56b1-a5a3-e5b643ab4cb3,2da88081-7bbd-51e0-8a0f-2238d52d5a24,True,True
66af4ec3-aa5d-5ac1-97c2-27ef7319a318,c07bdb03-acb9-5495-af11-e5dd8dd6bd5f,2da88081-7bbd-51e0-8a0f-2238d52d5a24,True,True
66af4ec3-aa5d-5ac1-97c2-27ef7319a318,be929e86-1a5a-551a-b788-beae6b55befa,2da88081-7bbd-51e0-8a0f-2238d52d5a24,True,True
66af4ec3-aa5d-5ac1-97c2-27ef7319a318,a1d86e9d-4563-597a-8bd8-dadc670d9e9b,2da88081-7bbd-51e0-8a0f-2238d52d5a24,True,True
66af4ec3-aa5d-5ac1-97c2-27ef7319a318,ea787fbd-c61e-597a-a119-d1d752f2d84c,2da88081-7bbd-51e0-8a0f-2238d52d5a24,True,True
66af4ec3-aa5d-5ac1-97c2-27ef7319a318,51f15c25-043d-5210-bfc7-a241af59ff41,2da88081-7bbd-51e0-8a0f-2238d52d5a24,True,True
66af4ec3-aa5d-5ac1-97c2-27ef7319a318,82793209-d040-511c-92bb-762976899482,2da88081-7bbd-51e0-8a0f-2238d52d5a24,True,True
66af4ec3-aa5d-5ac1-97c2-27ef7319a318,d5a71d0f-aa4c-5a52-901a-21a65607b632,2da88081-7bbd-51e0-8a0f-2238d52d5a24,True,True
66af4ec3-aa5d-5ac1-97c2-27ef7319a318,341509f2-93de-5241-b874-0cb97b93d5a8,2da88081-7bbd-51e0-8a0f-2238d52d5a24,True,True
66af4ec3-aa5d-5ac1-97c2-27ef7319a318,03e36455-b6c0-5021-8a47-ee610742dddd,2da88081-7bbd-51e0-8a0f-2238d52d5a24,True,True
66af4ec3-aa5d-5ac1-97c2-27ef7319a318,d6b9b072-77ec-5260-840f-6b68990d9dcd,2da88081-7bbd-51e0-8a0f-2238d52d5a24,True,True
66af4ec3-aa5d-5ac1-97c2-27ef7319a318,63cc4b50-2c1f-59c6-9aa4-27343e6dd379,2da88081-7bbd-51e0-8a0f-2238d52d5a24,True,True
66af4ec3-aa5d-5ac1-97c2-27ef7319a318,446ea3cf-9695-54c7-ae26-69c1d7668d54,2da88081-7bbd-51e0-8a0f-2238d52d5a24,True,True
66af4ec3-aa5d-5ac1-97c2-27ef7319a318,be043a00-5e2d-5fdf-88da-be842d24e731,2da88081-7bbd-51e0-8a0f-2238d52d5a24,True,True
66af4ec3-aa5d-5ac1-97c2-27ef7319a318,45e19bfb-e74f-5d3d-97ce-d4c69a157046,2da88081-7bbd-51e0-8a0f-2238d52d5a24,True,True
66af4ec3-aa5d-5ac1-97c2-27ef7319a318,fc430be9-02b4-5a34-84e8-69c6b05a4716,2da88081-7bbd-51e0-8a0f-2238d52d5a24,True,True
66af4ec3-aa5d-5ac1-97c2-27ef7319a318,7549e287-c13b-59c5-a314-6b62847c39d8,2da88081-7bbd-51e0-8a0f-2238d52d5a24,True,True
66af4ec3-aa5d-5ac1-97c2-27ef7319a318,0e2d0757-5c5a-51d8-8b4b-d34b1a90c8cd,2da88081-7bbd-51e0-8a0f-2238d52d5a24,True,True
66af4ec3-aa5d-5ac1-97c2-27ef7319a318,e606e51b-f926-5486-a577-c4a5670396cd,2da88081-7bbd-51e0-8a0f-2238d52d5a24,True,True
66af4ec3-aa5d-5ac1-97c2-27ef7319a318,e7bb755d-647c-5c60-b0a9-f42ec756c49c,2da88081-7bbd-51e0-8a0f-2238d52d5a24,True,True
66af4ec3-aa5d-5ac1-97c2-27ef7319a318,7c08d263-4546-55fe-9802-a54349c2dfcb,2da88081-7bbd-51e0-8a0f-2238d52d5a24,True,True
66af4ec3-aa5d-5ac1-97c2-27ef7319a318,922a5cd9-ab33-541c-91d6-a8b159a74539,2da88081-7bbd-51e0-8a0f-2238d52d5a24,True,True
66af4ec3-aa5d-5ac1-97c2-27ef7319a318,12198391-808e-518f-b92c-5a81a478fcae,2da88081-7bbd-51e0-8a0f-2238d52d5a24,True,True
66af4ec3-aa5d-5ac1-97c2-27ef7319a318,e583420b-1326-5dfb-b9c1-a5f98fcdf180,2da88081-7bbd-51e0-8a0f-2238d52d5a24,True,True
66af4ec3-aa5d-5ac1-97c2-27ef7319a318,ad61df5d-697a-5f36-a07b-69e7ce4ab1ea,2da88081-7bbd-51e0-8a0f-2238d52d5a24,True,True
66af4ec3-aa5d-5ac1-97c2-27ef7319a318,00413dc4-b716-53ee-91d7-5481ac3c58da,2da88081-7bbd-51e0-8a0f-2238d52d5a24,True,True
66af4ec3-aa5d-5ac1-97c2-27ef7319a318,eddbd058-97ab-5b25-9a0d-dc6d1019dd1f,2da88081-7bbd-51e0-8a0f-2238d52d5a24,True,True
66af4ec3-aa5d-5ac1-97c2-27ef7319a318,5b1733d4-8510-5602-b157-e67cbb7d8a75,2da88081-7bbd-51e0-8a0f-2238d52d5a24,True,True
66af4ec3-aa5d-5ac1-97c2-27ef7319a318,6812cd73-5fef-505c-9018-be115473001f,2da88081-7bbd-51e0-8a0f-2238d52d5a24,True,True
66af4ec3-aa5d-5ac1-97c2-27ef7319a318,7672926b-7dec-5c47-a043-47afb217a089,2da88081-7bbd-51e0-8a0f-2238d52d5a24,True,True
66af4ec3-aa5d-5ac1-97c2-27ef7319a318,64a1524e-ae7f-5d57-8790-8d5ea1b65ec1,2da88081-7bbd-51e0-8a0f-2238d52d5a24,True,True
66af4ec3-aa5d-5ac1-97c2-27ef7319a318,b7f308ae-1602-5c93-a9a7-d5884c5853f8,2da88081-7bbd-51e0-8a0f-2238d52d5a24,True,True
66af4ec3-aa5d-5ac1-97c2-27ef7319a318,3ab05587-f393-5242-90c1-f42ff0768970,2da88081-7bbd-51e0-8a0f-2238d52d5a24,True,True
66af4ec3-aa5d-5ac1-97c2-27ef7319a318,907c5e55-ffe2-5951-9d23-2960111bfcd4,2da88081-7bbd-51e0-8a0f-2238d52d5a24,True,True
66af4ec3-aa5d-5ac1-97c2-27ef7319a318,bbb7fef3-a66c-5213-9160-f95ab22f1492,2da88081-7bbd-51e0-8a0f-2238d52d5a24,True,True
66af4ec3-aa5d-5ac1-97c2-27ef7319a318,f0199103-0fac-5c53-a094-c3dc9966a48c,2da88081-7bbd-51e0-8a0f-2238d52d5a24,True,True
66af4ec3-aa5d-5ac1-97c2-27ef7319a318,1528b15d-3419-5f37-8658-58e93d85e3b1,2da88081-7bbd-51e0-8a0f-2238d52d5a24,True,True
66af4ec3-aa5d-5ac1-97c2-27ef7319a318,2246875d-e725-5acf-aec9-654337505f03,2da88081-7bbd-51e0-8a0f-2238d52d5a24,True,True
66af4ec3-aa5d-5ac1-97c2-27ef7319a318,18911161-77f5-55c6-95eb-4cb67a362c3a,2da88081-7bbd-51e0-8a0f-2238d52d5a24,True,True
66af4ec3-aa5d-5ac1-97c2-27ef7319a318,a7fe7b8c-1e44-5497-b85d-bcc51dfee636,2da88081-7bbd-51e0-8a0f-2238d52d5a24,True,True
66af4ec3-aa5d-5ac1-97c2-27ef7319a318,736d505f-f22c-5646-9fe8-8a520aa82848,2da88081-7bbd-51e0-8a0f-2238d52d5a24,True,True
66af4ec3-aa5d-5ac1-97c2-27ef7319a318,44238db1-6177-5f8e-ad1b-94b9fa774224,2da88081-7bbd-51e0-8a0f-2238d52d5a24,True,True
66af4ec3-aa5d-5ac1-97c2-27ef7319a318,31865b74-c4b8-5166-a231-2e84104d8b61,2da88081-7bbd-51e0-8a0f-2238d52d5a24,True,True
66af4ec3-aa5d-5ac1-97c2-27ef7319a318,e8740d09-15c1-523e-afc2-685860d9f6df,2da88081-7bbd-51e0-8a0f-2238d52d5a24,True,True
66af4ec3-aa5d-5ac1-97c2-27ef7319a318,c0a9b7f2-7d97-57f5-9304-20efba1eebd7,2da88081-7bbd-51e0-8a0f-2238d52d5a24,True,True
66af4ec3-aa5d-5ac1-97c2-27ef7319a318,a0a41fe1-42d8-5c47-abe8-c9e2e6a608f9,2da88081-7bbd-51e0-8a0f-2238d52d5a24,True,True
66af4ec3-aa5d-5ac1-97c2-27ef7319a318,488ea3b8-c8ce-5c76-84cf-0c0b57a9fc77,2da88081-7bbd-51e0-8a0f-2238d52d5a24,True,True
66af4ec3-aa5d-5ac1-97c2-27ef7319a318,4b651ca0-da3c-5954-baea-cde57479794b,2da88081-7bbd-51e0-8a0f-2238d52d5a24,True,True
66af4ec3-aa5d-5ac1-97c2-27ef7319a318,452a0788-54ad-55bd-ad95-9643bdffa128,2da88081-7bbd-51e0-8a0f-2238d52d5a24,True,True
66af4ec3-aa5d-5ac1-97c2-27ef7319a318,5290b06f-fd56-5655-8e28-3667aad11ea5,2da88081-7bbd-51e0-8a0f-2238d52d5a24,True,True
66af4ec3-aa5d-5ac1-97c2-27ef7319a318,1e1aa3a1-8b59-536d-b194-e0116f231d3b,2da88081-7bbd-51e0-8a0f-2238d52d5a24,True,True
66af4ec3-aa5d-5ac1-97c2-27ef7319a318,b2f04475-0fb3-54b8-9793-be7650b7d4cd,2da88081-7bbd-51e0-8a0f-2238d52d5a24,True,True
66af4ec3-aa5d-5ac1-97c2-27ef7319a318,ec332fca-7b26-5f9c-aec8-742f1f67aab8,2da88081-7bbd-51e0-8a0f-2238d52d5a24,True,True
66af4ec3-aa5d-5ac1-97c2-27ef7319a318,3d434416-3f3e-5b3f-8eb0-376bce32d702,2da88081-7bbd-51e0-8a0f-2238d52d5a24,True,True
66af4ec3-aa5d-5ac1-97c2-27ef7319a318,13882f5c-cff2-53d8-9c5a-735bbfabab13,2da88081-7bbd-51e0-8a0f-2238d52d5a24,True,True
66af4ec3-aa5d-5ac1-97c2-27ef7319a318,b6ef192d-7f4e-5889-9eac-4f9abb9a1957,2da88081-7bbd-51e0-8a0f-2238d52d5a24,True,True
66af4ec3-aa5d-5ac1-97c2-27ef7319a318,da20d7a3-6a1e-56d9-8670-5c5be6ab3e8e,2da88081-7bbd-51e0-8a0f-2238d52d5a24,True,True
66af4ec3-aa5d-5ac1-97c2-27ef7319a318,6439c735-9f83-5526-9308-b24451843407,2da88081-7bbd-51e0-8a0f-2238d52d5a24,True,True
66af4ec3-aa5d-5ac1-97c2-27ef7319a318,9524e809-73c5-5801-9b6f-301cf6aea4a4,2da88081-7bbd-51e0-8a0f-2238d52d5a24,True,True
66af4ec3-aa5d-5ac1-97c2-27ef7319a318,c58a043c-4b7e-578e-8cc8-69dc627a5439,2da88081-7bbd-51e0-8a0f-2238d52d5a24,True,True
66af4ec3-aa5d-5ac1-97c2-27ef7319a318,735963ed-b058-5ed6-bba5-2948730a92a2,2da88081-7bbd-51e0-8a0f-2238d52d5a24,True,True
66af4ec3-aa5d-5ac1-97c2-27ef7319a318,d3a21a53-2f1b-5392-8481-8cc62eca049a,2da88081-7bbd-51e0-8a0f-2238d52d5a24,True,True
66af4ec3-aa5d-5ac1-97c2-27ef7319a318,631e0544-b4b5-5818-a367-d278ecb5572e,2da88081-7bbd-51e0-8a0f-2238d52d5a24,True,True
66af4ec3-aa5d-5ac1-97c2-27ef7319a318,cd158530-916f-583d-9f1d-95ee0dadcfb2,2da88081-7bbd-51e0-8a0f-2238d52d5a24,True,True
66af4ec3-aa5d-5ac1-97c2-27ef7319a318,cfb691a7-04b1-516f-b57a-9180308d1486,2da88081-7bbd-51e0-8a0f-2238d52d5a24,True,True
66af4ec3-aa5d-5ac1-97c2-27ef7319a318,0ad1a507-bc4f-5021-b05b-c4459234b312,2da88081-7bbd-51e0-8a0f-2238d52d5a24,True,True
66af4ec3-aa5d-5ac1-97c2-27ef7319a318,5e189c54-203b-5cc4-8985-f47b9b011edb,2da88081-7bbd-51e0-8a0f-2238d52d5a24,True,True
66af4ec3-aa5d-5ac1-97c2-27ef7319a318,c5420060-3b5c-5c08-ad7c-b97191deb8d8,2da88081-7bbd-51e0-8a0f-2238d52d5a24,True,True
66af4ec3-aa5d-5ac1-97c2-27ef7319a318,2784f814-5ecb-5dd0-bc36-c19d6979f3a8,2da88081-7bbd-51e0-8a0f-2238d52d5a24,True,True
66af4ec3-aa5d-5ac1-97c2-27ef7319a318,e97f33bb-8a07-5775-b296-2a380ee01a00,2da88081-7bbd-51e0-8a0f-2238d52d5a24,True,True
66af4ec3-aa5d-5ac1-97c2-27ef7319a318,ace50875-0c56-539a-8a68-33358cc4fe2a,2da88081-7bbd-51e0-8a0f-2238d52d5a24,True,True
66af4ec3-aa5d-5ac1-97c2-27ef7319a318,fad28863-3dc3-5d7f-9a0a-909b5cc9f1e7,2da88081-7bbd-51e0-8a0f-2238d52d5a24,True,True
66af4ec3-aa5d-5ac1-97c2-27ef7319a318,44d7a1a5-b641-5f8e-b8c9-abd82faaaa41,2da88081-7bbd-51e0-8a0f-2238d52d5a24,True,True
66af4ec3-aa5d-5ac1-97c2-27ef7319a318,a4536ed7-ebcb-5ef4-ab54-fe3d5d99ab61,2da88081-7bbd-51e0-8a0f-2238d52d5a24,True,True
66af4ec3-aa5d-5ac1-97c2-27ef7319a318,79e38f03-0f23-55e8-9f7a-549294eb5c55,2da88081-7bbd-51e0-8a0f-2238d52d5a24,True,True
66af4ec3-aa5d-5ac1-97c2-27ef7319a318,54f8ab22-efe6-5fa8-82b7-0a4b2db54218,2da88081-7bbd-51e0-8a0f-2238d52d5a24,True,True
66af4ec3-aa5d-5ac1-97c2-27ef7319a318,52067588-f51c-5e0a-b5b2-fc4274d3cdfd,2da88081-7bbd-51e0-8a0f-2238d52d5a24,True,True
66af4ec3-aa5d-5ac1-97c2-27ef7319a318,aed600fe-d45a-592e-82bd-cba3d5a02531,2da88081-7bbd-51e0-8a0f-2238d52d5a24,True,True
66af4ec3-aa5d-5ac1-97c2-27ef7319a318,ccee920f-3246-58cf-b21d-979201a58f5f,2da88081-7bbd-51e0-8a0f-2238d52d5a24,True,True
66af4ec3-aa5d-5ac1-97c2-27ef7319a318,e09fbda2-c37d-5ffc-897c-9a7c9707e7d4,2da88081-7bbd-51e0-8a0f-2238d52d5a24,True,True
66af4ec3-aa5d-5ac1-97c2-27ef7319a318,3699258f-ab6d-5550-af0f-8340b4ff4c75,2da88081-7bbd-51e0-8a0f-2238d52d5a24,True,True
66af4ec3-aa5d-5ac1-97c2-27ef7319a318,e6f961d8-0fea-5574-b4e9-f8c22a217890,2da88081-7bbd-51e0-8a0f-2238d52d5a24,True,True
66af4ec3-aa5d-5ac1-97c2-27ef7319a318,d91166d9-e8e6-5f1d-9ca6-09f6c5f91c89,2da88081-7bbd-51e0-8a0f-2238d52d5a24,True,True
66af4ec3-aa5d-5ac1-97c2-27ef7319a318,a84fd0d7-06c7-56e8-bfd7-91ff0c9c3621,2da88081-7bbd-51e0-8a0f-2238d52d5a24,True,True
66af4ec3-aa5d-5ac1-97c2-27ef7319a318,20a806a9-1f41-529f-893c-2371b27bbc0f,2da88081-7bbd-51e0-8a0f-2238d52d5a24,True,True
66af4ec3-aa5d-5ac1-97c2-27ef7319a318,2e16920c-66af-54f2-b0c3-9ee74236419f,2da88081-7bbd-51e0-8a0f-2238d52d5a24,True,True
66af4ec3-aa5d-5ac1-97c2-27ef7319a318,8239b092-655b-57e6-94ae-16590a2578bb,2da88081-7bbd-51e0-8a0f-2238d52d5a24,True,True
66af4ec3-aa5d-5ac1-97c2-27ef7319a318,44e1cfd3-626f-54ca-8522-7773b1a17fd6,2da88081-7bbd-51e0-8a0f-2238d52d5a24,True,True
66af4ec3-aa5d-5ac1-97c2-27ef7319a318,8822c976-3082-5b02-adc3-b5538062a6c9,2da88081-7bbd-51e0-8a0f-2238d52d5a24,True,True
66af4ec3-aa5d-5ac1-97c2-27ef7319a318,d3cf7b1d-494d-5ed7-b49f-7b455a18a52f,2da88081-7bbd-51e0-8a0f-2238d52d5a24,True,True
66af4ec3-aa5d-5ac1-97c2-27ef7319a318,0888a2a8-be07-5c60-a09b-f6577c8c81a3,2da88081-7bbd-51e0-8a0f-2238d52d5a24,True,True
66af4ec3-aa5d-5ac1-97c2-27ef7319a318,3bb97cf1-c02d-553c-b184-24887e9a2bed,2da88081-7bbd-51e0-8a0f-2238d52d5a24,True,True
66af4ec3-aa5d-5ac1-97c2-27ef7319a318,322dae23-e027-5e90-addf-dc10b83d6618,2da88081-7bbd-51e0-8a0f-2238d52d5a24,True,True
66af4ec3-aa5d-5ac1-97c2-27ef7319a318,6420c8e7-8a4a-5210-af50-f1bd5626cb7a,2da88081-7bbd-51e0-8a0f-2238d52d5a24,True,True
66af4ec3-aa5d-5ac1-97c2-27ef7319a318,587b2b7c-5888-5e70-bd30-735c7dcc8543,2da88081-7bbd-51e0-8a0f-2238d52d5a24,True,True
66af4ec3-aa5d-5ac1-97c2-27ef7319a318,c81810ba-1549-5d09-b585-80a542b9ed9b,2da88081-7bbd-51e0-8a0f-2238d52d5a24,True,True
66af4ec3-aa5d-5ac1-97c2-27ef7319a318,fe0d1e12-c02e-5f28-b88c-208ab74ace73,2da88081-7bbd-51e0-8a0f-2238d52d5a24,True,True
66af4ec3-aa5d-5ac1-97c2-27ef7319a318,4ff60959-250f-5d11-9669-8ada74aa36a2,2da88081-7bbd-51e0-8a0f-2238d52d5a24,True,True
66af4ec3-aa5d-5ac1-97c2-27ef7319a318,e5d7bb16-b08a-5ca7-b073-55fbd95fde54,2da88081-7bbd-51e0-8a0f-2238d52d5a24,True,True
66af4ec3-aa5d-5ac1-97c2-27ef7319a318,a7ee4172-1c80-50c5-bb5b-a55511354897,2da88081-7bbd-51e0-8a0f-2238d52d5a24,True,True
66af4ec3-aa5d-5ac1-97c2-27ef7319a318,6ff6dd33-4c6c-5da7-afbd-d02d64a6f5ff,2da88081-7bbd-51e0-8a0f-2238d52d5a24,True,True
66af4ec3-aa5d-5ac1-97c2-27ef7319a318,b18ade78-d2a3-5618-bd3a-922f98e3363a,2da88081-7bbd-51e0-8a0f-2238d52d5a24,True,True
66af4ec3-aa5d-5ac1-97c2-27ef7319a318,372019e4-f6a1-5eab-a424-57b7fa5b2523,2da88081-7bbd-51e0-8a0f-2238d52d5a24,True,True
66af4ec3-aa5d-5ac1-97c2-27ef7319a318,9fb4ce80-6a89-5401-86da-296bd9d214c2,2da88081-7bbd-51e0-8a0f-2238d52d5a24,True,True
66af4ec3-aa5d-5ac1-97c2-27ef7319a318,bff71d7c-d9fc-5388-9ecc-b73f9efac73d,2da88081-7bbd-51e0-8a0f-2238d52d5a24,True,True
66af4ec3-aa5d-5ac1-97c2-27ef7319a318,6f8278b5-2350-5615-9f84-72ab26b76740,2da88081-7bbd-51e0-8a0f-2238d52d5a24,True,True
66af4ec3-aa5d-5ac1-97c2-27ef7319a318,aa37eda8-3b43-59db-97bb-00710a8d31a5,2da88081-7bbd-51e0-8a0f-2238d52d5a24,True,True
66af4ec3-aa5d-5ac1-97c2-27ef7319a318,69220572-6967-57e5-ad7b-28f147755204,2da88081-7bbd-51e0-8a0f-2238d52d5a24,True,True
66af4ec3-aa5d-5ac1-97c2-27ef7319a318,ba81f68e-5264-50de-8879-d9ad655673c7,2da88081-7bbd-51e0-8a0f-2238d52d5a24,True,True
66af4ec3-aa5d-5ac1-97c2-27ef7319a318,e9608642-5096-5be2-8189-e5d176e3b382,2da88081-7bbd-51e0-8a0f-2238d52d5a24,True,True
66af4ec3-aa5d-5ac1-97c2-27ef7319a318,92624b76-f698-54fc-9e9d-873010864fa8,2da88081-7bbd-51e0-8a0f-2238d52d5a24,True,True
66af4ec3-aa5d-5ac1-97c2-27ef7319a318,3ac83a46-d03d-5409-bf18-e2b6766c9082,2da88081-7bbd-51e0-8a0f-2238d52d5a24,True,True
66af4ec3-aa5d-5ac1-97c2-27ef7319a318,3b76a28e-1ac4-55d1-8b16-72b7ff64b475,2da88081-7bbd-51e0-8a0f-2238d52d5a24,True,True
66af4ec3-aa5d-5ac1-97c2-27ef7319a318,e6362ca6-1e6f-5d07-8727-ad27c4d436b5,2da88081-7bbd-51e0-8a0f-2238d52d5a24,True,True
66af4ec3-aa5d-5ac1-97c2-27ef7319a318,645a3cc5-fa13-52d8-882f-1faa4fbaa0c3,2da88081-7bbd-51e0-8a0f-2238d52d5a24,True,True
66af4ec3-aa5d-5ac1-97c2-27ef7319a318,9fa647c3-2c58-54da-b5cb-9897c630d284,2da88081-7bbd-51e0-8a0f-2238d52d5a24,True,True
66af4ec3-aa5d-5ac1-97c2-27ef7319a318,4bc6f3d9-829b-567a-987e-e54d0ffa947d,2da88081-7bbd-51e0-8a0f-2238d52d5a24,True,True
66af4ec3-aa5d-5ac1-97c2-27ef7319a318,5c2455f0-5297-5c48-a2e3-15446c69f496,2da88081-7bbd-51e0-8a0f-2238d52d5a24,True,True
66af4ec3-aa5d-5ac1-97c2-27ef7319a318,601d9d36-f91a-553f-bfbd-b224a8f165e5,2da88081-7bbd-51e0-8a0f-2238d52d5a24,True,True
66af4ec3-aa5d-5ac1-97c2-27ef7319a318,ccc32b31-6238-50e5-9594-de41078360b6,2da88081-7bbd-51e0-8a0f-2238d52d5a24,True,True
66af4ec3-aa5d-5ac1-97c2-27ef7319a318,ac38ef58-86c1-5687-9689-5d3b46f6c97e,2da88081-7bbd-51e0-8a0f-2238d52d5a24,True,True
66af4ec3-aa5d-5ac1-97c2-27ef7319a318,1d5c1baa-7dab-5a3e-8155-336d1e816bc2,2da88081-7bbd-51e0-8a0f-2238d52d5a24,True,True
66af4ec3-aa5d-5ac1-97c2-27ef7319a318,e9998670-6b02-5e40-ba93-2858131855f9,2da88081-7bbd-51e0-8a0f-2238d52d5a24,True,True
66af4ec3-aa5d-5ac1-97c2-27ef7319a318,9c7a8a9b-36c1-5849-a0af-f6d1547417ec,2da88081-7bbd-51e0-8a0f-2238d52d5a24,True,True
66af4ec3-aa5d-5ac1-97c2-27ef7319a318,35ad1ef2-5a58-5823-94a8-cc6f72ee27bb,2da88081-7bbd-51e0-8a0f-2238d52d5a24,True,True
66af4ec3-aa5d-5ac1-97c2-27ef7319a318,50a73f83-84b1-5c77-a959-06daf7ff17a8,2da88081-7bbd-51e0-8a0f-2238d52d5a24,True,True
66af4ec3-aa5d-5ac1-97c2-27ef7319a318,8d7ad484-d2e6-52c6-8a02-9334d7cc1c88,2da88081-7bbd-51e0-8a0f-2238d52d5a24,True,True
66af4ec3-aa5d-5ac1-97c2-27ef7319a318,16d05d2b-88e0-52e0-b8ed-9bf09050e23d,2da88081-7bbd-51e0-8a0f-2238d52d5a24,True,True
66af4ec3-aa5d-5ac1-97c2-27ef7319a318,87fb28c7-ade8-5d56-9ffd-5d5db97998da,2da88081-7bbd-51e0-8a0f-2238d52d5a24,True,True
66af4ec3-aa5d-5ac1-97c2-27ef7319a318,736ef54c-759e-599e-b728-607c5691bcd7,2da88081-7bbd-51e0-8a0f-2238d52d5a24,True,True
66af4ec3-aa5d-5ac1-97c2-27ef7319a318,b85414f3-c55f-5326-be40-f67d713141a7,2da88081-7bbd-51e0-8a0f-2238d52d5a24,True,True
66af4ec3-aa5d-5ac1-97c2-27ef7319a318,76f7100e-ccb6-590b-bd69-30ff16f7831a,2da88081-7bbd-51e0-8a0f-2238d52d5a24,True,True
66af4ec3-aa5d-5ac1-97c2-27ef7319a318,2816b95d-d95f-5ee4-950f-d0b0ff768e75,2da88081-7bbd-51e0-8a0f-2238d52d5a24,True,True
66af4ec3-aa5d-5ac1-97c2-27ef7319a318,c12e46a0-272f-5964-b6fe-da0bc61a2798,2da88081-7bbd-51e0-8a0f-2238d52d5a24,True,True
66af4ec3-aa5d-5ac1-97c2-27ef7319a318,e918e62f-7726-51e2-a4e3-51f568b184d9,2da88081-7bbd-51e0-8a0f-2238d52d5a24,True,True
66af4ec3-aa5d-5ac1-97c2-27ef7319a318,a243b65f-2f36-58da-b367-ead6255ba978,2da88081-7bbd-51e0-8a0f-2238d52d5a24,True,True
66af4ec3-aa5d-5ac1-97c2-27ef7319a318,61324e26-7020-5373-8483-f4872a81a74a,2da88081-7bbd-51e0-8a0f-2238d52d5a24,True,True
66af4ec3-aa5d-5ac1-97c2-27ef7319a318,931a1f8c-5950-572a-adb6-f63f35ea6193,2da88081-7bbd-51e0-8a0f-2238d52d5a24,True,True
66af4ec3-aa5d-5ac1-97c2-27ef7319a318,60724d9b-3712-5a47-9540-b9f271705964,2da88081-7bbd-51e0-8a0f-2238d52d5a24,True,True
66af4ec3-aa5d-5ac1-97c2-27ef7319a318,72496383-3229-5810-97ea-e84d4e1b0a5f,2da88081-7bbd-51e0-8a0f-2238d52d5a24,True,True
66af4ec3-aa5d-5ac1-97c2-27ef7319a318,a4db5b5b-8464-5cb3-b357-efdecfe3b939,2da88081-7bbd-51e0-8a0f-2238d52d5a24,True,True
66af4ec3-aa5d-5ac1-97c2-27ef7319a318,06ce15e8-27fa-5530-aa0d-b05bf6580507,2da88081-7bbd-51e0-8a0f-2238d52d5a24,True,True
66af4ec3-aa5d-5ac1-97c2-27ef7319a318,d8503500-8817-5fd6-8a6a-4c00b08b6c55,2da88081-7bbd-51e0-8a0f-2238d52d5a24,True,True
66af4ec3-aa5d-5ac1-97c2-27ef7319a318,f9d8e8f4-d8e1-546f-bcc7-372ea4727ab6,2da88081-7bbd-51e0-8a0f-2238d52d5a24,True,True
66af4ec3-aa5d-5ac1-97c2-27ef7319a318,6703eca2-a951-5305-ae6e-187af914a020,2da88081-7bbd-51e0-8a0f-2238d52d5a24,True,True
66af4ec3-aa5d-5ac1-97c2-27ef7319a318,217164a9-3f60-5ca8-ad38-42e4469cd648,2da88081-7bbd-51e0-8a0f-2238d52d5a24,True,True
66af4ec3-aa5d-5ac1-97c2-27ef7319a318,a002c187-830e-5b45-b8c7-7e433a054e24,328ad29b-bfb2-5c77-bb53-a56bab020366,True,True
66af4ec3-aa5d-5ac1-97c2-27ef7319a318,d4c1f7c4-3ce1-5c87-a146-59ba94be0bc9,328ad29b-bfb2-5c77-bb53-a56bab020366,True,True
66af4ec3-aa5d-5ac1-97c2-27ef7319a318,7a6fbbef-e8c1-5452-ba52-e2fd7b8d81be,328ad29b-bfb2-5c77-bb53-a56bab020366,True,True
66af4ec3-aa5d-5ac1-97c2-27ef7319a318,f94eb4a1-8fae-57a8-92a9-d07e9ee663ed,328ad29b-bfb2-5c77-bb53-a56bab020366,True,True
66af4ec3-aa5d-5ac1-97c2-27ef7319a318,d73ff58e-5b84-534f-bc3c-bca27da8541a,328ad29b-bfb2-5c77-bb53-a56bab020366,True,True
66af4ec3-aa5d-5ac1-97c2-27ef7319a318,2df689d1-960e-5ca9-9bab-52b4ac052dc2,328ad29b-bfb2-5c77-bb53-a56bab020366,True,True
66af4ec3-aa5d-5ac1-97c2-27ef7319a318,bbb105e0-a561-5f3a-9336-56171b562371,328ad29b-bfb2-5c77-bb53-a56bab020366,True,True
66af4ec3-aa5d-5ac1-97c2-27ef7319a318,6c82f301-676e-59dc-83cd-036f4977c22e,328ad29b-bfb2-5c77-bb53-a56bab020366,True,True
66af4ec3-aa5d-5ac1-97c2-27ef7319a318,ae54c446-d4cf-5c62-bd28-8f074a70cf38,328ad29b-bfb2-5c77-bb53-a56bab020366,True,True
66af4ec3-aa5d-5ac1-97c2-27ef7319a318,114a90d9-375d-5408-b832-1a497bb8b410,328ad29b-bfb2-5c77-bb53-a56bab020366,True,True
66af4ec3-aa5d-5ac1-97c2-27ef7319a318,f8f45dc6-f170-5592-aa38-f31a2d744313,328ad29b-bfb2-5c77-bb53-a56bab020366,True,True
66af4ec3-aa5d-5ac1-97c2-27ef7319a318,c4e3fcc8-0a16-58db-82eb-cae67f14d307,328ad29b-bfb2-5c77-bb53-a56bab020366,True,True
66af4ec3-aa5d-5ac1-97c2-27ef7319a318,524c8e3a-614f-5f82-a844-1d4d809022f4,328ad29b-bfb2-5c77-bb53-a56bab020366,True,True
66af4ec3-aa5d-5ac1-97c2-27ef7319a318,6ccac4e8-aad1-58f5-b688-2df1a06b0de3,328ad29b-bfb2-5c77-bb53-a56bab020366,True,True
66af4ec3-aa5d-5ac1-97c2-27ef7319a318,db5f6e3b-a799-58c1-8bc9-1e6686cddfb3,328ad29b-bfb2-5c77-bb53-a56bab020366,True,True
66af4ec3-aa5d-5ac1-97c2-27ef7319a318,a2623060-4432-5d51-8b85-2b821ba95ee7,328ad29b-bfb2-5c77-bb53-a56bab020366,True,True
66af4ec3-aa5d-5ac1-97c2-27ef7319a318,29b1f1f2-bd10-554f-9309-37e845470b36,328ad29b-bfb2-5c77-bb53-a56bab020366,True,True
66af4ec3-aa5d-5ac1-97c2-27ef7319a318,b462ce73-3917-59ee-bf54-9daa70d4cff6,328ad29b-bfb2-5c77-bb53-a56bab020366,True,True
66af4ec3-aa5d-5ac1-97c2-27ef7319a318,185615b2-bb7a-59f8-8f9b-fa1be79e5b09,328ad29b-bfb2-5c77-bb53-a56bab020366,True,True
66af4ec3-aa5d-5ac1-97c2-27ef7319a318,89f5d128-912c-5407-affe-1f5fd579002b,328ad29b-bfb2-5c77-bb53-a56bab020366,True,True
66af4ec3-aa5d-5ac1-97c2-27ef7319a318,05194253-1e0b-525c-a026-eea2f5a8758b,328ad29b-bfb2-5c77-bb53-a56bab020366,True,True
66af4ec3-aa5d-5ac1-97c2-27ef7319a318,9473afc5-abbe-5e3e-9fb5-772c89fc35b5,328ad29b-bfb2-5c77-bb53-a56bab020366,True,True
66af4ec3-aa5d-5ac1-97c2-27ef7319a318,ecdb15c0-39da-5ea1-80ba-eeefaab46c9b,328ad29b-bfb2-5c77-bb53-a56bab020366,True,True
66af4ec3-aa5d-5ac1-97c2-27ef7319a318,26f87772-d023-54bb-b512-e164c20594cc,328ad29b-bfb2-5c77-bb53-a56bab020366,True,True
66af4ec3-aa5d-5ac1-97c2-27ef7319a318,482027b2-a7e9-5a56-ae84-7396306ca075,328ad29b-bfb2-5c77-bb53-a56bab020366,True,True
66af4ec3-aa5d-5ac1-97c2-27ef7319a318,83adc1b1-d67a-5d3f-905f-3473630ed519,328ad29b-bfb2-5c77-bb53-a56bab020366,True,True
66af4ec3-aa5d-5ac1-97c2-27ef7319a318,2f92ce3e-24ab-51b1-ba85-c1260dbcfab4,328ad29b-bfb2-5c77-bb53-a56bab020366,True,True
66af4ec3-aa5d-5ac1-97c2-27ef7319a318,d60c5814-3545-54be-8bb8-1ffc489f7a39,328ad29b-bfb2-5c77-bb53-a56bab020366,True,True
66af4ec3-aa5d-5ac1-97c2-27ef7319a318,771a5df3-167a-518f-a418-a2c4c518836d,328ad29b-bfb2-5c77-bb53-a56bab020366,True,True
66af4ec3-aa5d-5ac1-97c2-27ef7319a318,d2de252c-5e18-501e-8230-cf25946fadb9,328ad29b-bfb2-5c77-bb53-a56bab020366,True,True
66af4ec3-aa5d-5ac1-97c2-27ef7319a318,4c734dc3-0467-5e37-9491-efe2e51e5a13,328ad29b-bfb2-5c77-bb53-a56bab020366,True,True
66af4ec3-aa5d-5ac1-97c2-27ef7319a318,8e38dc64-2136-5ac9-8ace-c7622203b7e3,328ad29b-bfb2-5c77-bb53-a56bab020366,True,True
66af4ec3-aa5d-5ac1-97c2-27ef7319a318,74a4c18d-bd5e-56bc-b34d-cbcec3de46fa,328ad29b-bfb2-5c77-bb53-a56bab020366,True,True
66af4ec3-aa5d-5ac1-97c2-27ef7319a318,7ec4e2ae-0001-58f4-b293-44236ef1b5a6,328ad29b-bfb2-5c77-bb53-a56bab020366,True,True
66af4ec3-aa5d-5ac1-97c2-27ef7319a318,b6a4d565-44ec-56e2-9002-9877ce331499,328ad29b-bfb2-5c77-bb53-a56bab020366,True,True
66af4ec3-aa5d-5ac1-97c2-27ef7319a318,9ebbd089-235c-5b45-9ba9-f6b5013ae63f,328ad29b-bfb2-5c77-bb53-a56bab020366,True,True
66af4ec3-aa5d-5ac1-97c2-27ef7319a318,944e2f59-5893-5bbe-94fe-67102286ae8c,328ad29b-bfb2-5c77-bb53-a56bab020366,True,True
66af4ec3-aa5d-5ac1-97c2-27ef7319a318,1c05feaa-dda7-5da5-a8fd-28549196e675,328ad29b-bfb2-5c77-bb53-a56bab020366,True,True
66af4ec3-aa5d-5ac1-97c2-27ef7319a318,b73afbe0-333f-55b7-b595-c75d0d1b39a2,328ad29b-bfb2-5c77-bb53-a56bab020366,True,True
66af4ec3-aa5d-5ac1-97c2-27ef7319a318,9d6687c5-e052-52a3-83b3-173fdbe98b7a,328ad29b-bfb2-5c77-bb53-a56bab020366,True,True
66af4ec3-aa5d-5ac1-97c2-27ef7319a318,87da599e-74be-50d1-869a-899052d8b103,328ad29b-bfb2-5c77-bb53-a56bab020366,True,True
66af4ec3-aa5d-5ac1-97c2-27ef7319a318,4ab28fae-bfe5-5f50-9e8f-058cdcc17647,328ad29b-bfb2-5c77-bb53-a56bab020366,True,True
66af4ec3-aa5d-5ac1-97c2-27ef7319a318,eb762550-06cd-5719-8a74-56c93a7442da,328ad29b-bfb2-5c77-bb53-a56bab020366,True,True
66af4ec3-aa5d-5ac1-97c2-27ef7319a318,f66eb660-3913-5ae7-bb6e-f57e1f8d85ed,328ad29b-bfb2-5c77-bb53-a56bab020366,True,True
66af4ec3-aa5d-5ac1-97c2-27ef7319a318,ce3628bc-1d9d-5438-8b09-c15eaf74aebb,328ad29b-bfb2-5c77-bb53-a56bab020366,True,True
66af4ec3-aa5d-5ac1-97c2-27ef7319a318,46b6ff74-4a2a-5ec3-ba54-126df96ffa68,328ad29b-bfb2-5c77-bb53-a56bab020366,True,True
66af4ec3-aa5d-5ac1-97c2-27ef7319a318,919f55ba-7cc3-56e4-97ed-9bde7c0500e0,328ad29b-bfb2-5c77-bb53-a56bab020366,True,True
66af4ec3-aa5d-5ac1-97c2-27ef7319a318,6930a59d-9234-52a8-a891-dd1b0cf1ce2e,328ad29b-bfb2-5c77-bb53-a56bab020366,True,True
66af4ec3-aa5d-5ac1-97c2-27ef7319a318,d1c8aaf2-0b23-54b5-ac45-5d479c019d32,328ad29b-bfb2-5c77-bb53-a56bab020366,True,True
66af4ec3-aa5d-5ac1-97c2-27ef7319a318,43f62347-dc97-5a6e-b2de-8c45630ef0cc,328ad29b-bfb2-5c77-bb53-a56bab020366,True,True
66af4ec3-aa5d-5ac1-97c2-27ef7319a318,7f58cee7-88d2-5b42-9a37-d354a50fe35b,328ad29b-bfb2-5c77-bb53-a56bab020366,True,True
66af4ec3-aa5d-5ac1-97c2-27ef7319a318,2ac27f08-d8bb-5a0e-bb5f-b6707edd511f,328ad29b-bfb2-5c77-bb53-a56bab020366,True,True
66af4ec3-aa5d-5ac1-97c2-27ef7319a318,5c0a6735-9891-5a61-a1d7-19fcb3e6e8f4,328ad29b-bfb2-5c77-bb53-a56bab020366,True,True
66af4ec3-aa5d-5ac1-97c2-27ef7319a318,201eaae6-0492-5d3f-9c52-9dbbed8eb16d,328ad29b-bfb2-5c77-bb53-a56bab020366,True,True
66af4ec3-aa5d-5ac1-97c2-27ef7319a318,a2e245dc-938e-5c9a-aff8-6293709a1051,328ad29b-bfb2-5c77-bb53-a56bab020366,True,True
66af4ec3-aa5d-5ac1-97c2-27ef7319a318,0b1258bc-88b1-5aec-85a9-8067db60904a,328ad29b-bfb2-5c77-bb53-a56bab020366,True,True
66af4ec3-aa5d-5ac1-97c2-27ef7319a318,74bdb42f-1e0e-5e1b-a818-a15bbd8036c0,328ad29b-bfb2-5c77-bb53-a56bab020366,True,True
66af4ec3-aa5d-5ac1-97c2-27ef7319a318,b82f2ed5-cd5f-5bb4-8d51-e00f9d035e66,328ad29b-bfb2-5c77-bb53-a56bab020366,True,True
66af4ec3-aa5d-5ac1-97c2-27ef7319a318,b261822e-be1b-5dba-8bc2-6429530d1bd4,328ad29b-bfb2-5c77-bb53-a56bab020366,True,True
66af4ec3-aa5d-5ac1-97c2-27ef7319a318,f870bbcb-db59-5e87-b3eb-b91b628422a2,328ad29b-bfb2-5c77-bb53-a56bab020366,True,True
66af4ec3-aa5d-5ac1-97c2-27ef7319a318,74fb1739-60c9-5b75-b5be-02df010433ca,328ad29b-bfb2-5c77-bb53-a56bab020366,True,True
66af4ec3-aa5d-5ac1-97c2-27ef7319a318,08a30984-2338-5ec3-9ad7-d1f61de22250,328ad29b-bfb2-5c77-bb53-a56bab020366,True,True
66af4ec3-aa5d-5ac1-97c2-27ef7319a318,24593925-b7cc-5420-948f-349ccb259022,328ad29b-bfb2-5c77-bb53-a56bab020366,True,True
66af4ec3-aa5d-5ac1-97c2-27ef7319a318,6ded8eef-5f9b-551c-84c3-f4eb8319169c,328ad29b-bfb2-5c77-bb53-a56bab020366,True,True
66af4ec3-aa5d-5ac1-97c2-27ef7319a318,131cb067-b21f-5a61-8a5f-e15bd85f50c7,328ad29b-bfb2-5c77-bb53-a56bab020366,True,True
66af4ec3-aa5d-5ac1-97c2-27ef7319a318,2e99b968-7de9-5e7b-b879-35fb3902f941,328ad29b-bfb2-5c77-bb53-a56bab020366,True,True
66af4ec3-aa5d-5ac1-97c2-27ef7319a318,21734563-6739-5f90-99c1-91fbab131d6f,328ad29b-bfb2-5c77-bb53-a56bab020366,True,True
66af4ec3-aa5d-5ac1-97c2-27ef7319a318,3aca2475-298a-5413-b7ff-a2b7b00ca1a3,328ad29b-bfb2-5c77-bb53-a56bab020366,True,True
66af4ec3-aa5d-5ac1-97c2-27ef7319a318,d57f6074-d9ac-5cb3-9c89-9e3b970d7348,328ad29b-bfb2-5c77-bb53-a56bab020366,True,True
66af4ec3-aa5d-5ac1-97c2-27ef7319a318,461eddad-ceee-55f4-927a-996b3dbccd04,328ad29b-bfb2-5c77-bb53-a56bab020366,True,True
66af4ec3-aa5d-5ac1-97c2-27ef7319a318,b36b4b66-484b-5160-97c8-b9ea63eb0ae4,328ad29b-bfb2-5c77-bb53-a56bab020366,True,True
66af4ec3-aa5d-5ac1-97c2-27ef7319a318,be985bf0-9395-568e-b2ab-57671fb3a52e,328ad29b-bfb2-5c77-bb53-a56bab020366,True,True
66af4ec3-aa5d-5ac1-97c2-27ef7319a318,cd720a7e-6335-5bea-a56f-e4684818b937,328ad29b-bfb2-5c77-bb53-a56bab020366,True,True
66af4ec3-aa5d-5ac1-97c2-27ef7319a318,e111de8b-6535-5d56-951c-c9118c85a516,328ad29b-bfb2-5c77-bb53-a56bab020366,True,True
66af4ec3-aa5d-5ac1-97c2-27ef7319a318,e362f5c6-3dd7-5193-86d4-1554b0ccd3d7,328ad29b-bfb2-5c77-bb53-a56bab020366,True,True
66af4ec3-aa5d-5ac1-97c2-27ef7319a318,5c1931a5-ae3a-5e54-8a06-a55f63537825,328ad29b-bfb2-5c77-bb53-a56bab020366,True,True
66af4ec3-aa5d-5ac1-97c2-27ef7319a318,89d718e2-b067-536e-8227-4e451e0f01ae,328ad29b-bfb2-5c77-bb53-a56bab020366,True,True
66af4ec3-aa5d-5ac1-97c2-27ef7319a318,c3723265-78f7-5554-be64-85d1d81a6fce,328ad29b-bfb2-5c77-bb53-a56bab020366,True,True
66af4ec3-aa5d-5ac1-97c2-27ef7319a318,4006c306-124e-5d9b-b841-75521bf1c392,328ad29b-bfb2-5c77-bb53-a56bab020366,True,True
66af4ec3-aa5d-5ac1-97c2-27ef7319a318,a5224ae5-5006-55b4-94b4-6f2234ca5e4e,328ad29b-bfb2-5c77-bb53-a56bab020366,True,True
66af4ec3-aa5d-5ac1-97c2-27ef7319a318,820d836f-ee35-5260-961f-9fe54f88a864,328ad29b-bfb2-5c77-bb53-a56bab020366,True,True
66af4ec3-aa5d-5ac1-97c2-27ef7319a318,275b2f68-aa12-5a9d-82cf-bbe1ede553fb,328ad29b-bfb2-5c77-bb53-a56bab020366,True,True
66af4ec3-aa5d-5ac1-97c2-27ef7319a318,e3b690a3-ecd9-56a8-bdd9-95259f76c7aa,328ad29b-bfb2-5c77-bb53-a56bab020366,True,True
66af4ec3-aa5d-5ac1-97c2-27ef7319a318,5f2b825d-d84f-5495-add0-1c8c7af43aa1,328ad29b-bfb2-5c77-bb53-a56bab020366,True,True
66af4ec3-aa5d-5ac1-97c2-27ef7319a318,abcf6044-a5a4-5e2c-ba79-f21b79f15048,328ad29b-bfb2-5c77-bb53-a56bab020366,True,True
66af4ec3-aa5d-5ac1-97c2-27ef7319a318,79985dda-6083-517f-9e2b-e8a070252ed7,328ad29b-bfb2-5c77-bb53-a56bab020366,True,True
66af4ec3-aa5d-5ac1-97c2-27ef7319a318,50aefa47-e19f-5ca2-871f-5fbc6aca8b19,328ad29b-bfb2-5c77-bb53-a56bab020366,True,True
66af4ec3-aa5d-5ac1-97c2-27ef7319a318,2ccc10b0-cf32-5f9c-b94d-f9f484c65183,328ad29b-bfb2-5c77-bb53-a56bab020366,True,True
66af4ec3-aa5d-5ac1-97c2-27ef7319a318,002b5da0-9078-552c-8744-355d70bfe3a7,328ad29b-bfb2-5c77-bb53-a56bab020366,True,True
66af4ec3-aa5d-5ac1-97c2-27ef7319a318,fe246846-6858-5ce2-89e8-0ef74d0d523e,328ad29b-bfb2-5c77-bb53-a56bab020366,True,True
66af4ec3-aa5d-5ac1-97c2-27ef7319a318,e11c0412-02ee-52c0-8f8b-7a9caf9edff8,328ad29b-bfb2-5c77-bb53-a56bab020366,True,True
66af4ec3-aa5d-5ac1-97c2-27ef7319a318,6f0c805f-aa53-5f54-83de-7083c769c3bc,328ad29b-bfb2-5c77-bb53-a56bab020366,True,True
66af4ec3-aa5d-5ac1-97c2-27ef7319a318,25d87704-e379-5798-884f-a9febe64af4c,328ad29b-bfb2-5c77-bb53-a56bab020366,True,True
66af4ec3-aa5d-5ac1-97c2-27ef7319a318,d97b199f-45cf-5f62-aa3b-064ca418c136,328ad29b-bfb2-5c77-bb53-a56bab020366,True,True
66af4ec3-aa5d-5ac1-97c2-27ef7319a318,4d16175d-1343-5119-bf56-c52e35cb9014,328ad29b-bfb2-5c77-bb53-a56bab020366,True,True
66af4ec3-aa5d-5ac1-97c2-27ef7319a318,4dab74be-a1eb-535a-ae34-9daf94fe68b1,328ad29b-bfb2-5c77-bb53-a56bab020366,True,True
66af4ec3-aa5d-5ac1-97c2-27ef7319a318,7ec9fb68-a9bc-5e5d-b0ab-abb2f5cf2b97,328ad29b-bfb2-5c77-bb53-a56bab020366,True,True
66af4ec3-aa5d-5ac1-97c2-27ef7319a318,207831de-03e0-5149-aa4d-cb3fb1bfa4d3,328ad29b-bfb2-5c77-bb53-a56bab020366,True,True
66af4ec3-aa5d-5ac1-97c2-27ef7319a318,565a59a6-f6e1-5e17-954a-e7889af8cc47,328ad29b-bfb2-5c77-bb53-a56bab020366,True,True
66af4ec3-aa5d-5ac1-97c2-27ef7319a318,8be3b479-8b97-549c-80fc-06d1dcf73f16,328ad29b-bfb2-5c77-bb53-a56bab020366,True,True
66af4ec3-aa5d-5ac1-97c2-27ef7319a318,42c9de5c-1e46-5292-82cf-e67dfb82deb9,328ad29b-bfb2-5c77-bb53-a56bab020366,True,True
66af4ec3-aa5d-5ac1-97c2-27ef7319a318,186954c2-8c1f-5c80-8bd9-79f6fc8dd487,328ad29b-bfb2-5c77-bb53-a56bab020366,True,True
66af4ec3-aa5d-5ac1-97c2-27ef7319a318,3bc991f3-ed67-5518-8b5d-aa01028a1b70,328ad29b-bfb2-5c77-bb53-a56bab020366,True,True
66af4ec3-aa5d-5ac1-97c2-27ef7319a318,49770c9b-1b23-500d-be70-4495530c47d9,328ad29b-bfb2-5c77-bb53-a56bab020366,True,True
66af4ec3-aa5d-5ac1-97c2-27ef7319a318,840a1b67-630a-5982-bfa9-a1a7bd874f8e,328ad29b-bfb2-5c77-bb53-a56bab020366,True,True
66af4ec3-aa5d-5ac1-97c2-27ef7319a318,1a6fff9e-9985-5039-9b32-5e21a5256303,328ad29b-bfb2-5c77-bb53-a56bab020366,True,True
66af4ec3-aa5d-5ac1-97c2-27ef7319a318,b46e2d38-07d2-54b9-b81b-ac0797aca77b,328ad29b-bfb2-5c77-bb53-a56bab020366,True,True
66af4ec3-aa5d-5ac1-97c2-27ef7319a318,b59a03d0-889f-505f-b1d0-a11bfccbad95,328ad29b-bfb2-5c77-bb53-a56bab020366,True,True
66af4ec3-aa5d-5ac1-97c2-27ef7319a318,7ef7641e-4ff1-54a5-aa0d-08f00ad2982c,328ad29b-bfb2-5c77-bb53-a56bab020366,True,True
66af4ec3-aa5d-5ac1-97c2-27ef7319a318,efdf45b3-ad87-53f5-8328-1d4c4e845d5d,328ad29b-bfb2-5c77-bb53-a56bab020366,True,True
66af4ec3-aa5d-5ac1-97c2-27ef7319a318,223f826b-bba7-5f1b-92e6-dc1d7205b6ac,328ad29b-bfb2-5c77-bb53-a56bab020366,True,True
66af4ec3-aa5d-5ac1-97c2-27ef7319a318,d4781e83-8916-5d12-9bd4-65c5dee4ac57,328ad29b-bfb2-5c77-bb53-a56bab020366,True,True
66af4ec3-aa5d-5ac1-97c2-27ef7319a318,f367ffb8-dd47-57a8-9663-4c3d303b2455,328ad29b-bfb2-5c77-bb53-a56bab020366,True,True
66af4ec3-aa5d-5ac1-97c2-27ef7319a318,7a419c55-bd8a-59dd-8227-11895c79097f,328ad29b-bfb2-5c77-bb53-a56bab020366,True,True
66af4ec3-aa5d-5ac1-97c2-27ef7319a318,492e3107-b1a0-59db-8f40-64eb3f414fef,328ad29b-bfb2-5c77-bb53-a56bab020366,True,True
66af4ec3-aa5d-5ac1-97c2-27ef7319a318,08580e36-9a81-50d4-a8f9-0174f90270f1,328ad29b-bfb2-5c77-bb53-a56bab020366,True,True
66af4ec3-aa5d-5ac1-97c2-27ef7319a318,bac8b99e-6ece-59f6-be25-e37340ad42be,328ad29b-bfb2-5c77-bb53-a56bab020366,True,True
66af4ec3-aa5d-5ac1-97c2-27ef7319a318,6ba240e4-ef4f-5fcc-bf56-b5a66baa29ca,328ad29b-bfb2-5c77-bb53-a56bab020366,True,True
66af4ec3-aa5d-5ac1-97c2-27ef7319a318,56045a1d-74b0-58c7-b6ce-cc0f6ae8296d,328ad29b-bfb2-5c77-bb53-a56bab020366,True,True
66af4ec3-aa5d-5ac1-97c2-27ef7319a318,0dc5e32b-36be-587a-9918-681705d27033,328ad29b-bfb2-5c77-bb53-a56bab020366,True,True
66af4ec3-aa5d-5ac1-97c2-27ef7319a318,e2b24c04-5422-53f3-8440-64cbb598c5ee,328ad29b-bfb2-5c77-bb53-a56bab020366,True,True
66af4ec3-aa5d-5ac1-97c2-27ef7319a318,3291d00b-34b8-5771-b9a2-d656640193c3,328ad29b-bfb2-5c77-bb53-a56bab020366,True,True
66af4ec3-aa5d-5ac1-97c2-27ef7319a318,f4d20d57-1b7a-5d1b-ba8f-aba036ffc697,328ad29b-bfb2-5c77-bb53-a56bab020366,True,True
66af4ec3-aa5d-5ac1-97c2-27ef7319a318,f48b1851-25ca-5b15-849b-2d52d53c07b5,328ad29b-bfb2-5c77-bb53-a56bab020366,True,True
66af4ec3-aa5d-5ac1-97c2-27ef7319a318,23bcfc3a-bffe-5e87-b649-267b185118d6,328ad29b-bfb2-5c77-bb53-a56bab020366,True,True
66af4ec3-aa5d-5ac1-97c2-27ef7319a318,b0fb8d70-8f4a-5751-86f2-c5674d495629,328ad29b-bfb2-5c77-bb53-a56bab020366,True,True
66af4ec3-aa5d-5ac1-97c2-27ef7319a318,dd0f090c-0a5d-5ad5-b06d-5093f916e39a,328ad29b-bfb2-5c77-bb53-a56bab020366,True,True
66af4ec3-aa5d-5ac1-97c2-27ef7319a318,2722b930-5e44-58ca-bc87-5a9fa20efffb,328ad29b-bfb2-5c77-bb53-a56bab020366,True,True
66af4ec3-aa5d-5ac1-97c2-27ef7319a318,bf82c6bd-6ea1-56fe-b917-2223b125418e,328ad29b-bfb2-5c77-bb53-a56bab020366,True,True
66af4ec3-aa5d-5ac1-97c2-27ef7319a318,42049472-79b1-5f75-bde4-c6fb8b6bb6c7,328ad29b-bfb2-5c77-bb53-a56bab020366,True,True
66af4ec3-aa5d-5ac1-97c2-27ef7319a318,e9741eed-ad75-56d5-b9fa-7ff721b20fd8,328ad29b-bfb2-5c77-bb53-a56bab020366,True,True
66af4ec3-aa5d-5ac1-97c2-27ef7319a318,3c0fbfea-7700-5adb-80fe-2d5eb66a6924,328ad29b-bfb2-5c77-bb53-a56bab020366,True,True
66af4ec3-aa5d-5ac1-97c2-27ef7319a318,51680ebe-20f9-5386-a851-b02b8c690592,328ad29b-bfb2-5c77-bb53-a56bab020366,True,True
66af4ec3-aa5d-5ac1-97c2-27ef7319a318,c17fc2e4-efbb-5f35-9ffe-400ee1b8f582,328ad29b-bfb2-5c77-bb53-a56bab020366,True,True
66af4ec3-aa5d-5ac1-97c2-27ef7319a318,81e8b16f-7214-5fcb-b592-d9af5afe5ecc,328ad29b-bfb2-5c77-bb53-a56bab020366,True,True
66af4ec3-aa5d-5ac1-97c2-27ef7319a318,666b1197-91ef-5218-803f-3882440c4973,328ad29b-bfb2-5c77-bb53-a56bab020366,True,True
66af4ec3-aa5d-5ac1-97c2-27ef7319a318,af46228a-8f0c-533e-923c-fed52af43816,328ad29b-bfb2-5c77-bb53-a56bab020366,True,True
66af4ec3-aa5d-5ac1-97c2-27ef7319a318,f6e3da49-88b2-5361-b178-1b4a0092a299,328ad29b-bfb2-5c77-bb53-a56bab020366,True,True
66af4ec3-aa5d-5ac1-97c2-27ef7319a318,0a236422-9065-5017-9665-bcad3be43c57,328ad29b-bfb2-5c77-bb53-a56bab020366,True,True
66af4ec3-aa5d-5ac1-97c2-27ef7319a318,64ca38ad-2b06-52dc-89e7-f2ddfb421a02,328ad29b-bfb2-5c77-bb53-a56bab020366,True,True
66af4ec3-aa5d-5ac1-97c2-27ef7319a318,74ebdec0-0787-5b95-922b-1e78c57f0f6c,328ad29b-bfb2-5c77-bb53-a56bab020366,True,True
66af4ec3-aa5d-5ac1-97c2-27ef7319a318,f040df47-df6a-5a4d-8443-375d608fab63,328ad29b-bfb2-5c77-bb53-a56bab020366,True,True
66af4ec3-aa5d-5ac1-97c2-27ef7319a318,aae1cee2-177e-5da1-beaa-2700c6917f51,328ad29b-bfb2-5c77-bb53-a56bab020366,True,True
66af4ec3-aa5d-5ac1-97c2-27ef7319a318,f1efd5ab-d790-54e4-a6ac-dbb1ae6446ea,328ad29b-bfb2-5c77-bb53-a56bab020366,True,True
66af4ec3-aa5d-5ac1-97c2-27ef7319a318,106b93ea-11b2-563b-8147-af9758c06c11,328ad29b-bfb2-5c77-bb53-a56bab020366,True,True
66af4ec3-aa5d-5ac1-97c2-27ef7319a318,9502ce9f-bb15-5c74-ac81-844f3a00cc70,328ad29b-bfb2-5c77-bb53-a56bab020366,True,True
66af4ec3-aa5d-5ac1-97c2-27ef7319a318,95968dee-2c34-531b-9d42-e381596dd18f,328ad29b-bfb2-5c77-bb53-a56bab020366,True,True
66af4ec3-aa5d-5ac1-97c2-27ef7319a318,883d541e-eff9-5859-9821-e414426b362f,328ad29b-bfb2-5c77-bb53-a56bab020366,True,True
66af4ec3-aa5d-5ac1-97c2-27ef7319a318,576ac444-e06d-52e4-a2a8-bc1a21d88d80,328ad29b-bfb2-5c77-bb53-a56bab020366,True,True
66af4ec3-aa5d-5ac1-97c2-27ef7319a318,252e8a6b-7a6d-5248-9278-f1c4976670f2,328ad29b-bfb2-5c77-bb53-a56bab020366,True,True
66af4ec3-aa5d-5ac1-97c2-27ef7319a318,99cdbd65-9309-50cd-8076-5de3d3e2693c,328ad29b-bfb2-5c77-bb53-a56bab020366,True,True
66af4ec3-aa5d-5ac1-97c2-27ef7319a318,9ace7e9d-e215-5932-8ff8-d392e468391e,328ad29b-bfb2-5c77-bb53-a56bab020366,True,True
66af4ec3-aa5d-5ac1-97c2-27ef7319a318,41ab72ca-357f-5d61-a381-3bb66bfec494,328ad29b-bfb2-5c77-bb53-a56bab020366,True,True
66af4ec3-aa5d-5ac1-97c2-27ef7319a318,d3d5ea98-cadb-58c0-976d-b29b653b4cc2,328ad29b-bfb2-5c77-bb53-a56bab020366,True,True
66af4ec3-aa5d-5ac1-97c2-27ef7319a318,6611fdb0-5751-50ef-9c83-d151b24b12c1,328ad29b-bfb2-5c77-bb53-a56bab020366,True,True
66af4ec3-aa5d-5ac1-97c2-27ef7319a318,78ca8160-c8d4-5b94-8b61-91d25474880c,328ad29b-bfb2-5c77-bb53-a56bab020366,True,True
66af4ec3-aa5d-5ac1-97c2-27ef7319a318,a56ece2b-333a-5491-83c1-3c2e3bf98e8e,328ad29b-bfb2-5c77-bb53-a56bab020366,True,True
66af4ec3-aa5d-5ac1-97c2-27ef7319a318,7bfddacb-4d8a-5f41-9909-ae269fc95fb1,328ad29b-bfb2-5c77-bb53-a56bab020366,True,True
66af4ec3-aa5d-5ac1-97c2-27ef7319a318,4d9ac067-5d5c-51a0-8d3b-f7cf8e073f63,328ad29b-bfb2-5c77-bb53-a56bab020366,True,True
66af4ec3-aa5d-5ac1-97c2-27ef7319a318,856ffed4-9f31-54be-aa52-5386cf83355b,328ad29b-bfb2-5c77-bb53-a56bab020366,True,True
66af4ec3-aa5d-5ac1-97c2-27ef7319a318,9d663b07-4bec-5b12-863b-10e4512d6e0c,328ad29b-bfb2-5c77-bb53-a56bab020366,True,True
66af4ec3-aa5d-5ac1-97c2-27ef7319a318,af23e2ad-8541-52db-9702-b1b574a61b02,328ad29b-bfb2-5c77-bb53-a56bab020366,True,True
66af4ec3-aa5d-5ac1-97c2-27ef7319a318,33d6e35a-d385-529d-abf3-780e689636dc,328ad29b-bfb2-5c77-bb53-a56bab020366,True,True
66af4ec3-aa5d-5ac1-97c2-27ef7319a318,2b2b9604-2162-5d4e-bdc7-2a3bd426e29d,328ad29b-bfb2-5c77-bb53-a56bab020366,True,True
66af4ec3-aa5d-5ac1-97c2-27ef7319a318,c114ecbb-eb9c-5c6a-bbd4-ec15fed0e6fa,328ad29b-bfb2-5c77-bb53-a56bab020366,True,True
66af4ec3-aa5d-5ac1-97c2-27ef7319a318,8f1bc1d8-7afa-59f9-94ce-89edb5bb10d2,328ad29b-bfb2-5c77-bb53-a56bab020366,True,True
66af4ec3-aa5d-5ac1-97c2-27ef7319a318,6eafb949-c228-5d98-b207-873812dac84b,328ad29b-bfb2-5c77-bb53-a56bab020366,True,True
66af4ec3-aa5d-5ac1-97c2-27ef7319a318,9c9c3f2c-cc16-5085-9352-383218ae622c,328ad29b-bfb2-5c77-bb53-a56bab020366,True,True
66af4ec3-aa5d-5ac1-97c2-27ef7319a318,f5799517-2558-5d38-a812-10ff25b73f2d,328ad29b-bfb2-5c77-bb53-a56bab020366,True,True
66af4ec3-aa5d-5ac1-97c2-27ef7319a318,e1eabf98-9ff0-5ee3-94ea-9fc6468f039e,328ad29b-bfb2-5c77-bb53-a56bab020366,True,True
66af4ec3-aa5d-5ac1-97c2-27ef7319a318,27884c92-5635-5588-a2b1-6c2e5be88c30,328ad29b-bfb2-5c77-bb53-a56bab020366,True,True
66af4ec3-aa5d-5ac1-97c2-27ef7319a318,1b579964-c9c7-5255-bf5a-d11c7b6d9f4b,328ad29b-bfb2-5c77-bb53-a56bab020366,True,True
66af4ec3-aa5d-5ac1-97c2-27ef7319a318,99684a7b-c64b-58f9-83f0-afb7c9bb6268,328ad29b-bfb2-5c77-bb53-a56bab020366,True,True
66af4ec3-aa5d-5ac1-97c2-27ef7319a318,1044b53e-a9ee-5187-8cd7-634b3eb49827,328ad29b-bfb2-5c77-bb53-a56bab020366,True,True
66af4ec3-aa5d-5ac1-97c2-27ef7319a318,4e9cd748-0fba-5fb1-868f-54ebdb550000,328ad29b-bfb2-5c77-bb53-a56bab020366,True,True
66af4ec3-aa5d-5ac1-97c2-27ef7319a318,b885e3f2-721e-5a75-801f-1bb69a7d5473,328ad29b-bfb2-5c77-bb53-a56bab020366,True,True
66af4ec3-aa5d-5ac1-97c2-27ef7319a318,59653cf6-b746-50e9-9b17-35fb0ddf9472,328ad29b-bfb2-5c77-bb53-a56bab020366,True,True
66af4ec3-aa5d-5ac1-97c2-27ef7319a318,4aeecb89-0258-5b43-8518-dfe7dc1eedfb,328ad29b-bfb2-5c77-bb53-a56bab020366,True,True
66af4ec3-aa5d-5ac1-97c2-27ef7319a318,381ff179-7a9c-521f-8ce4-cf076c9fe525,328ad29b-bfb2-5c77-bb53-a56bab020366,True,True
66af4ec3-aa5d-5ac1-97c2-27ef7319a318,879b37de-7e18-5ee5-9d73-3a18a7fb9d58,328ad29b-bfb2-5c77-bb53-a56bab020366,True,True
66af4ec3-aa5d-5ac1-97c2-27ef7319a318,399ec1c2-7245-587d-a817-749e83f35321,328ad29b-bfb2-5c77-bb53-a56bab020366,True,True
66af4ec3-aa5d-5ac1-97c2-27ef7319a318,f009176c-73a0-578b-8ffa-c9bd24482816,328ad29b-bfb2-5c77-bb53-a56bab020366,True,True
66af4ec3-aa5d-5ac1-97c2-27ef7319a318,b5a29f94-cb87-51c8-9efd-c3cd67fe9b46,328ad29b-bfb2-5c77-bb53-a56bab020366,True,True
66af4ec3-aa5d-5ac1-97c2-27ef7319a318,ca00a86a-8a2d-56b0-84eb-68c7561ac23d,328ad29b-bfb2-5c77-bb53-a56bab020366,True,True
66af4ec3-aa5d-5ac1-97c2-27ef7319a318,2dab53bd-4388-556e-afa2-ebf93999ccd5,328ad29b-bfb2-5c77-bb53-a56bab020366,True,True
66af4ec3-aa5d-5ac1-97c2-27ef7319a318,f67b6146-3dea-5894-a215-90553a3bd13c,328ad29b-bfb2-5c77-bb53-a56bab020366,True,True
66af4ec3-aa5d-5ac1-97c2-27ef7319a318,f5bddd36-eb3d-59d5-ad00-15130d7ebe3d,328ad29b-bfb2-5c77-bb53-a56bab020366,True,True
66af4ec3-aa5d-5ac1-97c2-27ef7319a318,f6234c89-3f6d-55b6-a12f-e8708b92a62d,328ad29b-bfb2-5c77-bb53-a56bab020366,True,True
66af4ec3-aa5d-5ac1-97c2-27ef7319a318,d211c5a1-5256-54f2-82cb-889e9a2c2a7f,328ad29b-bfb2-5c77-bb53-a56bab020366,True,True
66af4ec3-aa5d-5ac1-97c2-27ef7319a318,c8298d1d-0e8c-53aa-8d27-8acd62783f95,328ad29b-bfb2-5c77-bb53-a56bab020366,True,True
66af4ec3-aa5d-5ac1-97c2-27ef7319a318,2ec2b3c4-fa6e-5aac-a6fd-425f2c019dbb,328ad29b-bfb2-5c77-bb53-a56bab020366,True,True
66af4ec3-aa5d-5ac1-97c2-27ef7319a318,5081959e-82d2-5762-97bb-236c9f0a45de,328ad29b-bfb2-5c77-bb53-a56bab020366,True,True
66af4ec3-aa5d-5ac1-97c2-27ef7319a318,2421a34b-9105-5ddc-87ca-db35c97c6d58,328ad29b-bfb2-5c77-bb53-a56bab020366,True,True
66af4ec3-aa5d-5ac1-97c2-27ef7319a318,fb641120-a56d-597e-85f3-6d0d36e379a8,328ad29b-bfb2-5c77-bb53-a56bab020366,True,True
66af4ec3-aa5d-5ac1-97c2-27ef7319a318,235278b8-0167-59f4-acce-a916fad8b160,328ad29b-bfb2-5c77-bb53-a56bab020366,True,True
66af4ec3-aa5d-5ac1-97c2-27ef7319a318,30ec1897-ad56-5792-a71d-21f70f956d20,328ad29b-bfb2-5c77-bb53-a56bab020366,True,True
66af4ec3-aa5d-5ac1-97c2-27ef7319a318,3d01e6c0-a0a4-5b66-8a73-ae786d22568a,328ad29b-bfb2-5c77-bb53-a56bab020366,True,True
66af4ec3-aa5d-5ac1-97c2-27ef7319a318,4befe8b6-c4b5-55a4-a312-1de7c957ec8e,328ad29b-bfb2-5c77-bb53-a56bab020366,True,True
66af4ec3-aa5d-5ac1-97c2-27ef7319a318,4db3310f-f539-5813-805e-17acfee01888,328ad29b-bfb2-5c77-bb53-a56bab020366,True,True
66af4ec3-aa5d-5ac1-97c2-27ef7319a318,687b0af1-fa51-5d72-8b91-0cad50be3664,328ad29b-bfb2-5c77-bb53-a56bab020366,True,True
66af4ec3-aa5d-5ac1-97c2-27ef7319a318,606aabc4-c78a-5762-9432-9ef836ca31f1,328ad29b-bfb2-5c77-bb53-a56bab020366,True,True
66af4ec3-aa5d-5ac1-97c2-27ef7319a318,1bd7b529-4670-5e1d-8ca9-84e0bdb90e99,328ad29b-bfb2-5c77-bb53-a56bab020366,True,True
66af4ec3-aa5d-5ac1-97c2-27ef7319a318,757a7860-71f9-53fd-825c-e802bfb08e91,328ad29b-bfb2-5c77-bb53-a56bab020366,True,True
66af4ec3-aa5d-5ac1-97c2-27ef7319a318,3fa53bb8-a16f-549f-8c05-5432dcc1b125,328ad29b-bfb2-5c77-bb53-a56bab020366,True,True
66af4ec3-aa5d-5ac1-97c2-27ef7319a318,354720a5-f784-51d4-bfd9-7808e0b28229,328ad29b-bfb2-5c77-bb53-a56bab020366,True,True
66af4ec3-aa5d-5ac1-97c2-27ef7319a318,34fec258-41e9-5bdc-a539-d06d92de38d0,328ad29b-bfb2-5c77-bb53-a56bab020366,True,True
66af4ec3-aa5d-5ac1-97c2-27ef7319a318,8e15fb35-e1a6-59f8-99e7-4b2a038527ac,328ad29b-bfb2-5c77-bb53-a56bab020366,True,True
66af4ec3-aa5d-5ac1-97c2-27ef7319a318,5287a02a-2434-5afb-a9a2-ef3fb5de0819,328ad29b-bfb2-5c77-bb53-a56bab020366,True,True
66af4ec3-aa5d-5ac1-97c2-27ef7319a318,15cfa0ce-89d7-5a78-915a-934c62b557c3,328ad29b-bfb2-5c77-bb53-a56bab020366,True,True
66af4ec3-aa5d-5ac1-97c2-27ef7319a318,a5323a1d-aff6-5f9f-a7b3-0afd1b601f29,328ad29b-bfb2-5c77-bb53-a56bab020366,True,True
66af4ec3-aa5d-5ac1-97c2-27ef7319a318,0412280a-26f5-57bd-ab76-54875ab6a9a0,328ad29b-bfb2-5c77-bb53-a56bab020366,True,True
66af4ec3-aa5d-5ac1-97c2-27ef7319a318,697c7d8f-e305-5ef9-8899-07dc72c52ad7,328ad29b-bfb2-5c77-bb53-a56bab020366,True,True
66af4ec3-aa5d-5ac1-97c2-27ef7319a318,be96523d-db5e-5902-972a-f88a2e2622a9,328ad29b-bfb2-5c77-bb53-a56bab020366,True,True
66af4ec3-aa5d-5ac1-97c2-27ef7319a318,f15baf3f-3d5d-54ae-a298-1514514a7f47,328ad29b-bfb2-5c77-bb53-a56bab020366,True,True
66af4ec3-aa5d-5ac1-97c2-27ef7319a318,994c6792-69a3-5cbc-b840-64bca89ee346,328ad29b-bfb2-5c77-bb53-a56bab020366,True,True
66af4ec3-aa5d-5ac1-97c2-27ef7319a318,b91db828-87be-59bc-8b38-2a03774a6178,328ad29b-bfb2-5c77-bb53-a56bab020366,True,True
66af4ec3-aa5d-5ac1-97c2-27ef7319a318,2c701846-d028-5775-af2f-a54e615f62eb,328ad29b-bfb2-5c77-bb53-a56bab020366,True,True
66af4ec3-aa5d-5ac1-97c2-27ef7319a318,541e0ec2-99d3-5a56-bb5c-ceaf5b41a46b,328ad29b-bfb2-5c77-bb53-a56bab020366,True,True
66af4ec3-aa5d-5ac1-97c2-27ef7319a318,5075f581-3d15-5a31-a59d-25fc01a8c105,328ad29b-bfb2-5c77-bb53-a56bab020366,True,True
66af4ec3-aa5d-5ac1-97c2-27ef7319a318,91466c8a-9b7d-550d-bda9-da8bf58c7425,328ad29b-bfb2-5c77-bb53-a56bab020366,True,True
66af4ec3-aa5d-5ac1-97c2-27ef7319a318,dfbed60a-0fcf-584f-95fc-cb85d53dbe0b,328ad29b-bfb2-5c77-bb53-a56bab020366,True,True
66af4ec3-aa5d-5ac1-97c2-27ef7319a318,46991c3a-27a4-57a3-9cba-647893fb38a1,328ad29b-bfb2-5c77-bb53-a56bab020366,True,True
66af4ec3-aa5d-5ac1-97c2-27ef7319a318,436688f0-29bb-5771-9296-a4e6d5b4f0b1,328ad29b-bfb2-5c77-bb53-a56bab020366,True,True
66af4ec3-aa5d-5ac1-97c2-27ef7319a318,859d3c03-f5fc-55e7-aa4d-f229349f082e,328ad29b-bfb2-5c77-bb53-a56bab020366,True,True
66af4ec3-aa5d-5ac1-97c2-27ef7319a318,17e9b9d0-45f5-5e23-a5fb-e9c76e5b2984,328ad29b-bfb2-5c77-bb53-a56bab020366,True,True
66af4ec3-aa5d-5ac1-97c2-27ef7319a318,877029a0-74d3-55c9-bc43-694082fdbe80,328ad29b-bfb2-5c77-bb53-a56bab020366,True,True
66af4ec3-aa5d-5ac1-97c2-27ef7319a318,cb87f002-ee3d-534b-9b63-281e77c03fb9,328ad29b-bfb2-5c77-bb53-a56bab020366,True,True
66af4ec3-aa5d-5ac1-97c2-27ef7319a318,fc5a21a5-ea75-5b75-86e0-6e9353b12735,33c69332-7b48-5937-a648-82740b7d14c2,True,True
66af4ec3-aa5d-5ac1-97c2-27ef7319a318,db1a7d6d-70e5-528b-aae4-14b116f4316d,33c69332-7b48-5937-a648-82740b7d14c2,True,True
66af4ec3-aa5d-5ac1-97c2-27ef7319a318,fcf82ac6-2459-5e28-af29-e51db2c50b84,33c69332-7b48-5937-a648-82740b7d14c2,True,True
66af4ec3-aa5d-5ac1-97c2-27ef7319a318,8c40cd97-a0ed-5225-a6c2-536480897447,33c69332-7b48-5937-a648-82740b7d14c2,True,True
66af4ec3-aa5d-5ac1-97c2-27ef7319a318,89dd3db1-e7ee-5111-831c-37d9feab51e9,33c69332-7b48-5937-a648-82740b7d14c2,True,True
66af4ec3-aa5d-5ac1-97c2-27ef7319a318,f00266a1-fae3-57d0-af7a-297dd80ebf16,33c69332-7b48-5937-a648-82740b7d14c2,True,True
66af4ec3-aa5d-5ac1-97c2-27ef7319a318,4171200a-64ea-58e3-a11a-cf894241861b,33c69332-7b48-5937-a648-82740b7d14c2,True,True
66af4ec3-aa5d-5ac1-97c2-27ef7319a318,127bf836-33b9-574d-9dcd-d468d0af8797,33c69332-7b48-5937-a648-82740b7d14c2,True,True
66af4ec3-aa5d-5ac1-97c2-27ef7319a318,da7aba6a-f8ca-549c-a8e1-887492c465a3,33c69332-7b48-5937-a648-82740b7d14c2,True,True
66af4ec3-aa5d-5ac1-97c2-27ef7319a318,f66e9a5e-3302-5ec7-a755-68533eda7bb4,33c69332-7b48-5937-a648-82740b7d14c2,True,True
66af4ec3-aa5d-5ac1-97c2-27ef7319a318,49b8f36f-303f-5e14-99d0-170781f7298e,33c69332-7b48-5937-a648-82740b7d14c2,True,True
66af4ec3-aa5d-5ac1-97c2-27ef7319a318,64beadaa-aab4-5465-8e2b-d9f911c38707,33c69332-7b48-5937-a648-82740b7d14c2,True,True
66af4ec3-aa5d-5ac1-97c2-27ef7319a318,e350a64e-2f66-5eb1-a8c1-ff0ecddfc170,33c69332-7b48-5937-a648-82740b7d14c2,True,True
66af4ec3-aa5d-5ac1-97c2-27ef7319a318,712db3c7-f632-53aa-aa09-2f18a4a6641b,33c69332-7b48-5937-a648-82740b7d14c2,True,True
66af4ec3-aa5d-5ac1-97c2-27ef7319a318,2690af12-d50c-58bc-b86d-5608b97c3d13,33c69332-7b48-5937-a648-82740b7d14c2,True,True
66af4ec3-aa5d-5ac1-97c2-27ef7319a318,04627c8a-7358-5438-9ab3-e3e94e36fe23,33c69332-7b48-5937-a648-82740b7d14c2,True,True
66af4ec3-aa5d-5ac1-97c2-27ef7319a318,c9eafbb9-7d0f-55b6-9b36-b77202085342,33c69332-7b48-5937-a648-82740b7d14c2,True,True
66af4ec3-aa5d-5ac1-97c2-27ef7319a318,c576eae7-530b-521e-ac29-69fc98e3481b,33c69332-7b48-5937-a648-82740b7d14c2,True,True
66af4ec3-aa5d-5ac1-97c2-27ef7319a318,c12bcebc-9a12-5e65-841e-092c652b85fc,33c69332-7b48-5937-a648-82740b7d14c2,True,True
66af4ec3-aa5d-5ac1-97c2-27ef7319a318,ec6cf8c9-c3a4-5e75-b135-bb0bef2ad51c,33c69332-7b48-5937-a648-82740b7d14c2,True,True
66af4ec3-aa5d-5ac1-97c2-27ef7319a318,9f13a4b9-3b30-5d9f-825b-1c8064404040,33c69332-7b48-5937-a648-82740b7d14c2,True,True
66af4ec3-aa5d-5ac1-97c2-27ef7319a318,fef077ff-568a-5a9b-b8a1-a9aa2de84ee3,33c69332-7b48-5937-a648-82740b7d14c2,True,True
66af4ec3-aa5d-5ac1-97c2-27ef7319a318,64f24cac-d3b0-59ed-aecd-b6b5223f60f9,33c69332-7b48-5937-a648-82740b7d14c2,True,True
66af4ec3-aa5d-5ac1-97c2-27ef7319a318,441afc8a-f74f-5fd4-b841-5fdafbf84fd0,33c69332-7b48-5937-a648-82740b7d14c2,True,True
66af4ec3-aa5d-5ac1-97c2-27ef7319a318,b35afe9a-a6f6-5309-9827-48f49550be57,33c69332-7b48-5937-a648-82740b7d14c2,True,True
66af4ec3-aa5d-5ac1-97c2-27ef7319a318,0fc30b12-431f-56e0-8e32-8a5aa5d2e5b6,33c69332-7b48-5937-a648-82740b7d14c2,True,True
66af4ec3-aa5d-5ac1-97c2-27ef7319a318,c9a104e2-299c-5017-8465-d1b0fa7a5c73,33c69332-7b48-5937-a648-82740b7d14c2,True,True
66af4ec3-aa5d-5ac1-97c2-27ef7319a318,6086ee15-24d7-5e4d-8433-b386332f1095,33c69332-7b48-5937-a648-82740b7d14c2,True,True
66af4ec3-aa5d-5ac1-97c2-27ef7319a318,f9de0381-79eb-5597-abc2-451173fa8854,33c69332-7b48-5937-a648-82740b7d14c2,True,True
66af4ec3-aa5d-5ac1-97c2-27ef7319a318,5a300ff6-6278-5669-9270-7433a792785d,33c69332-7b48-5937-a648-82740b7d14c2,True,True
66af4ec3-aa5d-5ac1-97c2-27ef7319a318,0efe5a54-0c37-5934-befd-a9ff4b4f4935,33c69332-7b48-5937-a648-82740b7d14c2,True,True
66af4ec3-aa5d-5ac1-97c2-27ef7319a318,585ef126-db53-583a-bd5f-ecfa31200197,33c69332-7b48-5937-a648-82740b7d14c2,True,True
66af4ec3-aa5d-5ac1-97c2-27ef7319a318,0b6f7928-b37c-5aac-b72d-445ece0a97f0,33c69332-7b48-5937-a648-82740b7d14c2,True,True
66af4ec3-aa5d-5ac1-97c2-27ef7319a318,ff318ad1-51d6-5a6f-9ff7-9126f97bb705,33c69332-7b48-5937-a648-82740b7d14c2,True,True
66af4ec3-aa5d-5ac1-97c2-27ef7319a318,909e6273-d76d-589d-80ff-d698c923b0d7,33c69332-7b48-5937-a648-82740b7d14c2,True,True
66af4ec3-aa5d-5ac1-97c2-27ef7319a318,c304f8cc-9ffd-573f-ace7-98286474b538,33c69332-7b48-5937-a648-82740b7d14c2,True,True
66af4ec3-aa5d-5ac1-97c2-27ef7319a318,4b312914-8494-5068-b878-5533dcca9f5c,33c69332-7b48-5937-a648-82740b7d14c2,True,True
66af4ec3-aa5d-5ac1-97c2-27ef7319a318,10d7252d-96d9-53ed-990a-79de390877fe,33c69332-7b48-5937-a648-82740b7d14c2,True,True
66af4ec3-aa5d-5ac1-97c2-27ef7319a318,7c56213f-f4f5-5976-afbc-3ba88324a2d2,33c69332-7b48-5937-a648-82740b7d14c2,True,True
66af4ec3-aa5d-5ac1-97c2-27ef7319a318,72f97b23-d199-5b98-a467-15395536c25b,33c69332-7b48-5937-a648-82740b7d14c2,True,True
66af4ec3-aa5d-5ac1-97c2-27ef7319a318,588e11cb-1144-5b7f-9502-b50ad7f0a5e6,33c69332-7b48-5937-a648-82740b7d14c2,True,True
66af4ec3-aa5d-5ac1-97c2-27ef7319a318,0e4076bd-3e58-5ecb-818d-c61cee60fe31,33c69332-7b48-5937-a648-82740b7d14c2,True,True
66af4ec3-aa5d-5ac1-97c2-27ef7319a318,8cb907dc-539d-5d1c-95de-12153c9dbd94,33c69332-7b48-5937-a648-82740b7d14c2,True,True
66af4ec3-aa5d-5ac1-97c2-27ef7319a318,0ce0c38b-07d7-598c-b5fa-8ae5e515e9ab,33c69332-7b48-5937-a648-82740b7d14c2,True,True
66af4ec3-aa5d-5ac1-97c2-27ef7319a318,9828cd71-1b82-5f05-99b3-42a67b687b60,33c69332-7b48-5937-a648-82740b7d14c2,True,True
66af4ec3-aa5d-5ac1-97c2-27ef7319a318,dad25f6c-e57d-5434-9e89-a21eea96d238,33c69332-7b48-5937-a648-82740b7d14c2,True,True
66af4ec3-aa5d-5ac1-97c2-27ef7319a318,f1a1d722-a180-5969-bce6-a2345025a275,33c69332-7b48-5937-a648-82740b7d14c2,True,True
66af4ec3-aa5d-5ac1-97c2-27ef7319a318,1349e0ab-d43f-522b-a7f3-49dff45dd6ef,33c69332-7b48-5937-a648-82740b7d14c2,True,True
66af4ec3-aa5d-5ac1-97c2-27ef7319a318,6507c321-31c1-5687-99e4-b17ca2b81d15,33c69332-7b48-5937-a648-82740b7d14c2,True,True
66af4ec3-aa5d-5ac1-97c2-27ef7319a318,68d26fa5-c473-5437-b96e-eb0859e70b74,33c69332-7b48-5937-a648-82740b7d14c2,True,True
66af4ec3-aa5d-5ac1-97c2-27ef7319a318,4edef457-937b-516f-ae41-4b95197b8c70,33c69332-7b48-5937-a648-82740b7d14c2,True,True
66af4ec3-aa5d-5ac1-97c2-27ef7319a318,7dac9121-25cc-5911-9abe-68031f1e1a77,33c69332-7b48-5937-a648-82740b7d14c2,True,True
66af4ec3-aa5d-5ac1-97c2-27ef7319a318,71a120b2-ef45-5413-8ec6-a611fb7e2bed,33c69332-7b48-5937-a648-82740b7d14c2,True,True
66af4ec3-aa5d-5ac1-97c2-27ef7319a318,2aacbc39-2c75-5cfd-8901-e2ba8f6bfcb5,33c69332-7b48-5937-a648-82740b7d14c2,True,True
66af4ec3-aa5d-5ac1-97c2-27ef7319a318,7c1ac542-fff9-5950-b8fe-da7e7395bdd2,33c69332-7b48-5937-a648-82740b7d14c2,True,True
66af4ec3-aa5d-5ac1-97c2-27ef7319a318,8f84452f-3122-5ae1-ab55-81dc496262aa,33c69332-7b48-5937-a648-82740b7d14c2,True,True
66af4ec3-aa5d-5ac1-97c2-27ef7319a318,f385d1e3-8158-571d-9b81-b0c93a570ad8,33c69332-7b48-5937-a648-82740b7d14c2,True,True
66af4ec3-aa5d-5ac1-97c2-27ef7319a318,0c9689e1-13be-5fb6-8ace-3c9b14f17d6f,33c69332-7b48-5937-a648-82740b7d14c2,True,True
66af4ec3-aa5d-5ac1-97c2-27ef7319a318,a98dc978-2757-5a1d-bd1b-cb15cb84ee97,33c69332-7b48-5937-a648-82740b7d14c2,True,True
66af4ec3-aa5d-5ac1-97c2-27ef7319a318,f29b44d5-9bd8-5216-af88-bd6cbc7d89d2,33c69332-7b48-5937-a648-82740b7d14c2,True,True
66af4ec3-aa5d-5ac1-97c2-27ef7319a318,1cc49b12-edc9-5484-be18-0a08e2ef657b,33c69332-7b48-5937-a648-82740b7d14c2,True,True
66af4ec3-aa5d-5ac1-97c2-27ef7319a318,851f6b0b-8521-5ee2-bd1a-88dca3dbb5fc,33c69332-7b48-5937-a648-82740b7d14c2,True,True
66af4ec3-aa5d-5ac1-97c2-27ef7319a318,7f65ea26-a59f-52cb-a67e-f2d364bab4ed,33c69332-7b48-5937-a648-82740b7d14c2,True,True
66af4ec3-aa5d-5ac1-97c2-27ef7319a318,2bda89eb-a19e-513a-9eee-f901fa6735ef,33c69332-7b48-5937-a648-82740b7d14c2,True,True
66af4ec3-aa5d-5ac1-97c2-27ef7319a318,dd2d498b-659e-58c9-a469-0c9a8fcae125,33c69332-7b48-5937-a648-82740b7d14c2,True,True
66af4ec3-aa5d-5ac1-97c2-27ef7319a318,f0598c0a-a8d8-5bc2-97a3-a1ea68f83bbf,33c69332-7b48-5937-a648-82740b7d14c2,True,True
66af4ec3-aa5d-5ac1-97c2-27ef7319a318,7745d38b-534e-54e8-bcd7-b10cc20a35e1,33c69332-7b48-5937-a648-82740b7d14c2,True,True
66af4ec3-aa5d-5ac1-97c2-27ef7319a318,4be5f16b-1f84-545b-8d0e-cbb6f0ef0d59,33c69332-7b48-5937-a648-82740b7d14c2,True,True
66af4ec3-aa5d-5ac1-97c2-27ef7319a318,e8d4772f-b23c-591a-823f-a81d14757dc4,33c69332-7b48-5937-a648-82740b7d14c2,True,True
66af4ec3-aa5d-5ac1-97c2-27ef7319a318,c3faa3b5-38ee-5aca-9f33-926ba1d2c19a,33c69332-7b48-5937-a648-82740b7d14c2,True,True
66af4ec3-aa5d-5ac1-97c2-27ef7319a318,8266fa99-a6ca-5e21-ba88-b425d6390ecc,33c69332-7b48-5937-a648-82740b7d14c2,True,True
66af4ec3-aa5d-5ac1-97c2-27ef7319a318,1ff0e9d5-01e1-534d-98d3-4d33c77a3a4e,33c69332-7b48-5937-a648-82740b7d14c2,True,True
66af4ec3-aa5d-5ac1-97c2-27ef7319a318,e9ca54f6-a331-539c-b948-106b74471e61,33c69332-7b48-5937-a648-82740b7d14c2,True,True
66af4ec3-aa5d-5ac1-97c2-27ef7319a318,6d1460e3-56de-5996-a318-e1424583ec45,33c69332-7b48-5937-a648-82740b7d14c2,True,True
66af4ec3-aa5d-5ac1-97c2-27ef7319a318,0fc24c73-be56-5c8f-bc65-7e1472c40f37,33c69332-7b48-5937-a648-82740b7d14c2,True,True
66af4ec3-aa5d-5ac1-97c2-27ef7319a318,23da768f-d494-5607-8fd3-39628d52dbce,33c69332-7b48-5937-a648-82740b7d14c2,True,True
66af4ec3-aa5d-5ac1-97c2-27ef7319a318,17a7ece8-97fa-59aa-b325-4e6bee6f63d4,33c69332-7b48-5937-a648-82740b7d14c2,True,True
66af4ec3-aa5d-5ac1-97c2-27ef7319a318,4086fefb-c700-5ea0-af77-8d547ce2a67f,33c69332-7b48-5937-a648-82740b7d14c2,True,True
66af4ec3-aa5d-5ac1-97c2-27ef7319a318,13204aca-605b-558f-ac9b-d9587c3f8f66,33c69332-7b48-5937-a648-82740b7d14c2,True,True
66af4ec3-aa5d-5ac1-97c2-27ef7319a318,c59cdc53-58a9-5c91-aeac-788ee34fe405,33c69332-7b48-5937-a648-82740b7d14c2,True,True
66af4ec3-aa5d-5ac1-97c2-27ef7319a318,24a4e3fc-d420-51cf-9280-edb1dcbea1a3,33c69332-7b48-5937-a648-82740b7d14c2,True,True
66af4ec3-aa5d-5ac1-97c2-27ef7319a318,83ac0c3d-f2db-5dfe-9eaa-e09e7dbb872c,33c69332-7b48-5937-a648-82740b7d14c2,True,True
66af4ec3-aa5d-5ac1-97c2-27ef7319a318,54b4c6fa-fd80-5cde-97b6-dbbca39963e0,33c69332-7b48-5937-a648-82740b7d14c2,True,True
66af4ec3-aa5d-5ac1-97c2-27ef7319a318,96ad2ed9-6007-536f-8add-66c271ba5b40,33c69332-7b48-5937-a648-82740b7d14c2,True,True
66af4ec3-aa5d-5ac1-97c2-27ef7319a318,4ec8403b-354c-5da1-9023-825cdd5c707b,33c69332-7b48-5937-a648-82740b7d14c2,True,True
66af4ec3-aa5d-5ac1-97c2-27ef7319a318,dd90ff40-f848-5100-82af-c0085ade221d,33c69332-7b48-5937-a648-82740b7d14c2,True,True
66af4ec3-aa5d-5ac1-97c2-27ef7319a318,a18a0140-22ba-5d53-a3b9-7628876c695d,33c69332-7b48-5937-a648-82740b7d14c2,True,True
66af4ec3-aa5d-5ac1-97c2-27ef7319a318,8ddd670a-96f9-5859-97c0-17bbf3d80adf,33c69332-7b48-5937-a648-82740b7d14c2,True,True
66af4ec3-aa5d-5ac1-97c2-27ef7319a318,4f457c4f-568e-51b7-8d9a-7af6f0b474b9,33c69332-7b48-5937-a648-82740b7d14c2,True,True
66af4ec3-aa5d-5ac1-97c2-27ef7319a318,8020f04b-012c-5bb3-b083-b49b3f614212,33c69332-7b48-5937-a648-82740b7d14c2,True,True
66af4ec3-aa5d-5ac1-97c2-27ef7319a318,94ffa510-3317-5351-a004-30282ee58464,33c69332-7b48-5937-a648-82740b7d14c2,True,True
66af4ec3-aa5d-5ac1-97c2-27ef7319a318,5f715f72-87fe-572b-8d36-aceac6f0aa3e,33c69332-7b48-5937-a648-82740b7d14c2,True,True
66af4ec3-aa5d-5ac1-97c2-27ef7319a318,876ef8d1-c29e-5b9e-b4c3-1c996cfc5685,33c69332-7b48-5937-a648-82740b7d14c2,True,True
66af4ec3-aa5d-5ac1-97c2-27ef7319a318,625ddc32-2a77-5a99-bf41-b41b630ca19c,33c69332-7b48-5937-a648-82740b7d14c2,True,True
66af4ec3-aa5d-5ac1-97c2-27ef7319a318,5e09b66f-9af4-5566-8af1-38a986cbafe2,33c69332-7b48-5937-a648-82740b7d14c2,True,True
66af4ec3-aa5d-5ac1-97c2-27ef7319a318,2430dece-7b1c-5443-80f3-32cd281d3046,33c69332-7b48-5937-a648-82740b7d14c2,True,True
66af4ec3-aa5d-5ac1-97c2-27ef7319a318,74497017-513b-51c4-8592-070bb4d5001a,33c69332-7b48-5937-a648-82740b7d14c2,True,True
66af4ec3-aa5d-5ac1-97c2-27ef7319a318,692606f6-124b-58df-88c0-68c68e22c53f,33c69332-7b48-5937-a648-82740b7d14c2,True,True
66af4ec3-aa5d-5ac1-97c2-27ef7319a318,e61279c6-2254-54e4-8a4e-f745137eb3f2,33c69332-7b48-5937-a648-82740b7d14c2,True,True
66af4ec3-aa5d-5ac1-97c2-27ef7319a318,9806a05c-25cf-530b-a3a0-d118b7bda134,33c69332-7b48-5937-a648-82740b7d14c2,True,True
66af4ec3-aa5d-5ac1-97c2-27ef7319a318,056f96ae-5a12-5fe1-b67b-28d3c4e2231e,33c69332-7b48-5937-a648-82740b7d14c2,True,True
66af4ec3-aa5d-5ac1-97c2-27ef7319a318,49fff561-7b14-57c7-8056-2a03c8dc56ae,33c69332-7b48-5937-a648-82740b7d14c2,True,True
66af4ec3-aa5d-5ac1-97c2-27ef7319a318,aef5db61-dede-59cc-9464-190bedc1e0fc,33c69332-7b48-5937-a648-82740b7d14c2,True,True
66af4ec3-aa5d-5ac1-97c2-27ef7319a318,d0ecaa84-e8a9-5fc1-9f67-e8f30e611141,33c69332-7b48-5937-a648-82740b7d14c2,True,True
66af4ec3-aa5d-5ac1-97c2-27ef7319a318,dd4318f7-91c2-5fdc-8ee3-15111222788b,33c69332-7b48-5937-a648-82740b7d14c2,True,True
66af4ec3-aa5d-5ac1-97c2-27ef7319a318,732da2ab-14d9-5f12-8cd2-67240394d497,33c69332-7b48-5937-a648-82740b7d14c2,True,True
66af4ec3-aa5d-5ac1-97c2-27ef7319a318,7f56f183-426b-5f53-8fcf-6e826b431eed,33c69332-7b48-5937-a648-82740b7d14c2,True,True
66af4ec3-aa5d-5ac1-97c2-27ef7319a318,ca1c2777-b50a-57bb-8b21-f295682efff8,33c69332-7b48-5937-a648-82740b7d14c2,True,True
66af4ec3-aa5d-5ac1-97c2-27ef7319a318,004742df-0946-5341-8199-b270923e080b,33c69332-7b48-5937-a648-82740b7d14c2,True,True
66af4ec3-aa5d-5ac1-97c2-27ef7319a318,a99ef725-5507-593d-a82f-442bfc9a5027,33c69332-7b48-5937-a648-82740b7d14c2,True,True
66af4ec3-aa5d-5ac1-97c2-27ef7319a318,cc925990-460a-583b-9557-1535c0915247,33c69332-7b48-5937-a648-82740b7d14c2,True,True
66af4ec3-aa5d-5ac1-97c2-27ef7319a318,546a1ee5-a3ae-5d47-95c4-22018dff0e2f,33c69332-7b48-5937-a648-82740b7d14c2,True,True
66af4ec3-aa5d-5ac1-97c2-27ef7319a318,d493a165-4a8a-5a82-a1df-c39ab20468d5,33c69332-7b48-5937-a648-82740b7d14c2,True,True
66af4ec3-aa5d-5ac1-97c2-27ef7319a318,e85cd332-c0a6-512d-b7c0-5f8d56fcc02a,33c69332-7b48-5937-a648-82740b7d14c2,True,True
66af4ec3-aa5d-5ac1-97c2-27ef7319a318,5e07cb9b-8729-564e-89f9-66dfc0f5879b,33c69332-7b48-5937-a648-82740b7d14c2,True,True
66af4ec3-aa5d-5ac1-97c2-27ef7319a318,91b7b459-ccaf-5fa7-a9f1-993ed71f0dd4,33c69332-7b48-5937-a648-82740b7d14c2,True,True
66af4ec3-aa5d-5ac1-97c2-27ef7319a318,dc9c0240-d031-5060-9600-cfda8cb9b5bd,33c69332-7b48-5937-a648-82740b7d14c2,True,True
66af4ec3-aa5d-5ac1-97c2-27ef7319a318,6b258365-dd84-5f88-b894-58b4af495459,33c69332-7b48-5937-a648-82740b7d14c2,True,True
66af4ec3-aa5d-5ac1-97c2-27ef7319a318,0f9db71e-4982-52ea-92a7-02f0b938cff5,33c69332-7b48-5937-a648-82740b7d14c2,True,True
66af4ec3-aa5d-5ac1-97c2-27ef7319a318,a870232d-525d-5930-a2b6-edbbd5278f52,33c69332-7b48-5937-a648-82740b7d14c2,True,True
66af4ec3-aa5d-5ac1-97c2-27ef7319a318,cda9078e-5d6d-57de-98bb-9e40800dcc80,33c69332-7b48-5937-a648-82740b7d14c2,True,True
66af4ec3-aa5d-5ac1-97c2-27ef7319a318,da202b63-f934-5a3b-9a45-ef36cc5aa22f,33c69332-7b48-5937-a648-82740b7d14c2,True,True
66af4ec3-aa5d-5ac1-97c2-27ef7319a318,68ccd789-3ac0-50d8-a7a0-fdd27b91fc3c,33c69332-7b48-5937-a648-82740b7d14c2,True,True
66af4ec3-aa5d-5ac1-97c2-27ef7319a318,13a246cf-c356-5e0a-bfc2-96d279edc15a,33c69332-7b48-5937-a648-82740b7d14c2,True,True
66af4ec3-aa5d-5ac1-97c2-27ef7319a318,1695e59c-f30b-58b3-8176-5a609b8d7cbf,33c69332-7b48-5937-a648-82740b7d14c2,True,True
66af4ec3-aa5d-5ac1-97c2-27ef7319a318,86ce9ee6-91cd-5e3a-a208-9781ecb18f13,33c69332-7b48-5937-a648-82740b7d14c2,True,True
66af4ec3-aa5d-5ac1-97c2-27ef7319a318,23151619-31c7-59bf-9596-954aea3ecbb5,33c69332-7b48-5937-a648-82740b7d14c2,True,True
66af4ec3-aa5d-5ac1-97c2-27ef7319a318,5230ad8d-6d0e-532a-ad14-32a9d5663400,33c69332-7b48-5937-a648-82740b7d14c2,True,True
66af4ec3-aa5d-5ac1-97c2-27ef7319a318,6871b058-4206-5b6e-bae6-dfe642c67740,33c69332-7b48-5937-a648-82740b7d14c2,True,True
66af4ec3-aa5d-5ac1-97c2-27ef7319a318,464c6849-ebf3-5b5b-ae63-787ca919f36a,33c69332-7b48-5937-a648-82740b7d14c2,True,True
66af4ec3-aa5d-5ac1-97c2-27ef7319a318,0082ab10-cddc-5327-bf72-16ba6b199693,33c69332-7b48-5937-a648-82740b7d14c2,True,True
66af4ec3-aa5d-5ac1-97c2-27ef7319a318,cb86f139-8781-5e00-905c-e506012d4cbe,33c69332-7b48-5937-a648-82740b7d14c2,True,True
66af4ec3-aa5d-5ac1-97c2-27ef7319a318,c5a2c871-9223-537d-8b42-b2c797ae0b0b,33c69332-7b48-5937-a648-82740b7d14c2,True,True
66af4ec3-aa5d-5ac1-97c2-27ef7319a318,1c3856a4-7d26-5b77-8768-ddce2f16dc5f,33c69332-7b48-5937-a648-82740b7d14c2,True,True
66af4ec3-aa5d-5ac1-97c2-27ef7319a318,83a816eb-2af3-5a9e-a77c-de2fd99396c3,33c69332-7b48-5937-a648-82740b7d14c2,True,True
66af4ec3-aa5d-5ac1-97c2-27ef7319a318,f0bfe632-6f4d-5591-8c39-11ccc61160d1,33c69332-7b48-5937-a648-82740b7d14c2,True,True
66af4ec3-aa5d-5ac1-97c2-27ef7319a318,02efac73-b4e5-5090-81dd-093350a91b2b,33c69332-7b48-5937-a648-82740b7d14c2,True,True
66af4ec3-aa5d-5ac1-97c2-27ef7319a318,105dea28-fc0a-5537-9f68-8236d60e8bf1,33c69332-7b48-5937-a648-82740b7d14c2,True,True
66af4ec3-aa5d-5ac1-97c2-27ef7319a318,1d6372ae-6b5e-5a93-8b3d-6586fc81744b,33c69332-7b48-5937-a648-82740b7d14c2,True,True
66af4ec3-aa5d-5ac1-97c2-27ef7319a318,ae60de92-4150-5a74-94ce-a9494c1e6cf4,33c69332-7b48-5937-a648-82740b7d14c2,True,True
66af4ec3-aa5d-5ac1-97c2-27ef7319a318,a19c1965-94dc-5269-becb-0021fb5bc075,33c69332-7b48-5937-a648-82740b7d14c2,True,True
66af4ec3-aa5d-5ac1-97c2-27ef7319a318,9f417aad-814e-5208-9539-c6a2ac31b23c,33c69332-7b48-5937-a648-82740b7d14c2,True,True
66af4ec3-aa5d-5ac1-97c2-27ef7319a318,b90515ee-8d41-55bc-8d44-7af895e12bf7,33c69332-7b48-5937-a648-82740b7d14c2,True,True
66af4ec3-aa5d-5ac1-97c2-27ef7319a318,9c63b882-565b-5915-aed6-87ea5675069c,33c69332-7b48-5937-a648-82740b7d14c2,True,True
66af4ec3-aa5d-5ac1-97c2-27ef7319a318,090fb94f-9c7f-5150-938e-37dd6a904e26,33c69332-7b48-5937-a648-82740b7d14c2,True,True
66af4ec3-aa5d-5ac1-97c2-27ef7319a318,683478d0-463f-52d7-acb0-0f917252e25c,33c69332-7b48-5937-a648-82740b7d14c2,True,True
66af4ec3-aa5d-5ac1-97c2-27ef7319a318,3780cc54-a6a0-5bb1-87bc-5190a98328ab,33c69332-7b48-5937-a648-82740b7d14c2,True,True
66af4ec3-aa5d-5ac1-97c2-27ef7319a318,a9babe7c-36fe-5b79-9420-ef7f7bf83123,33c69332-7b48-5937-a648-82740b7d14c2,True,True
66af4ec3-aa5d-5ac1-97c2-27ef7319a318,d1885bc3-b63d-5a72-80d7-d9635f323fe7,33c69332-7b48-5937-a648-82740b7d14c2,True,True
66af4ec3-aa5d-5ac1-97c2-27ef7319a318,8c57bcb2-73f9-510d-a9db-99fa03f845ad,33c69332-7b48-5937-a648-82740b7d14c2,True,True
66af4ec3-aa5d-5ac1-97c2-27ef7319a318,f2b4b086-9f64-527c-b62a-085260204e3d,33c69332-7b48-5937-a648-82740b7d14c2,True,True
66af4ec3-aa5d-5ac1-97c2-27ef7319a318,2f8b6961-f1d4-5c7b-8e70-135be07d7eaa,33c69332-7b48-5937-a648-82740b7d14c2,True,True
66af4ec3-aa5d-5ac1-97c2-27ef7319a318,6f669ef3-b00d-590d-8da7-2534721515d8,33c69332-7b48-5937-a648-82740b7d14c2,True,True
66af4ec3-aa5d-5ac1-97c2-27ef7319a318,cc20831b-de8c-526d-a03f-379f950ed758,33c69332-7b48-5937-a648-82740b7d14c2,True,True
66af4ec3-aa5d-5ac1-97c2-27ef7319a318,c64b46ce-0750-5ea0-a25d-ad50bb966145,33c69332-7b48-5937-a648-82740b7d14c2,True,True
66af4ec3-aa5d-5ac1-97c2-27ef7319a318,84f6360f-b7cb-59bc-9859-ae1d1aa01085,33c69332-7b48-5937-a648-82740b7d14c2,True,True
66af4ec3-aa5d-5ac1-97c2-27ef7319a318,f1548c9d-6fb6-59ea-be1c-e2f878d926d9,33c69332-7b48-5937-a648-82740b7d14c2,True,True
66af4ec3-aa5d-5ac1-97c2-27ef7319a318,315eda3a-fc81-539b-bc62-6ccc84c5e872,33c69332-7b48-5937-a648-82740b7d14c2,True,True
66af4ec3-aa5d-5ac1-97c2-27ef7319a318,ebe54d3d-006a-5d35-b9b2-d518a24e6675,33c69332-7b48-5937-a648-82740b7d14c2,True,True
66af4ec3-aa5d-5ac1-97c2-27ef7319a318,84abe908-a30d-5b3e-8a03-091b414e0056,33c69332-7b48-5937-a648-82740b7d14c2,True,True
66af4ec3-aa5d-5ac1-97c2-27ef7319a318,d9631bd6-a00d-5d13-8fac-9bb4ee34ee9b,33c69332-7b48-5937-a648-82740b7d14c2,True,True
66af4ec3-aa5d-5ac1-97c2-27ef7319a318,53d96366-cd2b-5082-b84c-e347b9308cf1,33c69332-7b48-5937-a648-82740b7d14c2,True,True
66af4ec3-aa5d-5ac1-97c2-27ef7319a318,9286f4dc-a980-5c1a-b21f-b6a6d6312274,33c69332-7b48-5937-a648-82740b7d14c2,True,True
66af4ec3-aa5d-5ac1-97c2-27ef7319a318,fad40510-4dc6-50e7-8c6d-13d4a2c708f6,33c69332-7b48-5937-a648-82740b7d14c2,True,True
66af4ec3-aa5d-5ac1-97c2-27ef7319a318,99a5f97b-f171-5f3f-a341-05fcb15f1efd,33c69332-7b48-5937-a648-82740b7d14c2,True,True
66af4ec3-aa5d-5ac1-97c2-27ef7319a318,c0eac986-5b5c-5cac-9a64-3cb363bda243,33c69332-7b48-5937-a648-82740b7d14c2,True,True
66af4ec3-aa5d-5ac1-97c2-27ef7319a318,cf2338c6-9dd2-582f-aa7d-0cb18aa3da3b,33c69332-7b48-5937-a648-82740b7d14c2,True,True
66af4ec3-aa5d-5ac1-97c2-27ef7319a318,efb7ba2a-fdcd-5f3f-93c5-12ad65818b09,33c69332-7b48-5937-a648-82740b7d14c2,True,True
66af4ec3-aa5d-5ac1-97c2-27ef7319a318,f3ff5811-bc33-5f8c-9c4b-be3eb25fb2cc,33c69332-7b48-5937-a648-82740b7d14c2,True,True
66af4ec3-aa5d-5ac1-97c2-27ef7319a318,ecd9ebab-fa1c-55ec-a126-38dc0839ff12,33c69332-7b48-5937-a648-82740b7d14c2,True,True
66af4ec3-aa5d-5ac1-97c2-27ef7319a318,62f965da-9181-521b-bd9e-68c4aac651ec,33c69332-7b48-5937-a648-82740b7d14c2,True,True
66af4ec3-aa5d-5ac1-97c2-27ef7319a318,7ed4a452-1c25-5714-8541-7ed10eba5ac7,33c69332-7b48-5937-a648-82740b7d14c2,True,True
66af4ec3-aa5d-5ac1-97c2-27ef7319a318,df828a54-940d-59e2-837e-b6d2f173df3a,33c69332-7b48-5937-a648-82740b7d14c2,True,True
66af4ec3-aa5d-5ac1-97c2-27ef7319a318,87eea099-e517-5482-8ff7-7690dffeaf0e,33c69332-7b48-5937-a648-82740b7d14c2,True,True
66af4ec3-aa5d-5ac1-97c2-27ef7319a318,7569f433-7cc6-55f4-8a36-686f897ec6f5,33c69332-7b48-5937-a648-82740b7d14c2,True,True
66af4ec3-aa5d-5ac1-97c2-27ef7319a318,bb74008c-55a3-552e-ba39-736d365184f2,33c69332-7b48-5937-a648-82740b7d14c2,True,True
66af4ec3-aa5d-5ac1-97c2-27ef7319a318,d77b27d9-4944-5e7d-8053-fa54d2f77645,33c69332-7b48-5937-a648-82740b7d14c2,True,True
66af4ec3-aa5d-5ac1-97c2-27ef7319a318,5f47a671-f161-5e25-ae22-852e9ba70eb0,33c69332-7b48-5937-a648-82740b7d14c2,True,True
66af4ec3-aa5d-5ac1-97c2-27ef7319a318,4f799443-3862-5dc3-b87e-88ac95816b3e,33c69332-7b48-5937-a648-82740b7d14c2,True,True
66af4ec3-aa5d-5ac1-97c2-27ef7319a318,a532302b-2b17-56e4-a5eb-1a210a9d8fbb,33c69332-7b48-5937-a648-82740b7d14c2,True,True
66af4ec3-aa5d-5ac1-97c2-27ef7319a318,4ce8c1bc-7e04-5ffb-8374-8296b5cac09b,33c69332-7b48-5937-a648-82740b7d14c2,True,True
66af4ec3-aa5d-5ac1-97c2-27ef7319a318,7f61d988-1931-52f0-8ee9-6a1e1b5ef9a2,33c69332-7b48-5937-a648-82740b7d14c2,True,True
66af4ec3-aa5d-5ac1-97c2-27ef7319a318,ef2f936b-086f-5b04-ab39-d75c2ebee1d8,33c69332-7b48-5937-a648-82740b7d14c2,True,True
66af4ec3-aa5d-5ac1-97c2-27ef7319a318,6ca6766d-c72c-5352-9f2d-a7fdc72ac03a,33c69332-7b48-5937-a648-82740b7d14c2,True,True
66af4ec3-aa5d-5ac1-97c2-27ef7319a318,12f32496-ab2c-51fd-8b51-d1c2a018fd2d,33c69332-7b48-5937-a648-82740b7d14c2,True,True
66af4ec3-aa5d-5ac1-97c2-27ef7319a318,3f12fddd-9c04-54b0-b1d7-f5d2949f355c,33c69332-7b48-5937-a648-82740b7d14c2,True,True
66af4ec3-aa5d-5ac1-97c2-27ef7319a318,b3d956f3-88df-5abb-b4f8-e3081a3e8367,33c69332-7b48-5937-a648-82740b7d14c2,True,True
66af4ec3-aa5d-5ac1-97c2-27ef7319a318,f4728c88-82f8-52f3-8874-0606ddb11f29,33c69332-7b48-5937-a648-82740b7d14c2,True,True
66af4ec3-aa5d-5ac1-97c2-27ef7319a318,e2fca90c-481d-5bb0-91d3-c5ca39988b43,33c69332-7b48-5937-a648-82740b7d14c2,True,True
66af4ec3-aa5d-5ac1-97c2-27ef7319a318,f9ec32f6-69ab-55b2-89d0-af7e6fff8c99,33c69332-7b48-5937-a648-82740b7d14c2,True,True
66af4ec3-aa5d-5ac1-97c2-27ef7319a318,1fe91271-4c6f-5af9-9e73-4ca13f052bae,33c69332-7b48-5937-a648-82740b7d14c2,True,True
66af4ec3-aa5d-5ac1-97c2-27ef7319a318,fb9606f7-44ac-5dfd-b5b4-f6644003f5db,33c69332-7b48-5937-a648-82740b7d14c2,True,True
66af4ec3-aa5d-5ac1-97c2-27ef7319a318,1c736aa6-eecd-5a58-b331-8a2570d8cee0,33c69332-7b48-5937-a648-82740b7d14c2,True,True
66af4ec3-aa5d-5ac1-97c2-27ef7319a318,03150bfa-b56c-5209-9706-e7aa208dd750,33c69332-7b48-5937-a648-82740b7d14c2,True,True
66af4ec3-aa5d-5ac1-97c2-27ef7319a318,b3ff5b85-011b-5cee-a717-5c926dbd7cb3,33c69332-7b48-5937-a648-82740b7d14c2,True,True
66af4ec3-aa5d-5ac1-97c2-27ef7319a318,390f6830-ba9b-5f7f-aad2-b5e597510d3d,33c69332-7b48-5937-a648-82740b7d14c2,True,True
66af4ec3-aa5d-5ac1-97c2-27ef7319a318,ded680aa-8f3f-5858-a385-53c8b3210844,33c69332-7b48-5937-a648-82740b7d14c2,True,True
66af4ec3-aa5d-5ac1-97c2-27ef7319a318,661acfc6-ec18-5848-9495-12f8dcbe22a0,33c69332-7b48-5937-a648-82740b7d14c2,True,True
66af4ec3-aa5d-5ac1-97c2-27ef7319a318,2072fca0-fd7e-50c8-985c-cdf44bb2800a,33c69332-7b48-5937-a648-82740b7d14c2,True,True
66af4ec3-aa5d-5ac1-97c2-27ef7319a318,6f04167c-3c60-5bd7-95ff-6c9728c6d124,33c69332-7b48-5937-a648-82740b7d14c2,True,True
66af4ec3-aa5d-5ac1-97c2-27ef7319a318,aeb956f5-44d1-525e-bc6c-0357c87288c2,33c69332-7b48-5937-a648-82740b7d14c2,True,True
66af4ec3-aa5d-5ac1-97c2-27ef7319a318,1442b5ec-2ad6-5551-af18-41f1ef547816,33c69332-7b48-5937-a648-82740b7d14c2,True,True
66af4ec3-aa5d-5ac1-97c2-27ef7319a318,b051d52d-243d-5e9c-843c-57ae288ebf0c,33c69332-7b48-5937-a648-82740b7d14c2,True,True
66af4ec3-aa5d-5ac1-97c2-27ef7319a318,bd87c0c2-bd2b-5022-9f2d-16c9192b1aa2,33c69332-7b48-5937-a648-82740b7d14c2,True,True
66af4ec3-aa5d-5ac1-97c2-27ef7319a318,947e9cef-f9ef-514c-8975-b392ba8e0a43,33c69332-7b48-5937-a648-82740b7d14c2,True,True
66af4ec3-aa5d-5ac1-97c2-27ef7319a318,de9a38f8-a9d9-58b0-99cd-a9a823a87bc3,33c69332-7b48-5937-a648-82740b7d14c2,True,True
66af4ec3-aa5d-5ac1-97c2-27ef7319a318,179a5cfe-0bc9-5dc6-ae82-a3f74e3f4eb3,33c69332-7b48-5937-a648-82740b7d14c2,True,True
66af4ec3-aa5d-5ac1-97c2-27ef7319a318,7c60d955-6ac0-56f9-b3fb-867fb66fadcf,33c69332-7b48-5937-a648-82740b7d14c2,True,True
66af4ec3-aa5d-5ac1-97c2-27ef7319a318,076dd1ea-c08d-52b3-8c03-6bf169e6dc7a,33c69332-7b48-5937-a648-82740b7d14c2,True,True
66af4ec3-aa5d-5ac1-97c2-27ef7319a318,130ad323-1486-59d7-879c-51b4bdf20652,33c69332-7b48-5937-a648-82740b7d14c2,True,True
66af4ec3-aa5d-5ac1-97c2-27ef7319a318,1c7c7e24-28d8-52de-b65d-aa03e24b6f21,33c69332-7b48-5937-a648-82740b7d14c2,True,True
66af4ec3-aa5d-5ac1-97c2-27ef7319a318,f8231ddb-19e7-53ce-acda-2f00a742967b,33c69332-7b48-5937-a648-82740b7d14c2,True,True
66af4ec3-aa5d-5ac1-97c2-27ef7319a318,13f1e2e8-c428-5c07-b187-830947607f0b,33c69332-7b48-5937-a648-82740b7d14c2,True,True
66af4ec3-aa5d-5ac1-97c2-27ef7319a318,cc008898-2de8-583d-a75d-1f9eab73a962,33c69332-7b48-5937-a648-82740b7d14c2,True,True
66af4ec3-aa5d-5ac1-97c2-27ef7319a318,2e3162f4-9582-539b-81bf-4bdee5ac5b6b,33c69332-7b48-5937-a648-82740b7d14c2,True,True
66af4ec3-aa5d-5ac1-97c2-27ef7319a318,4f62f8c3-1e80-553d-bcc8-e3cfd2a6601d,33c69332-7b48-5937-a648-82740b7d14c2,True,True
66af4ec3-aa5d-5ac1-97c2-27ef7319a318,c870da57-2186-57ea-bc40-d5c9cc4af5eb,33c69332-7b48-5937-a648-82740b7d14c2,True,True
66af4ec3-aa5d-5ac1-97c2-27ef7319a318,3bf65335-9019-5e8d-991b-48b69fd19a27,33c69332-7b48-5937-a648-82740b7d14c2,True,True
66af4ec3-aa5d-5ac1-97c2-27ef7319a318,f3a478e5-6fc0-5a7c-95d9-4b972f1a0df7,33c69332-7b48-5937-a648-82740b7d14c2,True,True
66af4ec3-aa5d-5ac1-97c2-27ef7319a318,62e7cba4-c76c-59af-a7b7-ddb572332c90,33c69332-7b48-5937-a648-82740b7d14c2,True,True
66af4ec3-aa5d-5ac1-97c2-27ef7319a318,b90f17f1-33f3-5ba7-9ce5-4707e37b30be,33c69332-7b48-5937-a648-82740b7d14c2,True,True
66af4ec3-aa5d-5ac1-97c2-27ef7319a318,a6fb7033-4cb5-5297-8c3a-2fab741b65aa,33c69332-7b48-5937-a648-82740b7d14c2,True,True
66af4ec3-aa5d-5ac1-97c2-27ef7319a318,7664fab6-b21d-571d-a7f9-f7251d7a889a,33c69332-7b48-5937-a648-82740b7d14c2,True,True
66af4ec3-aa5d-5ac1-97c2-27ef7319a318,0863d1db-57e1-57f7-bdb7-9f140dbdb9c9,33c69332-7b48-5937-a648-82740b7d14c2,True,True
66af4ec3-aa5d-5ac1-97c2-27ef7319a318,063d4dd3-0255-568c-bf90-f9f642a3f16b,33c69332-7b48-5937-a648-82740b7d14c2,True,True
66af4ec3-aa5d-5ac1-97c2-27ef7319a318,255698ec-9def-5853-b02f-66b15780a8eb,33c69332-7b48-5937-a648-82740b7d14c2,True,True
66af4ec3-aa5d-5ac1-97c2-27ef7319a318,9a25c43e-6499-563c-b244-99ef2304d9bd,33c69332-7b48-5937-a648-82740b7d14c2,True,True
66af4ec3-aa5d-5ac1-97c2-27ef7319a318,51ed6ed9-aa35-5ede-9322-7a8f7ebd2a99,33c69332-7b48-5937-a648-82740b7d14c2,True,True
66af4ec3-aa5d-5ac1-97c2-27ef7319a318,735dc7eb-f3ec-5c03-b635-61fed0749a59,33c69332-7b48-5937-a648-82740b7d14c2,True,True
66af4ec3-aa5d-5ac1-97c2-27ef7319a318,82e31177-d10a-5076-9541-45c4e86636cf,33c69332-7b48-5937-a648-82740b7d14c2,True,True
66af4ec3-aa5d-5ac1-97c2-27ef7319a318,9e83bbbe-150a-51ca-9854-128d3d1ab942,33c69332-7b48-5937-a648-82740b7d14c2,True,True
66af4ec3-aa5d-5ac1-97c2-27ef7319a318,006617d6-6b66-567e-a108-af6f032508ca,33c69332-7b48-5937-a648-82740b7d14c2,True,True
66af4ec3-aa5d-5ac1-97c2-27ef7319a318,e81d242c-e3f8-5a22-a0eb-3ae597320288,33c69332-7b48-5937-a648-82740b7d14c2,True,True
66af4ec3-aa5d-5ac1-97c2-27ef7319a318,636ff95d-9439-5f46-bad1-6e5e30296bb2,33c69332-7b48-5937-a648-82740b7d14c2,True,True
66af4ec3-aa5d-5ac1-97c2-27ef7319a318,74ee5168-bcb7-57c8-bfec-c52578fbc6a4,33c69332-7b48-5937-a648-82740b7d14c2,True,True
66af4ec3-aa5d-5ac1-97c2-27ef7319a318,5a79c65e-1ef9-5f41-a3cb-0d84381b71ad,33c69332-7b48-5937-a648-82740b7d14c2,True,True
66af4ec3-aa5d-5ac1-97c2-27ef7319a318,57c77155-a69a-50a6-8ade-fbe55ea9686f,33c69332-7b48-5937-a648-82740b7d14c2,True,True
66af4ec3-aa5d-5ac1-97c2-27ef7319a318,f24a8075-31ae-5c98-9b1b-a7395c76df34,33c69332-7b48-5937-a648-82740b7d14c2,True,True
66af4ec3-aa5d-5ac1-97c2-27ef7319a318,15dc07c8-8b66-5c7a-aac7-c9f4b0f845c8,33c69332-7b48-5937-a648-82740b7d14c2,True,True
66af4ec3-aa5d-5ac1-97c2-27ef7319a318,7d2855c4-52be-56b8-9fd8-e1a730bbae56,33c69332-7b48-5937-a648-82740b7d14c2,True,True
66af4ec3-aa5d-5ac1-97c2-27ef7319a318,692bf6db-848d-50c5-84f0-275f5a2ddff8,37c0a789-bc0e-5fef-ae1c-e2d4800f884b,True,True
66af4ec3-aa5d-5ac1-97c2-27ef7319a318,013465c7-38c4-5675-9616-b06debd4ea11,37c0a789-bc0e-5fef-ae1c-e2d4800f884b,True,True
66af4ec3-aa5d-5ac1-97c2-27ef7319a318,6eed9802-5a41-5e49-bc4c-8d612ca452c6,37c0a789-bc0e-5fef-ae1c-e2d4800f884b,True,True
66af4ec3-aa5d-5ac1-97c2-27ef7319a318,f56a0196-c349-5521-a8e7-631884a1e549,37c0a789-bc0e-5fef-ae1c-e2d4800f884b,True,True
66af4ec3-aa5d-5ac1-97c2-27ef7319a318,5c276d33-9f00-5fdb-b77b-c9795ec1d6b2,37c0a789-bc0e-5fef-ae1c-e2d4800f884b,True,True
66af4ec3-aa5d-5ac1-97c2-27ef7319a318,7199a226-83c2-50ad-83c1-1f915a9f86f6,37c0a789-bc0e-5fef-ae1c-e2d4800f884b,True,True
66af4ec3-aa5d-5ac1-97c2-27ef7319a318,b51447eb-e77a-545c-a074-7d3035607dbb,37c0a789-bc0e-5fef-ae1c-e2d4800f884b,True,True
66af4ec3-aa5d-5ac1-97c2-27ef7319a318,2d52544f-bba4-5abd-9ed4-c830308951a6,37c0a789-bc0e-5fef-ae1c-e2d4800f884b,True,True
66af4ec3-aa5d-5ac1-97c2-27ef7319a318,884ed4ad-87fd-5ba9-99ba-e307ba6184d1,37c0a789-bc0e-5fef-ae1c-e2d4800f884b,True,True
66af4ec3-aa5d-5ac1-97c2-27ef7319a318,326347cc-4a14-52fd-b96b-37249a62f651,37c0a789-bc0e-5fef-ae1c-e2d4800f884b,True,True
66af4ec3-aa5d-5ac1-97c2-27ef7319a318,e3fdb46c-b9a5-5381-961e-42a0af7dc33f,37c0a789-bc0e-5fef-ae1c-e2d4800f884b,True,True
66af4ec3-aa5d-5ac1-97c2-27ef7319a318,738e8545-0209-51d6-8d12-0461d206a7d3,37c0a789-bc0e-5fef-ae1c-e2d4800f884b,True,True
66af4ec3-aa5d-5ac1-97c2-27ef7319a318,a332a9f0-4f6f-51ea-88f7-5b0880cf2d80,37c0a789-bc0e-5fef-ae1c-e2d4800f884b,True,True
66af4ec3-aa5d-5ac1-97c2-27ef7319a318,1c79f4bd-c8ba-5260-a027-e73d472c5ec0,37c0a789-bc0e-5fef-ae1c-e2d4800f884b,True,True
66af4ec3-aa5d-5ac1-97c2-27ef7319a318,08a3b5f6-3e20-5701-b93b-cb280cba8251,37c0a789-bc0e-5fef-ae1c-e2d4800f884b,True,True
66af4ec3-aa5d-5ac1-97c2-27ef7319a318,30542068-a9e6-5fe8-9449-ccb0427090ce,37c0a789-bc0e-5fef-ae1c-e2d4800f884b,True,True
66af4ec3-aa5d-5ac1-97c2-27ef7319a318,26262584-6630-51f2-9286-4ca4d120ed71,37c0a789-bc0e-5fef-ae1c-e2d4800f884b,True,True
66af4ec3-aa5d-5ac1-97c2-27ef7319a318,ad44c8ef-2d27-5faf-88a7-6bba5dc6ef54,37c0a789-bc0e-5fef-ae1c-e2d4800f884b,True,True
66af4ec3-aa5d-5ac1-97c2-27ef7319a318,8f09932e-4de2-599b-a292-4945c9e270f8,37c0a789-bc0e-5fef-ae1c-e2d4800f884b,True,True
66af4ec3-aa5d-5ac1-97c2-27ef7319a318,22a03b10-2e26-5017-98bd-4beece2d9785,37c0a789-bc0e-5fef-ae1c-e2d4800f884b,True,True
66af4ec3-aa5d-5ac1-97c2-27ef7319a318,38cc7c84-8ba6-5b5d-99eb-22d35f7cefdd,37c0a789-bc0e-5fef-ae1c-e2d4800f884b,True,True
66af4ec3-aa5d-5ac1-97c2-27ef7319a318,cb7862a8-777f-51e6-9304-c38fe78292cb,37c0a789-bc0e-5fef-ae1c-e2d4800f884b,True,True
66af4ec3-aa5d-5ac1-97c2-27ef7319a318,916190b6-b3bb-5ab5-abf7-3557ae195906,37c0a789-bc0e-5fef-ae1c-e2d4800f884b,True,True
66af4ec3-aa5d-5ac1-97c2-27ef7319a318,9e266db5-eee8-5a72-912e-3a1947e090f8,37c0a789-bc0e-5fef-ae1c-e2d4800f884b,True,True
66af4ec3-aa5d-5ac1-97c2-27ef7319a318,0be4cf2d-eec6-5e33-b49e-86ecfaf1575f,37c0a789-bc0e-5fef-ae1c-e2d4800f884b,True,True
66af4ec3-aa5d-5ac1-97c2-27ef7319a318,18275717-a172-5841-ac08-458fb66426bf,37c0a789-bc0e-5fef-ae1c-e2d4800f884b,True,True
66af4ec3-aa5d-5ac1-97c2-27ef7319a318,f122b914-877e-564c-b790-6f72ad7ba1a7,37c0a789-bc0e-5fef-ae1c-e2d4800f884b,True,True
66af4ec3-aa5d-5ac1-97c2-27ef7319a318,2e6d63ba-7b18-5e13-a4f7-a53693d242a3,37c0a789-bc0e-5fef-ae1c-e2d4800f884b,True,True
66af4ec3-aa5d-5ac1-97c2-27ef7319a318,f29063f5-96bb-5fa4-ac09-b9e11ecc0a43,37c0a789-bc0e-5fef-ae1c-e2d4800f884b,True,True
66af4ec3-aa5d-5ac1-97c2-27ef7319a318,a1c67976-5214-59b4-8ab1-732e41da6434,37c0a789-bc0e-5fef-ae1c-e2d4800f884b,True,True
66af4ec3-aa5d-5ac1-97c2-27ef7319a318,d203083c-b3ae-5224-8a3f-4359866f081d,37c0a789-bc0e-5fef-ae1c-e2d4800f884b,True,True
66af4ec3-aa5d-5ac1-97c2-27ef7319a318,a1f1765d-de37-5c01-886f-cd17ba813ec7,37c0a789-bc0e-5fef-ae1c-e2d4800f884b,True,True
66af4ec3-aa5d-5ac1-97c2-27ef7319a318,de543d26-d7c4-502e-8358-2d1180c00fb1,37c0a789-bc0e-5fef-ae1c-e2d4800f884b,True,True
66af4ec3-aa5d-5ac1-97c2-27ef7319a318,8932e52a-12b7-5ad1-852a-70a03eaab50e,37c0a789-bc0e-5fef-ae1c-e2d4800f884b,True,True
66af4ec3-aa5d-5ac1-97c2-27ef7319a318,e8bd0917-6fad-5a4c-b33b-83af5b6f865f,37c0a789-bc0e-5fef-ae1c-e2d4800f884b,True,True
66af4ec3-aa5d-5ac1-97c2-27ef7319a318,d2573819-36bd-530d-884e-768c444befeb,37c0a789-bc0e-5fef-ae1c-e2d4800f884b,True,True
66af4ec3-aa5d-5ac1-97c2-27ef7319a318,4f79e7c4-c478-581a-a0f2-8f6d227cd5e4,37c0a789-bc0e-5fef-ae1c-e2d4800f884b,True,True
66af4ec3-aa5d-5ac1-97c2-27ef7319a318,418945fb-ad9a-507a-bc62-dcb35a33cb6a,37c0a789-bc0e-5fef-ae1c-e2d4800f884b,True,True
66af4ec3-aa5d-5ac1-97c2-27ef7319a318,06e6815f-d10d-5a2c-a61a-c24910f8df5e,37c0a789-bc0e-5fef-ae1c-e2d4800f884b,True,True
66af4ec3-aa5d-5ac1-97c2-27ef7319a318,6d559c1c-8143-5eb4-87c8-2de44b214e67,37c0a789-bc0e-5fef-ae1c-e2d4800f884b,True,True
66af4ec3-aa5d-5ac1-97c2-27ef7319a318,6f721de2-4589-5160-99e4-5bd82ceb3c61,37c0a789-bc0e-5fef-ae1c-e2d4800f884b,True,True
66af4ec3-aa5d-5ac1-97c2-27ef7319a318,c50b095a-a961-5a32-b755-4723f34a3068,37c0a789-bc0e-5fef-ae1c-e2d4800f884b,True,True
66af4ec3-aa5d-5ac1-97c2-27ef7319a318,6229c15a-9192-574d-a591-23ef667ea617,37c0a789-bc0e-5fef-ae1c-e2d4800f884b,True,True
66af4ec3-aa5d-5ac1-97c2-27ef7319a318,cdc91618-6779-5ac3-93f4-a0b491e5e109,37c0a789-bc0e-5fef-ae1c-e2d4800f884b,True,True
66af4ec3-aa5d-5ac1-97c2-27ef7319a318,95553f29-c9f0-540f-92df-d010abfcc91f,37c0a789-bc0e-5fef-ae1c-e2d4800f884b,True,True
66af4ec3-aa5d-5ac1-97c2-27ef7319a318,6ed49c21-6097-58f6-9670-ab85d50ba699,37c0a789-bc0e-5fef-ae1c-e2d4800f884b,True,True
66af4ec3-aa5d-5ac1-97c2-27ef7319a318,6d6d4078-ef58-512f-aa75-af7fb60aa510,37c0a789-bc0e-5fef-ae1c-e2d4800f884b,True,True
66af4ec3-aa5d-5ac1-97c2-27ef7319a318,6fd7b279-b16b-5950-bf76-dedc60867f83,37c0a789-bc0e-5fef-ae1c-e2d4800f884b,True,True
66af4ec3-aa5d-5ac1-97c2-27ef7319a318,cfd0c349-085a-5593-8d4a-719a9e512f02,37c0a789-bc0e-5fef-ae1c-e2d4800f884b,True,True
66af4ec3-aa5d-5ac1-97c2-27ef7319a318,99325eae-704e-5020-a356-673b0fcccecf,37c0a789-bc0e-5fef-ae1c-e2d4800f884b,True,True
66af4ec3-aa5d-5ac1-97c2-27ef7319a318,c6294682-4299-56c3-8ee3-88476da70a5a,37c0a789-bc0e-5fef-ae1c-e2d4800f884b,True,True
66af4ec3-aa5d-5ac1-97c2-27ef7319a318,b45a8a10-081c-59a4-838a-308df308f34f,37c0a789-bc0e-5fef-ae1c-e2d4800f884b,True,True
66af4ec3-aa5d-5ac1-97c2-27ef7319a318,7c64d365-9281-5136-abc7-4469cf84e31b,37c0a789-bc0e-5fef-ae1c-e2d4800f884b,True,True
66af4ec3-aa5d-5ac1-97c2-27ef7319a318,f854267a-6b82-54b7-a8bb-13d823c647db,37c0a789-bc0e-5fef-ae1c-e2d4800f884b,True,True
66af4ec3-aa5d-5ac1-97c2-27ef7319a318,fc94b052-a344-5119-b7a5-5c0a0aaecfe0,37c0a789-bc0e-5fef-ae1c-e2d4800f884b,True,True
66af4ec3-aa5d-5ac1-97c2-27ef7319a318,f2212c86-3ba5-53fb-a304-5c292ac8a846,37c0a789-bc0e-5fef-ae1c-e2d4800f884b,True,True
66af4ec3-aa5d-5ac1-97c2-27ef7319a318,88541c47-06b6-517a-a86d-2b6c1275e3df,37c0a789-bc0e-5fef-ae1c-e2d4800f884b,True,True
66af4ec3-aa5d-5ac1-97c2-27ef7319a318,b376906e-dc46-5aba-ae67-4a4a7cf726ab,37c0a789-bc0e-5fef-ae1c-e2d4800f884b,True,True
66af4ec3-aa5d-5ac1-97c2-27ef7319a318,14143186-223f-5d11-9f6e-216883974e36,37c0a789-bc0e-5fef-ae1c-e2d4800f884b,True,True
66af4ec3-aa5d-5ac1-97c2-27ef7319a318,4ca54ed1-e6c0-56dd-950d-8ff6971b51ea,37c0a789-bc0e-5fef-ae1c-e2d4800f884b,True,True
66af4ec3-aa5d-5ac1-97c2-27ef7319a318,69a2f642-35ae-5825-a334-18d97e75c42c,37c0a789-bc0e-5fef-ae1c-e2d4800f884b,True,True
66af4ec3-aa5d-5ac1-97c2-27ef7319a318,43266d7b-526a-57f4-a3e1-977094af8083,37c0a789-bc0e-5fef-ae1c-e2d4800f884b,True,True
66af4ec3-aa5d-5ac1-97c2-27ef7319a318,6847e551-d377-58b1-85d6-79488e2e2f05,37c0a789-bc0e-5fef-ae1c-e2d4800f884b,True,True
66af4ec3-aa5d-5ac1-97c2-27ef7319a318,49fd9a64-77f1-5baf-ac8d-c9c819db1e7e,37c0a789-bc0e-5fef-ae1c-e2d4800f884b,True,True
66af4ec3-aa5d-5ac1-97c2-27ef7319a318,dba75d65-ce09-519e-8d32-e7cf885c16b5,37c0a789-bc0e-5fef-ae1c-e2d4800f884b,True,True
66af4ec3-aa5d-5ac1-97c2-27ef7319a318,2c57094e-105e-50d7-a956-fb5098b53cbc,37c0a789-bc0e-5fef-ae1c-e2d4800f884b,True,True
66af4ec3-aa5d-5ac1-97c2-27ef7319a318,81feaf91-9a18-5bb5-99ee-a489436d54b0,37c0a789-bc0e-5fef-ae1c-e2d4800f884b,True,True
66af4ec3-aa5d-5ac1-97c2-27ef7319a318,5aad2d92-cef2-54b9-b603-b3aee9fe61f0,37c0a789-bc0e-5fef-ae1c-e2d4800f884b,True,True
66af4ec3-aa5d-5ac1-97c2-27ef7319a318,27815835-af87-550e-ac43-5ac1c76fef01,37c0a789-bc0e-5fef-ae1c-e2d4800f884b,True,True
66af4ec3-aa5d-5ac1-97c2-27ef7319a318,1c5b2339-c588-5d50-88c1-eda13ab87edc,37c0a789-bc0e-5fef-ae1c-e2d4800f884b,True,True
66af4ec3-aa5d-5ac1-97c2-27ef7319a318,af0252ba-7533-5bab-b574-6b7123f44f78,37c0a789-bc0e-5fef-ae1c-e2d4800f884b,True,True
66af4ec3-aa5d-5ac1-97c2-27ef7319a318,a570659f-6731-5d42-af98-398be5d61e87,37c0a789-bc0e-5fef-ae1c-e2d4800f884b,True,True
66af4ec3-aa5d-5ac1-97c2-27ef7319a318,e239d555-d075-5f29-b30f-3357e25c4403,37c0a789-bc0e-5fef-ae1c-e2d4800f884b,True,True
66af4ec3-aa5d-5ac1-97c2-27ef7319a318,66132644-0ca7-54f9-8eef-7617dc5c505d,37c0a789-bc0e-5fef-ae1c-e2d4800f884b,True,True
66af4ec3-aa5d-5ac1-97c2-27ef7319a318,8bd68f2f-0a90-562b-b431-dda9458ed7da,37c0a789-bc0e-5fef-ae1c-e2d4800f884b,True,True
66af4ec3-aa5d-5ac1-97c2-27ef7319a318,144a950e-3232-51ff-bdd7-dcab58b393cb,37c0a789-bc0e-5fef-ae1c-e2d4800f884b,True,True
66af4ec3-aa5d-5ac1-97c2-27ef7319a318,a523a2e9-e318-5023-9f75-05cdd2e929bd,37c0a789-bc0e-5fef-ae1c-e2d4800f884b,True,True
66af4ec3-aa5d-5ac1-97c2-27ef7319a318,30e57749-8b98-5ca1-8799-2d72b9769680,37c0a789-bc0e-5fef-ae1c-e2d4800f884b,True,True
66af4ec3-aa5d-5ac1-97c2-27ef7319a318,4873c5cb-dc22-52f3-ad16-d186b9249a56,37c0a789-bc0e-5fef-ae1c-e2d4800f884b,True,True
66af4ec3-aa5d-5ac1-97c2-27ef7319a318,4ef5daf4-ddf7-5b26-a61e-bbfc90addf2e,37c0a789-bc0e-5fef-ae1c-e2d4800f884b,True,True
66af4ec3-aa5d-5ac1-97c2-27ef7319a318,1ec75db2-b085-5d3c-81a0-a08aac4c5c60,37c0a789-bc0e-5fef-ae1c-e2d4800f884b,True,True
66af4ec3-aa5d-5ac1-97c2-27ef7319a318,6059b21f-0e89-5e32-99fa-38a1253de98c,37c0a789-bc0e-5fef-ae1c-e2d4800f884b,True,True
66af4ec3-aa5d-5ac1-97c2-27ef7319a318,a5a32374-6e59-5b87-be80-1c83e2347231,37c0a789-bc0e-5fef-ae1c-e2d4800f884b,True,True
66af4ec3-aa5d-5ac1-97c2-27ef7319a318,750391ce-a131-5dc8-946c-6b6b7047856b,37c0a789-bc0e-5fef-ae1c-e2d4800f884b,True,True
66af4ec3-aa5d-5ac1-97c2-27ef7319a318,70b42471-c2c5-57f1-a5af-8be2d1911473,37c0a789-bc0e-5fef-ae1c-e2d4800f884b,True,True
66af4ec3-aa5d-5ac1-97c2-27ef7319a318,462260a1-ca03-5a74-8f49-d392b9cab6c4,37c0a789-bc0e-5fef-ae1c-e2d4800f884b,True,True
66af4ec3-aa5d-5ac1-97c2-27ef7319a318,96341309-321d-5520-b6c8-de784ea899c6,37c0a789-bc0e-5fef-ae1c-e2d4800f884b,True,True
66af4ec3-aa5d-5ac1-97c2-27ef7319a318,31c1d8fe-f13c-5c87-8af8-8b413ea5d54f,37c0a789-bc0e-5fef-ae1c-e2d4800f884b,True,True
66af4ec3-aa5d-5ac1-97c2-27ef7319a318,a6f58996-7412-5b2d-82fd-081027c7bdff,37c0a789-bc0e-5fef-ae1c-e2d4800f884b,True,True
66af4ec3-aa5d-5ac1-97c2-27ef7319a318,d62f24ec-53d5-51bd-aa41-81b89a8cc6e7,37c0a789-bc0e-5fef-ae1c-e2d4800f884b,True,True
66af4ec3-aa5d-5ac1-97c2-27ef7319a318,57d70455-f4f6-5f39-9ee5-62a98d2885c3,37c0a789-bc0e-5fef-ae1c-e2d4800f884b,True,True
66af4ec3-aa5d-5ac1-97c2-27ef7319a318,36041236-26c5-5a10-b6c6-ffa0dd366f2d,37c0a789-bc0e-5fef-ae1c-e2d4800f884b,True,True
66af4ec3-aa5d-5ac1-97c2-27ef7319a318,857d9f52-27ea-5515-8d38-0e21c0d8dedd,37c0a789-bc0e-5fef-ae1c-e2d4800f884b,True,True
66af4ec3-aa5d-5ac1-97c2-27ef7319a318,c8f2d11a-48f6-5ffe-8e21-e96617a4502c,37c0a789-bc0e-5fef-ae1c-e2d4800f884b,True,True
66af4ec3-aa5d-5ac1-97c2-27ef7319a318,48bd4c62-edf5-570e-b6ff-b8cf85005499,37c0a789-bc0e-5fef-ae1c-e2d4800f884b,True,True
66af4ec3-aa5d-5ac1-97c2-27ef7319a318,97125878-ffc6-54e9-b5d2-66e461cc1267,37c0a789-bc0e-5fef-ae1c-e2d4800f884b,True,True
66af4ec3-aa5d-5ac1-97c2-27ef7319a318,ce83fe13-8a88-5f75-a5bd-25025a1c30bf,37c0a789-bc0e-5fef-ae1c-e2d4800f884b,True,True
66af4ec3-aa5d-5ac1-97c2-27ef7319a318,7a4dcc63-0030-51bb-86c9-003a172343be,37c0a789-bc0e-5fef-ae1c-e2d4800f884b,True,True
66af4ec3-aa5d-5ac1-97c2-27ef7319a318,19dcf41f-a531-5cd9-9b74-a1e858778cd8,37c0a789-bc0e-5fef-ae1c-e2d4800f884b,True,True
66af4ec3-aa5d-5ac1-97c2-27ef7319a318,a7cda5dc-5c07-5b25-99d1-9fa98d8d0e0b,37c0a789-bc0e-5fef-ae1c-e2d4800f884b,True,True
66af4ec3-aa5d-5ac1-97c2-27ef7319a318,120bca83-cccd-5111-abfe-60799d867715,37c0a789-bc0e-5fef-ae1c-e2d4800f884b,True,True
66af4ec3-aa5d-5ac1-97c2-27ef7319a318,0eb06129-5b4c-515c-a1b1-4dec79fc6f14,37c0a789-bc0e-5fef-ae1c-e2d4800f884b,True,True
66af4ec3-aa5d-5ac1-97c2-27ef7319a318,dd47451e-2dc4-5d23-ae38-fb9756afbd9a,37c0a789-bc0e-5fef-ae1c-e2d4800f884b,True,True
66af4ec3-aa5d-5ac1-97c2-27ef7319a318,441b96aa-87ac-5c2c-bc4b-e0bf9ce8f2b5,37c0a789-bc0e-5fef-ae1c-e2d4800f884b,True,True
66af4ec3-aa5d-5ac1-97c2-27ef7319a318,ce01973d-de05-5e1f-a908-1c156fc48f3d,37c0a789-bc0e-5fef-ae1c-e2d4800f884b,True,True
66af4ec3-aa5d-5ac1-97c2-27ef7319a318,81456ede-44e9-5ad6-b638-adf2b12a6d39,37c0a789-bc0e-5fef-ae1c-e2d4800f884b,True,True
66af4ec3-aa5d-5ac1-97c2-27ef7319a318,adcdf951-fd61-5135-ab75-03e301882dbb,37c0a789-bc0e-5fef-ae1c-e2d4800f884b,True,True
66af4ec3-aa5d-5ac1-97c2-27ef7319a318,34d87fc1-9903-5d90-a494-9985ce9459e1,37c0a789-bc0e-5fef-ae1c-e2d4800f884b,True,True
66af4ec3-aa5d-5ac1-97c2-27ef7319a318,fd5ce57a-5330-5ec3-9d39-b54918feef33,37c0a789-bc0e-5fef-ae1c-e2d4800f884b,True,True
66af4ec3-aa5d-5ac1-97c2-27ef7319a318,eec3c963-ecb6-5be7-b0ac-71f5f46bb327,37c0a789-bc0e-5fef-ae1c-e2d4800f884b,True,True
66af4ec3-aa5d-5ac1-97c2-27ef7319a318,48687169-08ce-5898-b24b-ab379e201d3e,37c0a789-bc0e-5fef-ae1c-e2d4800f884b,True,True
66af4ec3-aa5d-5ac1-97c2-27ef7319a318,090d241e-0827-500c-8e33-720caffd4dda,37c0a789-bc0e-5fef-ae1c-e2d4800f884b,True,True
66af4ec3-aa5d-5ac1-97c2-27ef7319a318,22722cc2-ca23-51e7-964c-9c87ea438cd8,37c0a789-bc0e-5fef-ae1c-e2d4800f884b,True,True
66af4ec3-aa5d-5ac1-97c2-27ef7319a318,074793cb-6c77-558c-aead-44d9e99a9022,37c0a789-bc0e-5fef-ae1c-e2d4800f884b,True,True
66af4ec3-aa5d-5ac1-97c2-27ef7319a318,6d2158fe-f21b-5a8b-a4ba-2a3c80cac1bc,37c0a789-bc0e-5fef-ae1c-e2d4800f884b,True,True
66af4ec3-aa5d-5ac1-97c2-27ef7319a318,132b62f7-dd90-5176-83ee-ca2ee4ece33b,37c0a789-bc0e-5fef-ae1c-e2d4800f884b,True,True
66af4ec3-aa5d-5ac1-97c2-27ef7319a318,51bcdebe-ddff-59a4-8669-49c11df144cc,37c0a789-bc0e-5fef-ae1c-e2d4800f884b,True,True
66af4ec3-aa5d-5ac1-97c2-27ef7319a318,e39e1f92-0ba1-582d-ada2-3251f3a843ba,37c0a789-bc0e-5fef-ae1c-e2d4800f884b,True,True
66af4ec3-aa5d-5ac1-97c2-27ef7319a318,f53218c0-839c-5a1e-b0d1-3614fdedd1d5,37c0a789-bc0e-5fef-ae1c-e2d4800f884b,True,True
66af4ec3-aa5d-5ac1-97c2-27ef7319a318,f7454e46-3c06-5502-8113-90de96a75c78,37c0a789-bc0e-5fef-ae1c-e2d4800f884b,True,True
66af4ec3-aa5d-5ac1-97c2-27ef7319a318,c13de654-c289-5349-b004-b22e12f87da4,37c0a789-bc0e-5fef-ae1c-e2d4800f884b,True,True
66af4ec3-aa5d-5ac1-97c2-27ef7319a318,85f05dd7-ccfc-5164-86c5-43b1cd0a8d7f,37c0a789-bc0e-5fef-ae1c-e2d4800f884b,True,True
66af4ec3-aa5d-5ac1-97c2-27ef7319a318,1f79ebd2-5b87-5ff1-a1c3-9638a6885473,37c0a789-bc0e-5fef-ae1c-e2d4800f884b,True,True
66af4ec3-aa5d-5ac1-97c2-27ef7319a318,749e53af-a951-5d32-a98d-c6858a76ebfc,37c0a789-bc0e-5fef-ae1c-e2d4800f884b,True,True
66af4ec3-aa5d-5ac1-97c2-27ef7319a318,276a1b79-30de-51d3-ab19-b2ad394ccd15,37c0a789-bc0e-5fef-ae1c-e2d4800f884b,True,True
66af4ec3-aa5d-5ac1-97c2-27ef7319a318,341e4554-6252-5e2a-b08c-ed842cf5bfc1,37c0a789-bc0e-5fef-ae1c-e2d4800f884b,True,True
66af4ec3-aa5d-5ac1-97c2-27ef7319a318,70a5e8e7-412a-55d1-8cf0-345cf18542c0,37c0a789-bc0e-5fef-ae1c-e2d4800f884b,True,True
66af4ec3-aa5d-5ac1-97c2-27ef7319a318,1f8c68a3-80ca-53f6-925f-d5d0b89fdc02,37c0a789-bc0e-5fef-ae1c-e2d4800f884b,True,True
66af4ec3-aa5d-5ac1-97c2-27ef7319a318,32308b7e-d6cb-5cc8-a992-4017fe99a920,37c0a789-bc0e-5fef-ae1c-e2d4800f884b,True,True
66af4ec3-aa5d-5ac1-97c2-27ef7319a318,7ef04b79-23be-5e99-a78b-7a2bbc731afe,37c0a789-bc0e-5fef-ae1c-e2d4800f884b,True,True
66af4ec3-aa5d-5ac1-97c2-27ef7319a318,576dae03-b16a-548a-ab7d-f46065cfaf6a,37c0a789-bc0e-5fef-ae1c-e2d4800f884b,True,True
66af4ec3-aa5d-5ac1-97c2-27ef7319a318,e08360eb-67db-5d71-97e8-652b08f98638,37c0a789-bc0e-5fef-ae1c-e2d4800f884b,True,True
66af4ec3-aa5d-5ac1-97c2-27ef7319a318,ef041f05-5446-5f8f-8937-f25d41fefbb9,37c0a789-bc0e-5fef-ae1c-e2d4800f884b,True,True
66af4ec3-aa5d-5ac1-97c2-27ef7319a318,92789ae1-902c-5750-a3cb-0d78a14df0b0,37c0a789-bc0e-5fef-ae1c-e2d4800f884b,True,True
66af4ec3-aa5d-5ac1-97c2-27ef7319a318,1906d963-4dbd-597f-881d-3b2b7f2e0d2b,37c0a789-bc0e-5fef-ae1c-e2d4800f884b,True,True
66af4ec3-aa5d-5ac1-97c2-27ef7319a318,637c2a99-eb69-5a6c-9996-deebec2b2233,37c0a789-bc0e-5fef-ae1c-e2d4800f884b,True,True
66af4ec3-aa5d-5ac1-97c2-27ef7319a318,3b227b1e-ff5f-5d54-94db-165ef1516650,37c0a789-bc0e-5fef-ae1c-e2d4800f884b,True,True
66af4ec3-aa5d-5ac1-97c2-27ef7319a318,71f3f188-0d47-5e4f-bb1b-9f74d9569863,37c0a789-bc0e-5fef-ae1c-e2d4800f884b,True,True
66af4ec3-aa5d-5ac1-97c2-27ef7319a318,4ca8255d-edf2-5a35-b282-571a92b8980f,37c0a789-bc0e-5fef-ae1c-e2d4800f884b,True,True
66af4ec3-aa5d-5ac1-97c2-27ef7319a318,01095734-797c-58b3-ad54-858452f9f506,37c0a789-bc0e-5fef-ae1c-e2d4800f884b,True,True
66af4ec3-aa5d-5ac1-97c2-27ef7319a318,4dbbcc42-c63d-59a5-963e-1f2609accd01,37c0a789-bc0e-5fef-ae1c-e2d4800f884b,True,True
66af4ec3-aa5d-5ac1-97c2-27ef7319a318,e3de206e-0a6a-5c39-a14f-1fb4ddc201e1,37c0a789-bc0e-5fef-ae1c-e2d4800f884b,True,True
66af4ec3-aa5d-5ac1-97c2-27ef7319a318,db67e794-3d52-589b-bf8c-7cc3753b42cf,37c0a789-bc0e-5fef-ae1c-e2d4800f884b,True,True
66af4ec3-aa5d-5ac1-97c2-27ef7319a318,9141f591-223b-5e4a-9bcf-ddc14f455c9c,37c0a789-bc0e-5fef-ae1c-e2d4800f884b,True,True
66af4ec3-aa5d-5ac1-97c2-27ef7319a318,8d0b018f-9bf8-5157-b828-f103ac153c59,37c0a789-bc0e-5fef-ae1c-e2d4800f884b,True,True
66af4ec3-aa5d-5ac1-97c2-27ef7319a318,9a9a390c-4a6f-543e-9704-f008d7a5cbd2,37c0a789-bc0e-5fef-ae1c-e2d4800f884b,True,True
66af4ec3-aa5d-5ac1-97c2-27ef7319a318,5a268ed2-6a2a-525a-a43d-2c9e0bd5878c,37c0a789-bc0e-5fef-ae1c-e2d4800f884b,True,True
66af4ec3-aa5d-5ac1-97c2-27ef7319a318,5ee71d24-f487-549e-95f9-b4b1b60ace02,37c0a789-bc0e-5fef-ae1c-e2d4800f884b,True,True
66af4ec3-aa5d-5ac1-97c2-27ef7319a318,dc4c78a8-d695-50ca-a40f-01f3d08dc741,37c0a789-bc0e-5fef-ae1c-e2d4800f884b,True,True
66af4ec3-aa5d-5ac1-97c2-27ef7319a318,90e459d7-6904-58fa-9552-83fd3313e08f,37c0a789-bc0e-5fef-ae1c-e2d4800f884b,True,True
66af4ec3-aa5d-5ac1-97c2-27ef7319a318,883da076-eef2-5527-935a-9c408e8fc4fd,37c0a789-bc0e-5fef-ae1c-e2d4800f884b,True,True
66af4ec3-aa5d-5ac1-97c2-27ef7319a318,117b81f5-2edf-5122-ad44-1959b3d3b91b,37c0a789-bc0e-5fef-ae1c-e2d4800f884b,True,True
66af4ec3-aa5d-5ac1-97c2-27ef7319a318,bbd65e84-6406-5747-b775-fb713e861741,37c0a789-bc0e-5fef-ae1c-e2d4800f884b,True,True
66af4ec3-aa5d-5ac1-97c2-27ef7319a318,521a892d-26f7-500b-9a5c-42ad2d0db3d7,37c0a789-bc0e-5fef-ae1c-e2d4800f884b,True,True
66af4ec3-aa5d-5ac1-97c2-27ef7319a318,f55e9634-f575-53bb-b656-ae19cb592d0f,37c0a789-bc0e-5fef-ae1c-e2d4800f884b,True,True
66af4ec3-aa5d-5ac1-97c2-27ef7319a318,578c34b4-28ec-5e57-a94c-2b0cd2de1f10,37c0a789-bc0e-5fef-ae1c-e2d4800f884b,True,True
66af4ec3-aa5d-5ac1-97c2-27ef7319a318,c4576fd6-ead7-5cad-b19c-16140f4db37e,37c0a789-bc0e-5fef-ae1c-e2d4800f884b,True,True
66af4ec3-aa5d-5ac1-97c2-27ef7319a318,5b1f7435-6d69-5902-8ef9-d8f49ed0ad6a,37c0a789-bc0e-5fef-ae1c-e2d4800f884b,True,True
66af4ec3-aa5d-5ac1-97c2-27ef7319a318,6f7fbd04-eb99-5c8c-8cea-d5a4241eda62,37c0a789-bc0e-5fef-ae1c-e2d4800f884b,True,True
66af4ec3-aa5d-5ac1-97c2-27ef7319a318,3dbaa269-b01b-55a0-8b79-eadbcfb0f2fb,37c0a789-bc0e-5fef-ae1c-e2d4800f884b,True,True
66af4ec3-aa5d-5ac1-97c2-27ef7319a318,96838ebe-5b12-5c17-8cc2-d6cb8b961c43,37c0a789-bc0e-5fef-ae1c-e2d4800f884b,True,True
66af4ec3-aa5d-5ac1-97c2-27ef7319a318,3afff027-5537-546d-ba3c-a16ec96be07b,37c0a789-bc0e-5fef-ae1c-e2d4800f884b,True,True
66af4ec3-aa5d-5ac1-97c2-27ef7319a318,5ca42189-0ad5-5fd2-914d-2b55efd53a12,37c0a789-bc0e-5fef-ae1c-e2d4800f884b,True,True
66af4ec3-aa5d-5ac1-97c2-27ef7319a318,616fdb3e-991d-5478-8755-ccc156fcc119,37c0a789-bc0e-5fef-ae1c-e2d4800f884b,True,True
66af4ec3-aa5d-5ac1-97c2-27ef7319a318,eff7c9ad-c249-520f-9bac-69d44a767d87,37c0a789-bc0e-5fef-ae1c-e2d4800f884b,True,True
66af4ec3-aa5d-5ac1-97c2-27ef7319a318,75d4a1aa-f207-533f-8f71-05aaf836c594,37c0a789-bc0e-5fef-ae1c-e2d4800f884b,True,True
66af4ec3-aa5d-5ac1-97c2-27ef7319a318,e1c4bafc-b9b0-5f3d-aed6-8f0932c8b0e4,37c0a789-bc0e-5fef-ae1c-e2d4800f884b,True,True
66af4ec3-aa5d-5ac1-97c2-27ef7319a318,075cc4bc-5f6f-522b-aabe-b866f82502ec,37c0a789-bc0e-5fef-ae1c-e2d4800f884b,True,True
66af4ec3-aa5d-5ac1-97c2-27ef7319a318,80dedf62-db5f-515d-90f6-5096714efc66,37c0a789-bc0e-5fef-ae1c-e2d4800f884b,True,True
66af4ec3-aa5d-5ac1-97c2-27ef7319a318,ccc1606a-5209-5c8d-9410-75a0cfa9371f,37c0a789-bc0e-5fef-ae1c-e2d4800f884b,True,True
66af4ec3-aa5d-5ac1-97c2-27ef7319a318,ac024ee8-df05-508a-9cdd-5ecb6ee6e004,37c0a789-bc0e-5fef-ae1c-e2d4800f884b,True,True
66af4ec3-aa5d-5ac1-97c2-27ef7319a318,bd465929-f4ae-591f-b6ab-b74fc70bee5f,37c0a789-bc0e-5fef-ae1c-e2d4800f884b,True,True
66af4ec3-aa5d-5ac1-97c2-27ef7319a318,e8fa60d7-e99b-523a-89e3-5b5b5be79992,37c0a789-bc0e-5fef-ae1c-e2d4800f884b,True,True
66af4ec3-aa5d-5ac1-97c2-27ef7319a318,3e150614-a3a3-56de-b5df-eaca07c17d4b,37c0a789-bc0e-5fef-ae1c-e2d4800f884b,True,True
66af4ec3-aa5d-5ac1-97c2-27ef7319a318,527832d1-7de9-57fc-b1fc-e171c82c45af,37c0a789-bc0e-5fef-ae1c-e2d4800f884b,True,True
66af4ec3-aa5d-5ac1-97c2-27ef7319a318,b288448f-c7bc-52c5-9b54-95d3ad06e6b4,37c0a789-bc0e-5fef-ae1c-e2d4800f884b,True,True
66af4ec3-aa5d-5ac1-97c2-27ef7319a318,06819ab2-33b8-5387-9053-65599a38445d,37c0a789-bc0e-5fef-ae1c-e2d4800f884b,True,True
66af4ec3-aa5d-5ac1-97c2-27ef7319a318,377119f2-08c7-5693-a81a-dbfbfc7d8d8d,37c0a789-bc0e-5fef-ae1c-e2d4800f884b,True,True
66af4ec3-aa5d-5ac1-97c2-27ef7319a318,10e76541-5ab6-5c13-91bd-a7e7ad8f4ff9,37c0a789-bc0e-5fef-ae1c-e2d4800f884b,True,True
66af4ec3-aa5d-5ac1-97c2-27ef7319a318,7cacec89-92a5-5a7d-9db0-cfea6ef562b9,37c0a789-bc0e-5fef-ae1c-e2d4800f884b,True,True
66af4ec3-aa5d-5ac1-97c2-27ef7319a318,ffeb17fe-14ef-5444-b395-bf55fb290469,37c0a789-bc0e-5fef-ae1c-e2d4800f884b,True,True
66af4ec3-aa5d-5ac1-97c2-27ef7319a318,bdb2ab02-d8be-5a07-9e10-377754f73cff,37c0a789-bc0e-5fef-ae1c-e2d4800f884b,True,True
66af4ec3-aa5d-5ac1-97c2-27ef7319a318,7fcaff44-0235-5fda-9a92-ced3ce008822,37c0a789-bc0e-5fef-ae1c-e2d4800f884b,True,True
66af4ec3-aa5d-5ac1-97c2-27ef7319a318,ec3860dc-64ae-53b2-b97f-951c1e02806d,37c0a789-bc0e-5fef-ae1c-e2d4800f884b,True,True
66af4ec3-aa5d-5ac1-97c2-27ef7319a318,26cf4892-6766-5f49-8080-7d020afb6a11,37c0a789-bc0e-5fef-ae1c-e2d4800f884b,True,True
66af4ec3-aa5d-5ac1-97c2-27ef7319a318,9d382c25-15b7-53b4-a0f5-ceaaaac2a28b,37c0a789-bc0e-5fef-ae1c-e2d4800f884b,True,True
66af4ec3-aa5d-5ac1-97c2-27ef7319a318,32eb7f72-7d85-555e-97c7-fa63d7baab71,37c0a789-bc0e-5fef-ae1c-e2d4800f884b,True,True
66af4ec3-aa5d-5ac1-97c2-27ef7319a318,8007a755-aff4-584a-9d7b-7b8c7b773147,37c0a789-bc0e-5fef-ae1c-e2d4800f884b,True,True
66af4ec3-aa5d-5ac1-97c2-27ef7319a318,13b76788-8749-55f3-a686-7def0f29b1dc,37c0a789-bc0e-5fef-ae1c-e2d4800f884b,True,True
66af4ec3-aa5d-5ac1-97c2-27ef7319a318,8327bf41-5ef6-590f-9f2e-d8f8ff80e7e9,37c0a789-bc0e-5fef-ae1c-e2d4800f884b,True,True
66af4ec3-aa5d-5ac1-97c2-27ef7319a318,e149f2f5-0d75-5654-9af2-9088c54ab5a0,37c0a789-bc0e-5fef-ae1c-e2d4800f884b,True,True
66af4ec3-aa5d-5ac1-97c2-27ef7319a318,cf62a611-a1d2-5fbc-a385-79ab9205b9b2,37c0a789-bc0e-5fef-ae1c-e2d4800f884b,True,True
66af4ec3-aa5d-5ac1-97c2-27ef7319a318,1fd188de-e07e-5fd5-afc3-e9800ac6301b,37c0a789-bc0e-5fef-ae1c-e2d4800f884b,True,True
66af4ec3-aa5d-5ac1-97c2-27ef7319a318,92b2ff38-311d-5280-a167-34fb643937b4,37c0a789-bc0e-5fef-ae1c-e2d4800f884b,True,True
66af4ec3-aa5d-5ac1-97c2-27ef7319a318,d19023e5-a244-5924-afcd-a16458cbceea,37c0a789-bc0e-5fef-ae1c-e2d4800f884b,True,True
66af4ec3-aa5d-5ac1-97c2-27ef7319a318,a30f2ff5-37d8-52a6-9009-48d78ea6c132,37c0a789-bc0e-5fef-ae1c-e2d4800f884b,True,True
66af4ec3-aa5d-5ac1-97c2-27ef7319a318,819d7fb4-d551-5e22-950f-4810bfaf7fe5,37c0a789-bc0e-5fef-ae1c-e2d4800f884b,True,True
66af4ec3-aa5d-5ac1-97c2-27ef7319a318,c0c6a015-591f-546d-9bdd-8e153254f0be,37c0a789-bc0e-5fef-ae1c-e2d4800f884b,True,True
66af4ec3-aa5d-5ac1-97c2-27ef7319a318,ccd0cc2f-e1ad-516d-b747-e32f0b51cc24,37c0a789-bc0e-5fef-ae1c-e2d4800f884b,True,True
66af4ec3-aa5d-5ac1-97c2-27ef7319a318,0ed2a44b-a49d-5242-bc3f-7bf4e6e082fe,37c0a789-bc0e-5fef-ae1c-e2d4800f884b,True,True
66af4ec3-aa5d-5ac1-97c2-27ef7319a318,f9ad53c9-ce57-5762-8a86-611f1cadc4c2,37c0a789-bc0e-5fef-ae1c-e2d4800f884b,True,True
66af4ec3-aa5d-5ac1-97c2-27ef7319a318,d52d107b-49bd-5812-a435-22cd0ac92d8e,37c0a789-bc0e-5fef-ae1c-e2d4800f884b,True,True
66af4ec3-aa5d-5ac1-97c2-27ef7319a318,104fa1b5-b023-5bdb-955f-410589875abc,37c0a789-bc0e-5fef-ae1c-e2d4800f884b,True,True
66af4ec3-aa5d-5ac1-97c2-27ef7319a318,961cacc9-2458-521c-a0f8-f3e516f30c2d,37c0a789-bc0e-5fef-ae1c-e2d4800f884b,True,True
66af4ec3-aa5d-5ac1-97c2-27ef7319a318,2f51b998-b7c7-546a-8b41-b3d40e2bd413,37c0a789-bc0e-5fef-ae1c-e2d4800f884b,True,True
66af4ec3-aa5d-5ac1-97c2-27ef7319a318,73c472ee-4566-5453-86f8-3563bcd917f1,37c0a789-bc0e-5fef-ae1c-e2d4800f884b,True,True
66af4ec3-aa5d-5ac1-97c2-27ef7319a318,48ccc9a3-2c12-5655-9709-c5a16ac5658b,37c0a789-bc0e-5fef-ae1c-e2d4800f884b,True,True
66af4ec3-aa5d-5ac1-97c2-27ef7319a318,753133c9-939c-5c21-a7f7-8068cc7e8ed8,37c0a789-bc0e-5fef-ae1c-e2d4800f884b,True,True
66af4ec3-aa5d-5ac1-97c2-27ef7319a318,dc5c5c20-0009-5949-b07d-861686ac696c,37c0a789-bc0e-5fef-ae1c-e2d4800f884b,True,True
66af4ec3-aa5d-5ac1-97c2-27ef7319a318,65c79d30-b77c-586c-b37d-eeeace16008f,37c0a789-bc0e-5fef-ae1c-e2d4800f884b,True,True
66af4ec3-aa5d-5ac1-97c2-27ef7319a318,320c852e-3f97-53e4-be1c-a6d6ce0ff5d4,37c0a789-bc0e-5fef-ae1c-e2d4800f884b,True,True
66af4ec3-aa5d-5ac1-97c2-27ef7319a318,e182fde7-1b75-5254-8f31-e5a3229bb0f2,37c0a789-bc0e-5fef-ae1c-e2d4800f884b,True,True
66af4ec3-aa5d-5ac1-97c2-27ef7319a318,0aaf8afd-15a9-557d-afa1-b848451ab292,37c0a789-bc0e-5fef-ae1c-e2d4800f884b,True,True
66af4ec3-aa5d-5ac1-97c2-27ef7319a318,4db5da0a-8362-5fb0-a679-11776e11668b,37c0a789-bc0e-5fef-ae1c-e2d4800f884b,True,True
66af4ec3-aa5d-5ac1-97c2-27ef7319a318,b2d920eb-bb91-5ec3-8de1-b62bd3ee5ba7,37c0a789-bc0e-5fef-ae1c-e2d4800f884b,True,True
66af4ec3-aa5d-5ac1-97c2-27ef7319a318,9074305e-20ca-5254-a3d9-1df14ca3e645,37c0a789-bc0e-5fef-ae1c-e2d4800f884b,True,True
66af4ec3-aa5d-5ac1-97c2-27ef7319a318,db7d25e9-88d4-56b0-8871-e41abd8db0d2,37c0a789-bc0e-5fef-ae1c-e2d4800f884b,True,True
66af4ec3-aa5d-5ac1-97c2-27ef7319a318,82f43b9b-6c22-5feb-8a1a-9f704a502738,37c0a789-bc0e-5fef-ae1c-e2d4800f884b,True,True
66af4ec3-aa5d-5ac1-97c2-27ef7319a318,340d9627-64fe-5479-bd91-3a732f8ee522,37c0a789-bc0e-5fef-ae1c-e2d4800f884b,True,True
66af4ec3-aa5d-5ac1-97c2-27ef7319a318,dc325e7b-d400-5692-aa58-374ddcd77683,37c0a789-bc0e-5fef-ae1c-e2d4800f884b,True,True
66af4ec3-aa5d-5ac1-97c2-27ef7319a318,c4d90104-5304-560c-a552-c63dac01ad16,37c0a789-bc0e-5fef-ae1c-e2d4800f884b,True,True
66af4ec3-aa5d-5ac1-97c2-27ef7319a318,9f216744-6a33-57ba-a96a-49ae7466bd74,37c0a789-bc0e-5fef-ae1c-e2d4800f884b,True,True
66af4ec3-aa5d-5ac1-97c2-27ef7319a318,47454237-bd43-5b1b-9bac-6562bf87baf3,37c0a789-bc0e-5fef-ae1c-e2d4800f884b,True,True
66af4ec3-aa5d-5ac1-97c2-27ef7319a318,9bf7f849-6863-5908-8c7e-00aeb91a467e,37c0a789-bc0e-5fef-ae1c-e2d4800f884b,True,True
66af4ec3-aa5d-5ac1-97c2-27ef7319a318,89a953e0-a5c6-5642-8968-ae9a34b37961,37c0a789-bc0e-5fef-ae1c-e2d4800f884b,True,True
66af4ec3-aa5d-5ac1-97c2-27ef7319a318,df8e7c8b-a353-597d-8ace-79e53ca1f54b,37c0a789-bc0e-5fef-ae1c-e2d4800f884b,True,True
66af4ec3-aa5d-5ac1-97c2-27ef7319a318,46b74ea0-db34-569c-8fc7-e187b622c58c,3ef19338-36e1-5b6f-953a-fc373c1e5c3c,True,True
66af4ec3-aa5d-5ac1-97c2-27ef7319a318,b9ddd3f9-2a9e-5eab-b95d-2526d8a5e0dc,3ef19338-36e1-5b6f-953a-fc373c1e5c3c,True,True
66af4ec3-aa5d-5ac1-97c2-27ef7319a318,d483fa9c-fb5b-5396-bbb3-55bbd981a6f4,3ef19338-36e1-5b6f-953a-fc373c1e5c3c,True,True
66af4ec3-aa5d-5ac1-97c2-27ef7319a318,fd5e650d-4f58-5834-9c1d-a893858cfe6c,3ef19338-36e1-5b6f-953a-fc373c1e5c3c,True,True
66af4ec3-aa5d-5ac1-97c2-27ef7319a318,770cfe29-9d55-5398-aa3d-d64865efa912,3ef19338-36e1-5b6f-953a-fc373c1e5c3c,True,True
66af4ec3-aa5d-5ac1-97c2-27ef7319a318,b1cf9423-f310-514d-8d29-743966adcb16,3ef19338-36e1-5b6f-953a-fc373c1e5c3c,True,True
66af4ec3-aa5d-5ac1-97c2-27ef7319a318,a4246a05-fa91-5a1f-b321-35b023939b76,3ef19338-36e1-5b6f-953a-fc373c1e5c3c,True,True
66af4ec3-aa5d-5ac1-97c2-27ef7319a318,6142a7cc-1f83-536c-8cc3-729885b93346,3ef19338-36e1-5b6f-953a-fc373c1e5c3c,True,True
66af4ec3-aa5d-5ac1-97c2-27ef7319a318,90ac3a52-8347-59bd-900c-356801057ee8,3ef19338-36e1-5b6f-953a-fc373c1e5c3c,True,True
66af4ec3-aa5d-5ac1-97c2-27ef7319a318,c1bbddd5-f5d1-5246-8e1d-b4644e5f2fd0,3ef19338-36e1-5b6f-953a-fc373c1e5c3c,True,True
66af4ec3-aa5d-5ac1-97c2-27ef7319a318,fe86b199-bd4c-516b-8ce3-524dddb78a61,3ef19338-36e1-5b6f-953a-fc373c1e5c3c,True,True
66af4ec3-aa5d-5ac1-97c2-27ef7319a318,6b00f17e-1848-511a-b595-1216e15ffa91,3ef19338-36e1-5b6f-953a-fc373c1e5c3c,True,True
66af4ec3-aa5d-5ac1-97c2-27ef7319a318,97cb3d95-4a52-584b-80c8-b9340d2c4228,3ef19338-36e1-5b6f-953a-fc373c1e5c3c,True,True
66af4ec3-aa5d-5ac1-97c2-27ef7319a318,a55648ab-bb8b-51c9-92b1-45cfaabda2ee,3ef19338-36e1-5b6f-953a-fc373c1e5c3c,True,True
66af4ec3-aa5d-5ac1-97c2-27ef7319a318,abffdaf6-f144-562a-ab68-8e825cd481b0,3ef19338-36e1-5b6f-953a-fc373c1e5c3c,True,True
66af4ec3-aa5d-5ac1-97c2-27ef7319a318,17a25f14-12f7-56cd-a082-ae838dd1751e,3ef19338-36e1-5b6f-953a-fc373c1e5c3c,True,True
66af4ec3-aa5d-5ac1-97c2-27ef7319a318,56686b7d-cf31-5945-93a0-bb0222cc6e06,3ef19338-36e1-5b6f-953a-fc373c1e5c3c,True,True
66af4ec3-aa5d-5ac1-97c2-27ef7319a318,5aeb8e7f-04dd-56ef-81a9-410d7ccfb2ee,3ef19338-36e1-5b6f-953a-fc373c1e5c3c,True,True
66af4ec3-aa5d-5ac1-97c2-27ef7319a318,66718d9e-dc7d-5f48-9fab-ce0578a55b47,3ef19338-36e1-5b6f-953a-fc373c1e5c3c,True,True
66af4ec3-aa5d-5ac1-97c2-27ef7319a318,f168e6be-aa4f-54a4-a86c-e6718531e542,3ef19338-36e1-5b6f-953a-fc373c1e5c3c,True,True
66af4ec3-aa5d-5ac1-97c2-27ef7319a318,b5d7429f-93ed-585f-a110-4f1ae39bd178,3ef19338-36e1-5b6f-953a-fc373c1e5c3c,True,True
66af4ec3-aa5d-5ac1-97c2-27ef7319a318,f5bb8d7f-b2cb-5f34-a736-4317c9f1fc39,3ef19338-36e1-5b6f-953a-fc373c1e5c3c,True,True
66af4ec3-aa5d-5ac1-97c2-27ef7319a318,20116354-ade3-527c-a31f-b64f8e0bfa31,3ef19338-36e1-5b6f-953a-fc373c1e5c3c,True,True
66af4ec3-aa5d-5ac1-97c2-27ef7319a318,d1574bcc-a5ee-51c9-ad71-d808f11abe8a,3ef19338-36e1-5b6f-953a-fc373c1e5c3c,True,True
66af4ec3-aa5d-5ac1-97c2-27ef7319a318,2a4897f7-c840-5fea-bee4-dc73d2b6de38,3ef19338-36e1-5b6f-953a-fc373c1e5c3c,True,True
66af4ec3-aa5d-5ac1-97c2-27ef7319a318,7e69da72-e056-5c98-a0db-b337fe7a7b38,3ef19338-36e1-5b6f-953a-fc373c1e5c3c,True,True
66af4ec3-aa5d-5ac1-97c2-27ef7319a318,436b356f-234b-5e0b-927d-35be569d0607,3ef19338-36e1-5b6f-953a-fc373c1e5c3c,True,True
66af4ec3-aa5d-5ac1-97c2-27ef7319a318,8ab1e5f4-a01c-500b-b439-50594a49224f,3ef19338-36e1-5b6f-953a-fc373c1e5c3c,True,True
66af4ec3-aa5d-5ac1-97c2-27ef7319a318,774f12d6-8fa1-58e0-8f83-d1781dd95424,3ef19338-36e1-5b6f-953a-fc373c1e5c3c,True,True
66af4ec3-aa5d-5ac1-97c2-27ef7319a318,21700cca-dd71-52c5-a645-8dee5a200f44,3ef19338-36e1-5b6f-953a-fc373c1e5c3c,True,True
66af4ec3-aa5d-5ac1-97c2-27ef7319a318,cd128e2e-6fc2-50f4-be31-662571438bec,3ef19338-36e1-5b6f-953a-fc373c1e5c3c,True,True
66af4ec3-aa5d-5ac1-97c2-27ef7319a318,f69c892d-54df-5803-984c-b0756d51ad95,3ef19338-36e1-5b6f-953a-fc373c1e5c3c,True,True
66af4ec3-aa5d-5ac1-97c2-27ef7319a318,0f5f2f9a-b531-5e19-9347-00fe024c8a13,3ef19338-36e1-5b6f-953a-fc373c1e5c3c,True,True
66af4ec3-aa5d-5ac1-97c2-27ef7319a318,a67f6d6b-9522-55aa-8e8a-3cfc69bf3c4f,3ef19338-36e1-5b6f-953a-fc373c1e5c3c,True,True
66af4ec3-aa5d-5ac1-97c2-27ef7319a318,a1f95a60-389a-5fce-bdb7-51b84e5462b2,3ef19338-36e1-5b6f-953a-fc373c1e5c3c,True,True
66af4ec3-aa5d-5ac1-97c2-27ef7319a318,1610f544-ffa1-55d2-8845-975dd8bacab0,3ef19338-36e1-5b6f-953a-fc373c1e5c3c,True,True
66af4ec3-aa5d-5ac1-97c2-27ef7319a318,26981e3a-0fde-5fed-a1b9-105c497d8247,3ef19338-36e1-5b6f-953a-fc373c1e5c3c,True,True
66af4ec3-aa5d-5ac1-97c2-27ef7319a318,7f76333b-d063-523e-adba-db76092fb22b,3ef19338-36e1-5b6f-953a-fc373c1e5c3c,True,True
66af4ec3-aa5d-5ac1-97c2-27ef7319a318,10e872de-103b-5887-bfa5-3320cf382980,3ef19338-36e1-5b6f-953a-fc373c1e5c3c,True,True
66af4ec3-aa5d-5ac1-97c2-27ef7319a318,9000a3d7-d70e-5f96-87eb-fd066101aadc,3ef19338-36e1-5b6f-953a-fc373c1e5c3c,True,True
66af4ec3-aa5d-5ac1-97c2-27ef7319a318,50633207-ade5-516c-a742-3ddbe81af215,3ef19338-36e1-5b6f-953a-fc373c1e5c3c,True,True
66af4ec3-aa5d-5ac1-97c2-27ef7319a318,9ae967b0-9e43-53bf-95b9-801555ef0a13,3ef19338-36e1-5b6f-953a-fc373c1e5c3c,True,True
66af4ec3-aa5d-5ac1-97c2-27ef7319a318,f25c4189-bb56-5962-bca3-79b9173eecde,3ef19338-36e1-5b6f-953a-fc373c1e5c3c,True,True
66af4ec3-aa5d-5ac1-97c2-27ef7319a318,ae246df8-5fd7-5307-8e2f-0071bd81538d,3ef19338-36e1-5b6f-953a-fc373c1e5c3c,True,True
66af4ec3-aa5d-5ac1-97c2-27ef7319a318,eb1aee56-4bb7-5064-b378-547cfc69790e,3ef19338-36e1-5b6f-953a-fc373c1e5c3c,True,True
66af4ec3-aa5d-5ac1-97c2-27ef7319a318,b11c2dd6-281f-548f-bfca-b6b6a3237f40,3ef19338-36e1-5b6f-953a-fc373c1e5c3c,True,True
66af4ec3-aa5d-5ac1-97c2-27ef7319a318,751ac72a-c52f-503a-9495-9d1c933760a0,3ef19338-36e1-5b6f-953a-fc373c1e5c3c,True,True
66af4ec3-aa5d-5ac1-97c2-27ef7319a318,7f564a06-7e28-5a58-900c-763887314aa9,3ef19338-36e1-5b6f-953a-fc373c1e5c3c,True,True
66af4ec3-aa5d-5ac1-97c2-27ef7319a318,f99bf4cb-3d1e-5787-9a82-9d34b81ddf13,3ef19338-36e1-5b6f-953a-fc373c1e5c3c,True,True
66af4ec3-aa5d-5ac1-97c2-27ef7319a318,4536063d-73cb-555a-82e0-ab40afc425c2,3ef19338-36e1-5b6f-953a-fc373c1e5c3c,True,True
66af4ec3-aa5d-5ac1-97c2-27ef7319a318,30ad1f6c-09a0-57a2-835b-bdf7173204d4,3ef19338-36e1-5b6f-953a-fc373c1e5c3c,True,True
66af4ec3-aa5d-5ac1-97c2-27ef7319a318,e2f71324-b228-50be-92fd-ebaf83f55cc5,3ef19338-36e1-5b6f-953a-fc373c1e5c3c,True,True
66af4ec3-aa5d-5ac1-97c2-27ef7319a318,769fec23-b8ac-5d7b-ab5d-64f4666807c6,3ef19338-36e1-5b6f-953a-fc373c1e5c3c,True,True
66af4ec3-aa5d-5ac1-97c2-27ef7319a318,f7a72ab6-b518-5877-ac56-05af462ad668,3ef19338-36e1-5b6f-953a-fc373c1e5c3c,True,True
66af4ec3-aa5d-5ac1-97c2-27ef7319a318,46d3a39f-8f10-53c3-aa28-9b09c836c96e,3ef19338-36e1-5b6f-953a-fc373c1e5c3c,True,True
66af4ec3-aa5d-5ac1-97c2-27ef7319a318,0244a0ce-b747-5f0d-b3d8-7e774bc7062a,3ef19338-36e1-5b6f-953a-fc373c1e5c3c,True,True
66af4ec3-aa5d-5ac1-97c2-27ef7319a318,ddf8a190-2f3d-5c7a-9154-698c52eb68fd,3ef19338-36e1-5b6f-953a-fc373c1e5c3c,True,True
66af4ec3-aa5d-5ac1-97c2-27ef7319a318,91b872ce-f7a1-585e-a3e1-a50f89223dd3,3ef19338-36e1-5b6f-953a-fc373c1e5c3c,True,True
66af4ec3-aa5d-5ac1-97c2-27ef7319a318,d5aa7214-34a9-5dd3-8c44-3a5cb7504826,3ef19338-36e1-5b6f-953a-fc373c1e5c3c,True,True
66af4ec3-aa5d-5ac1-97c2-27ef7319a318,b1d21ac1-8c55-59fc-a25b-acc0770af04f,3ef19338-36e1-5b6f-953a-fc373c1e5c3c,True,True
66af4ec3-aa5d-5ac1-97c2-27ef7319a318,1f78a04e-0b7e-550a-ab89-d3b533793f5e,3ef19338-36e1-5b6f-953a-fc373c1e5c3c,True,True
66af4ec3-aa5d-5ac1-97c2-27ef7319a318,182e94ae-a382-504c-94eb-72684945e060,3ef19338-36e1-5b6f-953a-fc373c1e5c3c,True,True
66af4ec3-aa5d-5ac1-97c2-27ef7319a318,20fada7b-37ee-5cb3-b08b-73c54fa6e96d,3ef19338-36e1-5b6f-953a-fc373c1e5c3c,True,True
66af4ec3-aa5d-5ac1-97c2-27ef7319a318,b4007104-1640-505e-8ed6-864697e5b056,3ef19338-36e1-5b6f-953a-fc373c1e5c3c,True,True
66af4ec3-aa5d-5ac1-97c2-27ef7319a318,54572730-2524-57ac-aad1-ec82a66685de,3ef19338-36e1-5b6f-953a-fc373c1e5c3c,True,True
66af4ec3-aa5d-5ac1-97c2-27ef7319a318,bf12f71c-6b18-5aeb-a56f-4ff6f931f33c,3ef19338-36e1-5b6f-953a-fc373c1e5c3c,True,True
66af4ec3-aa5d-5ac1-97c2-27ef7319a318,a2cf125a-8d02-542d-948b-729498fd3da8,3ef19338-36e1-5b6f-953a-fc373c1e5c3c,True,True
66af4ec3-aa5d-5ac1-97c2-27ef7319a318,71f030a0-3b6b-515d-874f-815080338344,3ef19338-36e1-5b6f-953a-fc373c1e5c3c,True,True
66af4ec3-aa5d-5ac1-97c2-27ef7319a318,05b6e6c0-66ab-5b0f-945a-94a186c36804,3ef19338-36e1-5b6f-953a-fc373c1e5c3c,True,True
66af4ec3-aa5d-5ac1-97c2-27ef7319a318,1da05db7-a64a-53db-b2f7-13bbcd07b07c,3ef19338-36e1-5b6f-953a-fc373c1e5c3c,True,True
66af4ec3-aa5d-5ac1-97c2-27ef7319a318,94f436b1-7255-585a-a7a6-6775038fe736,3ef19338-36e1-5b6f-953a-fc373c1e5c3c,True,True
66af4ec3-aa5d-5ac1-97c2-27ef7319a318,0b76cc93-c9d9-57ef-a526-399b16580118,3ef19338-36e1-5b6f-953a-fc373c1e5c3c,True,True
66af4ec3-aa5d-5ac1-97c2-27ef7319a318,99ec0547-656e-5959-937c-0c538f8170a8,3ef19338-36e1-5b6f-953a-fc373c1e5c3c,True,True
66af4ec3-aa5d-5ac1-97c2-27ef7319a318,5393f0de-8691-5fad-a4d2-59491c1336ac,3ef19338-36e1-5b6f-953a-fc373c1e5c3c,True,True
66af4ec3-aa5d-5ac1-97c2-27ef7319a318,9e66a780-6ef7-53c2-b7b3-1c5f1133bb6f,3ef19338-36e1-5b6f-953a-fc373c1e5c3c,True,True
66af4ec3-aa5d-5ac1-97c2-27ef7319a318,0b532c55-624f-5ca7-b77d-912e310debc0,3ef19338-36e1-5b6f-953a-fc373c1e5c3c,True,True
66af4ec3-aa5d-5ac1-97c2-27ef7319a318,982dcb92-a6fd-56d9-83b7-615e1ba1bfda,3ef19338-36e1-5b6f-953a-fc373c1e5c3c,True,True
66af4ec3-aa5d-5ac1-97c2-27ef7319a318,98bbc4c6-421c-532e-8603-f1eb90e45c64,3ef19338-36e1-5b6f-953a-fc373c1e5c3c,True,True
66af4ec3-aa5d-5ac1-97c2-27ef7319a318,45b40129-af10-5cc5-938d-6d6364c8be95,3ef19338-36e1-5b6f-953a-fc373c1e5c3c,True,True
66af4ec3-aa5d-5ac1-97c2-27ef7319a318,559a0528-d71e-568d-8b2d-43956d05b7bd,3ef19338-36e1-5b6f-953a-fc373c1e5c3c,True,True
66af4ec3-aa5d-5ac1-97c2-27ef7319a318,d1f996a0-7038-597d-8d6f-5bde969af80f,3ef19338-36e1-5b6f-953a-fc373c1e5c3c,True,True
66af4ec3-aa5d-5ac1-97c2-27ef7319a318,c8e5268f-b136-5dd6-be1d-6ca8ecb77ca2,3ef19338-36e1-5b6f-953a-fc373c1e5c3c,True,True
66af4ec3-aa5d-5ac1-97c2-27ef7319a318,502f74d0-d3f6-538a-b8d4-0fba55edf75d,3ef19338-36e1-5b6f-953a-fc373c1e5c3c,True,True
66af4ec3-aa5d-5ac1-97c2-27ef7319a318,394d5377-0e1e-546f-9ebf-30f0011b9c96,3ef19338-36e1-5b6f-953a-fc373c1e5c3c,True,True
66af4ec3-aa5d-5ac1-97c2-27ef7319a318,d95ff3b5-ba30-52b7-8024-4437eff609b1,3ef19338-36e1-5b6f-953a-fc373c1e5c3c,True,True
66af4ec3-aa5d-5ac1-97c2-27ef7319a318,6b8d0324-c34c-597a-bc5e-966967c01615,3ef19338-36e1-5b6f-953a-fc373c1e5c3c,True,True
66af4ec3-aa5d-5ac1-97c2-27ef7319a318,5f8062ae-a738-5edd-8699-d9cb704ef46e,3ef19338-36e1-5b6f-953a-fc373c1e5c3c,True,True
66af4ec3-aa5d-5ac1-97c2-27ef7319a318,f58d9c6a-2a03-5b10-ab74-7082992f9f90,3ef19338-36e1-5b6f-953a-fc373c1e5c3c,True,True
66af4ec3-aa5d-5ac1-97c2-27ef7319a318,338ec645-82c8-553d-8c6d-6488e4ced9e4,3ef19338-36e1-5b6f-953a-fc373c1e5c3c,True,True
66af4ec3-aa5d-5ac1-97c2-27ef7319a318,78f197c6-2344-5221-89e2-ab417008c8e5,3ef19338-36e1-5b6f-953a-fc373c1e5c3c,True,True
66af4ec3-aa5d-5ac1-97c2-27ef7319a318,9d504443-e876-5b6f-b971-4402427c0d33,3ef19338-36e1-5b6f-953a-fc373c1e5c3c,True,True
66af4ec3-aa5d-5ac1-97c2-27ef7319a318,71df3b90-7390-5037-b4bd-592cf757ad09,3ef19338-36e1-5b6f-953a-fc373c1e5c3c,True,True
66af4ec3-aa5d-5ac1-97c2-27ef7319a318,ac3287b8-c562-5785-b37e-fa52bf933e45,3ef19338-36e1-5b6f-953a-fc373c1e5c3c,True,True
66af4ec3-aa5d-5ac1-97c2-27ef7319a318,ab2b2562-e17e-59a8-87d1-01b4c0aa26cd,3ef19338-36e1-5b6f-953a-fc373c1e5c3c,True,True
66af4ec3-aa5d-5ac1-97c2-27ef7319a318,288fe604-288b-585f-bcd6-f5860d749408,3ef19338-36e1-5b6f-953a-fc373c1e5c3c,True,True
66af4ec3-aa5d-5ac1-97c2-27ef7319a318,ca36effa-ab65-5ad3-95f8-e992f3ee6339,3ef19338-36e1-5b6f-953a-fc373c1e5c3c,True,True
66af4ec3-aa5d-5ac1-97c2-27ef7319a318,18c64c1b-f786-54e1-9781-e8ffad5fa94e,3ef19338-36e1-5b6f-953a-fc373c1e5c3c,True,True
66af4ec3-aa5d-5ac1-97c2-27ef7319a318,f83464a3-846d-527b-9ba3-68a789daa7c6,3ef19338-36e1-5b6f-953a-fc373c1e5c3c,True,True
66af4ec3-aa5d-5ac1-97c2-27ef7319a318,166f4c2b-c365-589e-9232-e2497e940934,3ef19338-36e1-5b6f-953a-fc373c1e5c3c,True,True
66af4ec3-aa5d-5ac1-97c2-27ef7319a318,cf0ef1fa-cc90-5808-a819-23d2d364de67,3ef19338-36e1-5b6f-953a-fc373c1e5c3c,True,True
66af4ec3-aa5d-5ac1-97c2-27ef7319a318,9b44bc46-9067-5a66-8d33-7e8d83fc8700,3ef19338-36e1-5b6f-953a-fc373c1e5c3c,True,True
66af4ec3-aa5d-5ac1-97c2-27ef7319a318,08f67fe0-2ccd-52c5-895e-abf1f99c2aae,3ef19338-36e1-5b6f-953a-fc373c1e5c3c,True,True
66af4ec3-aa5d-5ac1-97c2-27ef7319a318,ffc88de4-9d35-5b70-9686-ee69947289fc,3ef19338-36e1-5b6f-953a-fc373c1e5c3c,True,True
66af4ec3-aa5d-5ac1-97c2-27ef7319a318,ed47bb68-cd33-54e6-ba2b-c61214d6000d,3ef19338-36e1-5b6f-953a-fc373c1e5c3c,True,True
66af4ec3-aa5d-5ac1-97c2-27ef7319a318,43605c60-2eae-5da0-8763-19b91ee9812c,3ef19338-36e1-5b6f-953a-fc373c1e5c3c,True,True
66af4ec3-aa5d-5ac1-97c2-27ef7319a318,32e1b5f0-616f-56ca-a137-3da3ccb54a4d,3ef19338-36e1-5b6f-953a-fc373c1e5c3c,True,True
66af4ec3-aa5d-5ac1-97c2-27ef7319a318,ef23a20d-0533-5c3f-8f7d-37df8e0d9bc1,3ef19338-36e1-5b6f-953a-fc373c1e5c3c,True,True
66af4ec3-aa5d-5ac1-97c2-27ef7319a318,9c69e120-ab0a-555c-8aca-2669bc585cd0,3ef19338-36e1-5b6f-953a-fc373c1e5c3c,True,True
66af4ec3-aa5d-5ac1-97c2-27ef7319a318,d9b0fb79-e62f-5a88-9d1a-bafa998c77d2,3ef19338-36e1-5b6f-953a-fc373c1e5c3c,True,True
66af4ec3-aa5d-5ac1-97c2-27ef7319a318,ca2e4634-5b03-5a0a-943f-f13cca5d6b5c,3ef19338-36e1-5b6f-953a-fc373c1e5c3c,True,True
66af4ec3-aa5d-5ac1-97c2-27ef7319a318,0c04975e-4e39-53ef-baa7-8114b3e60fa8,3ef19338-36e1-5b6f-953a-fc373c1e5c3c,True,True
66af4ec3-aa5d-5ac1-97c2-27ef7319a318,e0375eb0-6364-5a93-a80b-88df435b5e19,3ef19338-36e1-5b6f-953a-fc373c1e5c3c,True,True
66af4ec3-aa5d-5ac1-97c2-27ef7319a318,63b4ae68-c397-5fa5-b9f5-566d18a5f3dd,3ef19338-36e1-5b6f-953a-fc373c1e5c3c,True,True
66af4ec3-aa5d-5ac1-97c2-27ef7319a318,7cc48bb7-e3f9-5c7f-91fb-be2186259c23,3ef19338-36e1-5b6f-953a-fc373c1e5c3c,True,True
66af4ec3-aa5d-5ac1-97c2-27ef7319a318,f8a58a46-5d9b-526f-b092-bc413d9a4ec5,3ef19338-36e1-5b6f-953a-fc373c1e5c3c,True,True
66af4ec3-aa5d-5ac1-97c2-27ef7319a318,42f9ada4-bc92-54f4-a660-c8fddec75696,3ef19338-36e1-5b6f-953a-fc373c1e5c3c,True,True
66af4ec3-aa5d-5ac1-97c2-27ef7319a318,81e9746d-2491-5793-923d-321b2c0edf4d,3ef19338-36e1-5b6f-953a-fc373c1e5c3c,True,True
66af4ec3-aa5d-5ac1-97c2-27ef7319a318,c8af80d5-9580-573f-bfe8-fe81365945fa,3ef19338-36e1-5b6f-953a-fc373c1e5c3c,True,True
66af4ec3-aa5d-5ac1-97c2-27ef7319a318,a5237bc8-c3d6-50a9-bb84-501cec670d85,3ef19338-36e1-5b6f-953a-fc373c1e5c3c,True,True
66af4ec3-aa5d-5ac1-97c2-27ef7319a318,29770776-4a22-5c84-b7e3-da5c43f4080c,3ef19338-36e1-5b6f-953a-fc373c1e5c3c,True,True
66af4ec3-aa5d-5ac1-97c2-27ef7319a318,ade11c78-e3c6-5c0a-9807-ee2b53f6a35e,3ef19338-36e1-5b6f-953a-fc373c1e5c3c,True,True
66af4ec3-aa5d-5ac1-97c2-27ef7319a318,39d54b2d-d6ec-520c-8403-8c939185f4ca,3ef19338-36e1-5b6f-953a-fc373c1e5c3c,True,True
66af4ec3-aa5d-5ac1-97c2-27ef7319a318,2ce986ae-994c-5524-acda-c23fe15964d0,3ef19338-36e1-5b6f-953a-fc373c1e5c3c,True,True
66af4ec3-aa5d-5ac1-97c2-27ef7319a318,db6b7823-894d-5de8-8a96-1695aeb46110,3ef19338-36e1-5b6f-953a-fc373c1e5c3c,True,True
66af4ec3-aa5d-5ac1-97c2-27ef7319a318,1f20c6dc-105b-5e88-8c15-37c73b27eed0,3ef19338-36e1-5b6f-953a-fc373c1e5c3c,True,True
66af4ec3-aa5d-5ac1-97c2-27ef7319a318,08f3794a-21da-58ea-ada3-ee7241ee4196,3ef19338-36e1-5b6f-953a-fc373c1e5c3c,True,True
66af4ec3-aa5d-5ac1-97c2-27ef7319a318,6173ec8a-ebb4-5f59-a53a-940dc51b8c4b,3ef19338-36e1-5b6f-953a-fc373c1e5c3c,True,True
66af4ec3-aa5d-5ac1-97c2-27ef7319a318,f1415807-4194-5e7b-82ec-4b780595cc47,3ef19338-36e1-5b6f-953a-fc373c1e5c3c,True,True
66af4ec3-aa5d-5ac1-97c2-27ef7319a318,a58c53f2-0dad-5c01-8cc7-d625fd339110,3ef19338-36e1-5b6f-953a-fc373c1e5c3c,True,True
66af4ec3-aa5d-5ac1-97c2-27ef7319a318,fabfe7d9-5c01-5488-bda5-8f79316d5ddf,3ef19338-36e1-5b6f-953a-fc373c1e5c3c,True,True
66af4ec3-aa5d-5ac1-97c2-27ef7319a318,9b59ca19-c845-5921-9049-49b899d97e74,3ef19338-36e1-5b6f-953a-fc373c1e5c3c,True,True
66af4ec3-aa5d-5ac1-97c2-27ef7319a318,0e404494-45db-5b3c-ac20-5aa549da6a4c,3ef19338-36e1-5b6f-953a-fc373c1e5c3c,True,True
66af4ec3-aa5d-5ac1-97c2-27ef7319a318,93771043-c7e1-5393-b066-8da0d70e221f,3ef19338-36e1-5b6f-953a-fc373c1e5c3c,True,True
66af4ec3-aa5d-5ac1-97c2-27ef7319a318,77fffe50-a195-5bd0-9ae8-4374419fde74,3ef19338-36e1-5b6f-953a-fc373c1e5c3c,True,True
66af4ec3-aa5d-5ac1-97c2-27ef7319a318,fdd3c0f2-b2e0-5815-b3ae-693a550c914a,3ef19338-36e1-5b6f-953a-fc373c1e5c3c,True,True
66af4ec3-aa5d-5ac1-97c2-27ef7319a318,1b100ea1-a240-56c7-8c50-f6012e0b258a,3ef19338-36e1-5b6f-953a-fc373c1e5c3c,True,True
66af4ec3-aa5d-5ac1-97c2-27ef7319a318,25076bf1-0177-593f-9824-ead37d7b1bf3,3ef19338-36e1-5b6f-953a-fc373c1e5c3c,True,True
66af4ec3-aa5d-5ac1-97c2-27ef7319a318,a4b166eb-eacd-5dca-b689-76d3cb2dd2ab,3ef19338-36e1-5b6f-953a-fc373c1e5c3c,True,True
66af4ec3-aa5d-5ac1-97c2-27ef7319a318,330c1d81-d292-5205-9ed9-1234cd053582,3ef19338-36e1-5b6f-953a-fc373c1e5c3c,True,True
66af4ec3-aa5d-5ac1-97c2-27ef7319a318,65fcd885-58e2-5dd2-98d7-1523555f56e0,3ef19338-36e1-5b6f-953a-fc373c1e5c3c,True,True
66af4ec3-aa5d-5ac1-97c2-27ef7319a318,878cdd1b-38cf-5e9a-8b11-ce9da60376e8,3ef19338-36e1-5b6f-953a-fc373c1e5c3c,True,True
66af4ec3-aa5d-5ac1-97c2-27ef7319a318,ef3686ff-709d-5cde-a58a-02026ac0bb73,3ef19338-36e1-5b6f-953a-fc373c1e5c3c,True,True
66af4ec3-aa5d-5ac1-97c2-27ef7319a318,25647d4e-3e6f-5035-8f54-a14735379343,3ef19338-36e1-5b6f-953a-fc373c1e5c3c,True,True
66af4ec3-aa5d-5ac1-97c2-27ef7319a318,a67132e0-29dc-578d-bec7-44c37581e302,3ef19338-36e1-5b6f-953a-fc373c1e5c3c,True,True
66af4ec3-aa5d-5ac1-97c2-27ef7319a318,f65c4d37-65ee-5774-956a-15e62fe674bd,3ef19338-36e1-5b6f-953a-fc373c1e5c3c,True,True
66af4ec3-aa5d-5ac1-97c2-27ef7319a318,25d176b4-d960-5a9c-baf7-97bc53eb9a12,3ef19338-36e1-5b6f-953a-fc373c1e5c3c,True,True
66af4ec3-aa5d-5ac1-97c2-27ef7319a318,a15950f2-7e56-5910-96bc-a744c3656b46,3ef19338-36e1-5b6f-953a-fc373c1e5c3c,True,True
66af4ec3-aa5d-5ac1-97c2-27ef7319a318,011a95ac-1c2a-56e7-9ec0-2fb63b6f4c5f,3ef19338-36e1-5b6f-953a-fc373c1e5c3c,True,True
66af4ec3-aa5d-5ac1-97c2-27ef7319a318,3a57dd0c-445e-5143-a33d-5b4b17531970,3ef19338-36e1-5b6f-953a-fc373c1e5c3c,True,True
66af4ec3-aa5d-5ac1-97c2-27ef7319a318,975a4571-828a-5944-8bab-61569587a160,3ef19338-36e1-5b6f-953a-fc373c1e5c3c,True,True
66af4ec3-aa5d-5ac1-97c2-27ef7319a318,323401db-cab3-5c8a-9f8d-7cf1d5614eab,3ef19338-36e1-5b6f-953a-fc373c1e5c3c,True,True
66af4ec3-aa5d-5ac1-97c2-27ef7319a318,464360be-8eec-54ef-8a2a-c2bc0eed0809,3ef19338-36e1-5b6f-953a-fc373c1e5c3c,True,True
66af4ec3-aa5d-5ac1-97c2-27ef7319a318,e5ed721f-e4bd-5e91-aa4e-830abd43a604,3ef19338-36e1-5b6f-953a-fc373c1e5c3c,True,True
66af4ec3-aa5d-5ac1-97c2-27ef7319a318,490a384b-5d47-5918-9cbd-f888c5d20e8f,3ef19338-36e1-5b6f-953a-fc373c1e5c3c,True,True
66af4ec3-aa5d-5ac1-97c2-27ef7319a318,3c830944-7536-5820-9640-3708dcab095d,3ef19338-36e1-5b6f-953a-fc373c1e5c3c,True,True
66af4ec3-aa5d-5ac1-97c2-27ef7319a318,96b5f7ec-2e86-515a-980a-36e392805941,3ef19338-36e1-5b6f-953a-fc373c1e5c3c,True,True
66af4ec3-aa5d-5ac1-97c2-27ef7319a318,3b9f9cb5-6c13-5a7d-9d21-f4e499b90c3f,3ef19338-36e1-5b6f-953a-fc373c1e5c3c,True,True
66af4ec3-aa5d-5ac1-97c2-27ef7319a318,22a7e11e-a8e1-57ce-a988-56039107c6bb,3ef19338-36e1-5b6f-953a-fc373c1e5c3c,True,True
66af4ec3-aa5d-5ac1-97c2-27ef7319a318,7f5fefaf-2ac7-57ab-9e2a-c2aa9cd25a88,3ef19338-36e1-5b6f-953a-fc373c1e5c3c,True,True
66af4ec3-aa5d-5ac1-97c2-27ef7319a318,30b958b1-e299-5d47-9a2e-fd8eabc9e584,3ef19338-36e1-5b6f-953a-fc373c1e5c3c,True,True
66af4ec3-aa5d-5ac1-97c2-27ef7319a318,29eca194-d741-59a9-b161-c0ae838db281,3ef19338-36e1-5b6f-953a-fc373c1e5c3c,True,True
66af4ec3-aa5d-5ac1-97c2-27ef7319a318,8ac14863-b7b6-52e6-b722-935c5cc65c69,3ef19338-36e1-5b6f-953a-fc373c1e5c3c,True,True
66af4ec3-aa5d-5ac1-97c2-27ef7319a318,7a35df80-8f5b-5368-a9ed-843afa099121,3ef19338-36e1-5b6f-953a-fc373c1e5c3c,True,True
66af4ec3-aa5d-5ac1-97c2-27ef7319a318,6b7207a5-70db-5646-bdb8-ed54f4916152,3ef19338-36e1-5b6f-953a-fc373c1e5c3c,True,True
66af4ec3-aa5d-5ac1-97c2-27ef7319a318,143912b1-09f7-5d65-b4c7-61b174e8e3bd,3ef19338-36e1-5b6f-953a-fc373c1e5c3c,True,True
66af4ec3-aa5d-5ac1-97c2-27ef7319a318,ddf913eb-ec56-52bc-88c2-561f65d0fc2c,3ef19338-36e1-5b6f-953a-fc373c1e5c3c,True,True
66af4ec3-aa5d-5ac1-97c2-27ef7319a318,9fc28dc1-04de-5598-ae86-59f682c50b36,3ef19338-36e1-5b6f-953a-fc373c1e5c3c,True,True
66af4ec3-aa5d-5ac1-97c2-27ef7319a318,ac9dc9fe-6afc-5ea8-b2a9-597b84ec8944,3ef19338-36e1-5b6f-953a-fc373c1e5c3c,True,True
66af4ec3-aa5d-5ac1-97c2-27ef7319a318,553c2ad7-a9f5-5c4d-8aa0-0220f09ee66c,3ef19338-36e1-5b6f-953a-fc373c1e5c3c,True,True
66af4ec3-aa5d-5ac1-97c2-27ef7319a318,69e1c2bc-4e4b-5772-9fbf-25ec1170b922,3ef19338-36e1-5b6f-953a-fc373c1e5c3c,True,True
66af4ec3-aa5d-5ac1-97c2-27ef7319a318,3a3338e1-8040-5ad7-8d82-1eb47db6d7c0,3ef19338-36e1-5b6f-953a-fc373c1e5c3c,True,True
66af4ec3-aa5d-5ac1-97c2-27ef7319a318,c46b9f54-259a-51a1-979a-2f0396fa4f99,3ef19338-36e1-5b6f-953a-fc373c1e5c3c,True,True
66af4ec3-aa5d-5ac1-97c2-27ef7319a318,7484e5c6-92f3-5613-b97a-ab25707ee654,3ef19338-36e1-5b6f-953a-fc373c1e5c3c,True,True
66af4ec3-aa5d-5ac1-97c2-27ef7319a318,0ba3e3d0-70da-57a7-ac9a-fd9ab82bb82b,3ef19338-36e1-5b6f-953a-fc373c1e5c3c,True,True
66af4ec3-aa5d-5ac1-97c2-27ef7319a318,aa26509f-a7de-59de-8783-3a0f221a84c6,3ef19338-36e1-5b6f-953a-fc373c1e5c3c,True,True
66af4ec3-aa5d-5ac1-97c2-27ef7319a318,6d792fe7-0675-5dab-be57-8b3a58b0d7a4,3ef19338-36e1-5b6f-953a-fc373c1e5c3c,True,True
66af4ec3-aa5d-5ac1-97c2-27ef7319a318,b7743ea4-d961-547a-a36f-64afdf6277b0,3ef19338-36e1-5b6f-953a-fc373c1e5c3c,True,True
66af4ec3-aa5d-5ac1-97c2-27ef7319a318,79e6eb29-cb0c-5d13-911b-598b447369d2,3ef19338-36e1-5b6f-953a-fc373c1e5c3c,True,True
66af4ec3-aa5d-5ac1-97c2-27ef7319a318,33e6e6b7-52dd-5c4c-a1c7-50cfb2ee2599,3ef19338-36e1-5b6f-953a-fc373c1e5c3c,True,True
66af4ec3-aa5d-5ac1-97c2-27ef7319a318,fbe93db4-29dc-5ef2-876d-df30923a9260,3ef19338-36e1-5b6f-953a-fc373c1e5c3c,True,True
66af4ec3-aa5d-5ac1-97c2-27ef7319a318,b5d903eb-94cb-5db1-bf56-6769694483fa,3ef19338-36e1-5b6f-953a-fc373c1e5c3c,True,True
66af4ec3-aa5d-5ac1-97c2-27ef7319a318,f3c1474d-03d8-57c8-9c6d-bd980633dbde,3ef19338-36e1-5b6f-953a-fc373c1e5c3c,True,True
66af4ec3-aa5d-5ac1-97c2-27ef7319a318,47b1a4e2-1f93-5d13-b045-7a1fe6761d4a,3ef19338-36e1-5b6f-953a-fc373c1e5c3c,True,True
66af4ec3-aa5d-5ac1-97c2-27ef7319a318,6372a856-adda-5c51-ad85-0ff1998b1372,3ef19338-36e1-5b6f-953a-fc373c1e5c3c,True,True
66af4ec3-aa5d-5ac1-97c2-27ef7319a318,baef6de0-5443-526d-b328-0a0348da6b91,3ef19338-36e1-5b6f-953a-fc373c1e5c3c,True,True
66af4ec3-aa5d-5ac1-97c2-27ef7319a318,3d99be1c-3d93-5a03-9029-6f858372c557,3ef19338-36e1-5b6f-953a-fc373c1e5c3c,True,True
66af4ec3-aa5d-5ac1-97c2-27ef7319a318,d60030cf-c6b4-57d6-8c73-d8c5affc4900,3ef19338-36e1-5b6f-953a-fc373c1e5c3c,True,True
66af4ec3-aa5d-5ac1-97c2-27ef7319a318,bb837c91-2fef-5371-8a71-1b8d0bfb745f,3ef19338-36e1-5b6f-953a-fc373c1e5c3c,True,True
66af4ec3-aa5d-5ac1-97c2-27ef7319a318,d8723342-7650-5e8d-a8ba-efa38917e7bf,3ef19338-36e1-5b6f-953a-fc373c1e5c3c,True,True
66af4ec3-aa5d-5ac1-97c2-27ef7319a318,3f71b8db-6258-515e-8383-7070237bb008,3ef19338-36e1-5b6f-953a-fc373c1e5c3c,True,True
66af4ec3-aa5d-5ac1-97c2-27ef7319a318,224faf39-41fa-5d93-a0b6-f69f22515ca8,3ef19338-36e1-5b6f-953a-fc373c1e5c3c,True,True
66af4ec3-aa5d-5ac1-97c2-27ef7319a318,35e62e3f-12a2-5b32-90e3-f2e91422e891,3ef19338-36e1-5b6f-953a-fc373c1e5c3c,True,True
66af4ec3-aa5d-5ac1-97c2-27ef7319a318,de68c0b0-f966-5d18-9925-f1a7d1161fa4,3ef19338-36e1-5b6f-953a-fc373c1e5c3c,True,True
66af4ec3-aa5d-5ac1-97c2-27ef7319a318,860153f3-bbf0-578c-acaa-1e5c28a08ffc,3ef19338-36e1-5b6f-953a-fc373c1e5c3c,True,True
66af4ec3-aa5d-5ac1-97c2-27ef7319a318,0cf45135-022f-544b-9dcb-82e41591c145,3ef19338-36e1-5b6f-953a-fc373c1e5c3c,True,True
66af4ec3-aa5d-5ac1-97c2-27ef7319a318,10ead256-c0c4-5626-bd09-d0d84c00b77f,3ef19338-36e1-5b6f-953a-fc373c1e5c3c,True,True
66af4ec3-aa5d-5ac1-97c2-27ef7319a318,75944f51-c3e1-51c9-8c3c-63caf41ed3cc,3ef19338-36e1-5b6f-953a-fc373c1e5c3c,True,True
66af4ec3-aa5d-5ac1-97c2-27ef7319a318,5922a4b0-f461-5028-935f-5efe27b73284,3ef19338-36e1-5b6f-953a-fc373c1e5c3c,True,True
66af4ec3-aa5d-5ac1-97c2-27ef7319a318,fb4c9125-db70-5660-a25a-71ac4b3393ed,3ef19338-36e1-5b6f-953a-fc373c1e5c3c,True,True
66af4ec3-aa5d-5ac1-97c2-27ef7319a318,9f889548-355d-5ccc-9aae-c6371b71f77b,3ef19338-36e1-5b6f-953a-fc373c1e5c3c,True,True
66af4ec3-aa5d-5ac1-97c2-27ef7319a318,380b55a3-f20f-5a93-a949-579f94116a24,3ef19338-36e1-5b6f-953a-fc373c1e5c3c,True,True
66af4ec3-aa5d-5ac1-97c2-27ef7319a318,86d4628d-77a1-5da9-8452-e488e40f5042,3ef19338-36e1-5b6f-953a-fc373c1e5c3c,True,True
66af4ec3-aa5d-5ac1-97c2-27ef7319a318,d005f9c0-faaa-52ec-9833-b4e4422ea6b6,3ef19338-36e1-5b6f-953a-fc373c1e5c3c,True,True
66af4ec3-aa5d-5ac1-97c2-27ef7319a318,45c343d8-4786-52b5-98a2-b190b4811d3a,3ef19338-36e1-5b6f-953a-fc373c1e5c3c,True,True
66af4ec3-aa5d-5ac1-97c2-27ef7319a318,0b3ce7c7-530c-5e47-83ef-d66bc38e2c5e,3ef19338-36e1-5b6f-953a-fc373c1e5c3c,True,True
66af4ec3-aa5d-5ac1-97c2-27ef7319a318,b8cc7b96-46de-51a1-abbd-4a871be7120a,3ef19338-36e1-5b6f-953a-fc373c1e5c3c,True,True
66af4ec3-aa5d-5ac1-97c2-27ef7319a318,9f8432d1-fdea-5ffb-8807-f83be63235c9,3ef19338-36e1-5b6f-953a-fc373c1e5c3c,True,True
66af4ec3-aa5d-5ac1-97c2-27ef7319a318,c309b155-ca8b-5c19-bcad-b2347ea72a22,3ef19338-36e1-5b6f-953a-fc373c1e5c3c,True,True
66af4ec3-aa5d-5ac1-97c2-27ef7319a318,25bc0ab0-814d-5517-b5c5-7b16ef0cda04,3ef19338-36e1-5b6f-953a-fc373c1e5c3c,True,True
66af4ec3-aa5d-5ac1-97c2-27ef7319a318,92bb4d73-e84a-52e0-9bd7-6e918d34c161,3ef19338-36e1-5b6f-953a-fc373c1e5c3c,True,True
66af4ec3-aa5d-5ac1-97c2-27ef7319a318,69441173-0ae4-5eb2-97cd-2942f348f154,3ef19338-36e1-5b6f-953a-fc373c1e5c3c,True,True
66af4ec3-aa5d-5ac1-97c2-27ef7319a318,3e63eec7-6c29-5d84-bac2-1ef0e568ad82,3ef19338-36e1-5b6f-953a-fc373c1e5c3c,True,True
66af4ec3-aa5d-5ac1-97c2-27ef7319a318,0a9d0028-5205-58c4-9c8a-6c5f24aa3acf,3ef19338-36e1-5b6f-953a-fc373c1e5c3c,True,True
66af4ec3-aa5d-5ac1-97c2-27ef7319a318,5e0e8e09-23e2-597d-a29f-9870e366ea0e,3ef19338-36e1-5b6f-953a-fc373c1e5c3c,True,True
66af4ec3-aa5d-5ac1-97c2-27ef7319a318,dafc6e02-0487-548d-900d-918343573a14,3ef19338-36e1-5b6f-953a-fc373c1e5c3c,True,True
66af4ec3-aa5d-5ac1-97c2-27ef7319a318,b409a38f-c0ae-56cc-8c4c-c9c88a485e35,3ef19338-36e1-5b6f-953a-fc373c1e5c3c,True,True
66af4ec3-aa5d-5ac1-97c2-27ef7319a318,5b763d22-1a91-5d6b-aac0-15cccddb6e54,3ef19338-36e1-5b6f-953a-fc373c1e5c3c,True,True
66af4ec3-aa5d-5ac1-97c2-27ef7319a318,866069bb-57c5-5079-9a04-a2f19cb9bd7e,3ef19338-36e1-5b6f-953a-fc373c1e5c3c,True,True
66af4ec3-aa5d-5ac1-97c2-27ef7319a318,928fe4c1-89cf-572c-b9bb-0a669bfcc742,3ef19338-36e1-5b6f-953a-fc373c1e5c3c,True,True
66af4ec3-aa5d-5ac1-97c2-27ef7319a318,3370acbc-9289-5da9-8612-90bded2df36c,3ef19338-36e1-5b6f-953a-fc373c1e5c3c,True,True
66af4ec3-aa5d-5ac1-97c2-27ef7319a318,fde415e0-f756-582a-81d5-2c2d25900cc9,3ef19338-36e1-5b6f-953a-fc373c1e5c3c,True,True
66af4ec3-aa5d-5ac1-97c2-27ef7319a318,715c187d-cc2b-52e9-af2c-bfd3a2efc23f,3ef19338-36e1-5b6f-953a-fc373c1e5c3c,True,True
66af4ec3-aa5d-5ac1-97c2-27ef7319a318,95f04806-01b3-5531-b1af-1edb05156cda,3ef19338-36e1-5b6f-953a-fc373c1e5c3c,True,True
66af4ec3-aa5d-5ac1-97c2-27ef7319a318,03c40eea-645c-5046-bdfd-ef4cad397ee3,3ef19338-36e1-5b6f-953a-fc373c1e5c3c,True,True
66af4ec3-aa5d-5ac1-97c2-27ef7319a318,2983580d-fb3d-5dfe-bbc6-ec78ec9083cb,3ef19338-36e1-5b6f-953a-fc373c1e5c3c,True,True
66af4ec3-aa5d-5ac1-97c2-27ef7319a318,6ed04131-780c-5089-a57d-4f1fe10fd931,3ef19338-36e1-5b6f-953a-fc373c1e5c3c,True,True
66af4ec3-aa5d-5ac1-97c2-27ef7319a318,b143c781-4c45-5e3d-9009-1a7303c8c6c7,3ef19338-36e1-5b6f-953a-fc373c1e5c3c,True,True
66af4ec3-aa5d-5ac1-97c2-27ef7319a318,4eba611e-a442-5473-b5c0-ac2bb136517b,3ef19338-36e1-5b6f-953a-fc373c1e5c3c,True,True
66af4ec3-aa5d-5ac1-97c2-27ef7319a318,46eed132-7b76-5df8-bfe9-e5ed384a876c,3ef19338-36e1-5b6f-953a-fc373c1e5c3c,True,True
66af4ec3-aa5d-5ac1-97c2-27ef7319a318,1774babd-6322-56ea-a9cd-a56d929cac3a,3ef19338-36e1-5b6f-953a-fc373c1e5c3c,True,True
66af4ec3-aa5d-5ac1-97c2-27ef7319a318,08adfe02-a021-541d-ab7c-923287e194de,3ef19338-36e1-5b6f-953a-fc373c1e5c3c,True,True
66af4ec3-aa5d-5ac1-97c2-27ef7319a318,367d45ae-af3f-5144-87ee-626cf803b30d,3ef19338-36e1-5b6f-953a-fc373c1e5c3c,True,True
66af4ec3-aa5d-5ac1-97c2-27ef7319a318,df9261f1-be72-5f5d-84aa-3fe06f0b2765,3ef19338-36e1-5b6f-953a-fc373c1e5c3c,True,True
66af4ec3-aa5d-5ac1-97c2-27ef7319a318,b3acb89d-d204-570f-96e2-4d28d60e148b,3ef19338-36e1-5b6f-953a-fc373c1e5c3c,True,True
66af4ec3-aa5d-5ac1-97c2-27ef7319a318,0b2fb962-dce2-5761-9a57-f6f45c43eb0e,3ef19338-36e1-5b6f-953a-fc373c1e5c3c,True,True
66af4ec3-aa5d-5ac1-97c2-27ef7319a318,ac7e7edb-8472-5c74-bf2c-3195feb3b901,3ef19338-36e1-5b6f-953a-fc373c1e5c3c,True,True
66af4ec3-aa5d-5ac1-97c2-27ef7319a318,7c6cf37e-6001-5662-ae64-fe9339df534f,3ef19338-36e1-5b6f-953a-fc373c1e5c3c,True,True
66af4ec3-aa5d-5ac1-97c2-27ef7319a318,af3be336-5840-5c77-8ec1-5fbf8631427e,3ef19338-36e1-5b6f-953a-fc373c1e5c3c,True,True
66af4ec3-aa5d-5ac1-97c2-27ef7319a318,1d014e8b-3938-5ad5-9c91-2496bfaf5c85,3ef19338-36e1-5b6f-953a-fc373c1e5c3c,True,True
66af4ec3-aa5d-5ac1-97c2-27ef7319a318,fad4e774-344d-51a0-8816-e914ce12f6ae,3ef19338-36e1-5b6f-953a-fc373c1e5c3c,True,True
66af4ec3-aa5d-5ac1-97c2-27ef7319a318,46f59dfd-d465-5b53-89a3-451b2e759cc2,3ef19338-36e1-5b6f-953a-fc373c1e5c3c,True,True
66af4ec3-aa5d-5ac1-97c2-27ef7319a318,5a5c2a1d-c60e-5489-8acf-d77a950becbb,3ef19338-36e1-5b6f-953a-fc373c1e5c3c,True,True
66af4ec3-aa5d-5ac1-97c2-27ef7319a318,17eede3a-0399-521c-81e8-d146d0c8cfdf,3ef19338-36e1-5b6f-953a-fc373c1e5c3c,True,True
66af4ec3-aa5d-5ac1-97c2-27ef7319a318,0b4a0f98-70f6-5dfe-9316-62390dad20cf,3ef19338-36e1-5b6f-953a-fc373c1e5c3c,True,True
66af4ec3-aa5d-5ac1-97c2-27ef7319a318,50085670-5ffb-55dd-92cc-71189e359ced,3ef19338-36e1-5b6f-953a-fc373c1e5c3c,True,True
66af4ec3-aa5d-5ac1-97c2-27ef7319a318,ba14a71d-3452-51a8-8c06-de2c4f000d83,3ef19338-36e1-5b6f-953a-fc373c1e5c3c,True,True
66af4ec3-aa5d-5ac1-97c2-27ef7319a318,4d7a5390-2950-596e-b686-411de935ad13,3ef19338-36e1-5b6f-953a-fc373c1e5c3c,True,True
66af4ec3-aa5d-5ac1-97c2-27ef7319a318,4e5b7748-9b44-5661-9207-d693775a04d4,3ef19338-36e1-5b6f-953a-fc373c1e5c3c,True,True
66af4ec3-aa5d-5ac1-97c2-27ef7319a318,f6fc15d7-72df-55d5-a953-01f4e210af78,3ef19338-36e1-5b6f-953a-fc373c1e5c3c,True,True
66af4ec3-aa5d-5ac1-97c2-27ef7319a318,fb4fc361-b986-58a0-92c2-c5d8e9ae83a4,3ef19338-36e1-5b6f-953a-fc373c1e5c3c,True,True
66af4ec3-aa5d-5ac1-97c2-27ef7319a318,af4a2327-c77c-5a27-9883-d084ae302a10,3ef19338-36e1-5b6f-953a-fc373c1e5c3c,True,True
66af4ec3-aa5d-5ac1-97c2-27ef7319a318,3775b640-ab5e-53b3-a40e-e85b12d36ba8,3ef19338-36e1-5b6f-953a-fc373c1e5c3c,True,True
66af4ec3-aa5d-5ac1-97c2-27ef7319a318,b6dcf920-988a-57ba-a550-ce1293b80ee2,3ef19338-36e1-5b6f-953a-fc373c1e5c3c,True,True
66af4ec3-aa5d-5ac1-97c2-27ef7319a318,9a8139aa-4855-5a97-bc22-7b30f8fb9472,3ef19338-36e1-5b6f-953a-fc373c1e5c3c,True,True
66af4ec3-aa5d-5ac1-97c2-27ef7319a318,67ee830f-7f09-58ed-acc3-c1f359a268fb,3ef19338-36e1-5b6f-953a-fc373c1e5c3c,True,True
66af4ec3-aa5d-5ac1-97c2-27ef7319a318,c263e237-83ea-577b-88fa-e1947d7c7401,3ef19338-36e1-5b6f-953a-fc373c1e5c3c,True,True
66af4ec3-aa5d-5ac1-97c2-27ef7319a318,f80b0afd-be0b-5dfc-916d-9020e2aa6e80,3ef19338-36e1-5b6f-953a-fc373c1e5c3c,True,True
66af4ec3-aa5d-5ac1-97c2-27ef7319a318,4ef8d867-2fb6-5d21-ac6d-724ee48bbc4d,3ef19338-36e1-5b6f-953a-fc373c1e5c3c,True,True
66af4ec3-aa5d-5ac1-97c2-27ef7319a318,5af85e26-7778-5e21-8d29-86513b10e40d,3ef19338-36e1-5b6f-953a-fc373c1e5c3c,True,True
66af4ec3-aa5d-5ac1-97c2-27ef7319a318,03265266-a09f-562c-af45-16254275b6a3,3ef19338-36e1-5b6f-953a-fc373c1e5c3c,True,True
66af4ec3-aa5d-5ac1-97c2-27ef7319a318,de5efd4e-332b-5356-bb37-7d6dd5686297,3ef19338-36e1-5b6f-953a-fc373c1e5c3c,True,True
66af4ec3-aa5d-5ac1-97c2-27ef7319a318,b284f516-d85a-5aff-a6a4-5ab2f573d8e6,3ef19338-36e1-5b6f-953a-fc373c1e5c3c,True,True
66af4ec3-aa5d-5ac1-97c2-27ef7319a318,412faef3-ed80-522c-b3be-87aafccc2871,3ef19338-36e1-5b6f-953a-fc373c1e5c3c,True,True
66af4ec3-aa5d-5ac1-97c2-27ef7319a318,a7a29f39-2e25-5de9-a2ef-3998b7554495,3ef19338-36e1-5b6f-953a-fc373c1e5c3c,True,True
66af4ec3-aa5d-5ac1-97c2-27ef7319a318,dabbffa3-a76d-5d5d-aa2a-f0ec4f49771b,3ef19338-36e1-5b6f-953a-fc373c1e5c3c,True,True
66af4ec3-aa5d-5ac1-97c2-27ef7319a318,4cfaccac-32e0-515e-909d-91926efb2085,3ef19338-36e1-5b6f-953a-fc373c1e5c3c,True,True
66af4ec3-aa5d-5ac1-97c2-27ef7319a318,a199e5cf-1ef8-5664-8fae-348c85283dd2,3ef19338-36e1-5b6f-953a-fc373c1e5c3c,True,True
66af4ec3-aa5d-5ac1-97c2-27ef7319a318,262b9727-be4b-589d-b9b5-3a3cb1c169ba,3ef19338-36e1-5b6f-953a-fc373c1e5c3c,True,True
66af4ec3-aa5d-5ac1-97c2-27ef7319a318,9d435e2c-11c4-58fc-ad48-ee51e22aa28a,3ef19338-36e1-5b6f-953a-fc373c1e5c3c,True,True
66af4ec3-aa5d-5ac1-97c2-27ef7319a318,53b353eb-621f-5b0b-850d-194588aca497,3ef19338-36e1-5b6f-953a-fc373c1e5c3c,True,True
66af4ec3-aa5d-5ac1-97c2-27ef7319a318,f74ff53b-f7f2-5dfd-b1f1-d3f9eef81395,3ef19338-36e1-5b6f-953a-fc373c1e5c3c,True,True
66af4ec3-aa5d-5ac1-97c2-27ef7319a318,6c072065-22d8-5ddb-b50b-a9f0d24d6c36,3ef19338-36e1-5b6f-953a-fc373c1e5c3c,True,True
66af4ec3-aa5d-5ac1-97c2-27ef7319a318,3bb4aec1-52ab-5624-89df-162fdd163d5b,3ef19338-36e1-5b6f-953a-fc373c1e5c3c,True,True
66af4ec3-aa5d-5ac1-97c2-27ef7319a318,7be02a83-1adf-5bec-844c-342fa8fd4404,3ef19338-36e1-5b6f-953a-fc373c1e5c3c,True,True
66af4ec3-aa5d-5ac1-97c2-27ef7319a318,22a33883-9aa3-5b4a-90e7-eb958555d1dd,3ef19338-36e1-5b6f-953a-fc373c1e5c3c,True,True
66af4ec3-aa5d-5ac1-97c2-27ef7319a318,e1832300-c134-5d37-87d9-fe61a7abe355,3ef19338-36e1-5b6f-953a-fc373c1e5c3c,True,True
66af4ec3-aa5d-5ac1-97c2-27ef7319a318,5cf36890-eb01-5549-b001-942b6e2a2e9a,3ef19338-36e1-5b6f-953a-fc373c1e5c3c,True,True
66af4ec3-aa5d-5ac1-97c2-27ef7319a318,dbc74b2f-87c2-5429-a308-024dbc293bc5,3ef19338-36e1-5b6f-953a-fc373c1e5c3c,True,True
66af4ec3-aa5d-5ac1-97c2-27ef7319a318,569b316e-c8b4-54a8-8573-1c213a2ef53e,3ef19338-36e1-5b6f-953a-fc373c1e5c3c,True,True
66af4ec3-aa5d-5ac1-97c2-27ef7319a318,c7be7937-5fea-51cf-a413-6b3cf0f10907,3ef19338-36e1-5b6f-953a-fc373c1e5c3c,True,True
66af4ec3-aa5d-5ac1-97c2-27ef7319a318,708bd7e8-f13a-54c8-a00d-3de27ca1e124,3ef19338-36e1-5b6f-953a-fc373c1e5c3c,True,True
66af4ec3-aa5d-5ac1-97c2-27ef7319a318,817a457d-e6e1-5dde-9e77-99cdbc553240,3ef19338-36e1-5b6f-953a-fc373c1e5c3c,True,True
66af4ec3-aa5d-5ac1-97c2-27ef7319a318,8f16f35f-7535-5ff7-a5d0-272ad58b7763,3ef19338-36e1-5b6f-953a-fc373c1e5c3c,True,True
66af4ec3-aa5d-5ac1-97c2-27ef7319a318,eca0e7a3-3f3d-5106-95a6-3d30b6a7ba0e,3ef19338-36e1-5b6f-953a-fc373c1e5c3c,True,True
66af4ec3-aa5d-5ac1-97c2-27ef7319a318,44707346-28bc-5d3a-8fa1-b9eb5ddbf21d,3ef19338-36e1-5b6f-953a-fc373c1e5c3c,True,True
66af4ec3-aa5d-5ac1-97c2-27ef7319a318,fa76d62a-5b2a-520d-93de-edb4bdd82855,3ef19338-36e1-5b6f-953a-fc373c1e5c3c,True,True
66af4ec3-aa5d-5ac1-97c2-27ef7319a318,3237570d-94fd-5d22-a89a-573f84f72535,3ef19338-36e1-5b6f-953a-fc373c1e5c3c,True,True
66af4ec3-aa5d-5ac1-97c2-27ef7319a318,32c0db2a-7cc4-5121-a8d2-3ffda581ecc7,3ef19338-36e1-5b6f-953a-fc373c1e5c3c,True,True
66af4ec3-aa5d-5ac1-97c2-27ef7319a318,e3bfac5d-6c37-5890-906c-4b8656e4a589,3ef19338-36e1-5b6f-953a-fc373c1e5c3c,True,True
66af4ec3-aa5d-5ac1-97c2-27ef7319a318,370fdb64-0227-5644-b8a1-e6b66dfab32f,3ef19338-36e1-5b6f-953a-fc373c1e5c3c,True,True
66af4ec3-aa5d-5ac1-97c2-27ef7319a318,15bed39c-9593-570e-a40f-9ca16ac67f9a,3ef19338-36e1-5b6f-953a-fc373c1e5c3c,True,True
66af4ec3-aa5d-5ac1-97c2-27ef7319a318,3d6fc764-63ff-5f67-bdc3-0c5f29454224,3ef19338-36e1-5b6f-953a-fc373c1e5c3c,True,True
66af4ec3-aa5d-5ac1-97c2-27ef7319a318,a84c5bb8-7326-5674-94cc-afedbc0f84f1,3ef19338-36e1-5b6f-953a-fc373c1e5c3c,True,True
66af4ec3-aa5d-5ac1-97c2-27ef7319a318,7f1d6ad1-bbf7-5024-b41e-9c7c156acd06,3ef19338-36e1-5b6f-953a-fc373c1e5c3c,True,True
66af4ec3-aa5d-5ac1-97c2-27ef7319a318,e8197b98-caf0-5ec3-a7e4-85607cea5499,3ef19338-36e1-5b6f-953a-fc373c1e5c3c,True,True
66af4ec3-aa5d-5ac1-97c2-27ef7319a318,d90d6a9a-c380-5656-a3d6-a7b0de578587,3ef19338-36e1-5b6f-953a-fc373c1e5c3c,True,True
66af4ec3-aa5d-5ac1-97c2-27ef7319a318,e238b389-70ef-5932-b986-a40187ae91a3,3ef19338-36e1-5b6f-953a-fc373c1e5c3c,True,True
66af4ec3-aa5d-5ac1-97c2-27ef7319a318,8942063f-3142-55d5-93fd-03474c85e880,3ef19338-36e1-5b6f-953a-fc373c1e5c3c,True,True
66af4ec3-aa5d-5ac1-97c2-27ef7319a318,b56191c9-cbac-5005-a0dd-aa223308e9aa,3ef19338-36e1-5b6f-953a-fc373c1e5c3c,True,True
66af4ec3-aa5d-5ac1-97c2-27ef7319a318,df1a9ef6-6bcf-5665-97f5-ad6c221637b5,3ef19338-36e1-5b6f-953a-fc373c1e5c3c,True,True
66af4ec3-aa5d-5ac1-97c2-27ef7319a318,90017386-7bdd-5aa0-9864-edf9236c89c2,3ef19338-36e1-5b6f-953a-fc373c1e5c3c,True,True
66af4ec3-aa5d-5ac1-97c2-27ef7319a318,e00263f9-8133-5f25-8312-dc5310ad23c4,3ef19338-36e1-5b6f-953a-fc373c1e5c3c,True,True
66af4ec3-aa5d-5ac1-97c2-27ef7319a318,e63af0e9-6528-5299-94e6-251f5ebcf289,3ef19338-36e1-5b6f-953a-fc373c1e5c3c,True,True
66af4ec3-aa5d-5ac1-97c2-27ef7319a318,9ea841df-feba-52a3-95c4-1ddef0fdf543,3ef19338-36e1-5b6f-953a-fc373c1e5c3c,True,True
66af4ec3-aa5d-5ac1-97c2-27ef7319a318,b117884e-9391-5a82-b1ec-fcd7b9650a09,3ef19338-36e1-5b6f-953a-fc373c1e5c3c,True,True
66af4ec3-aa5d-5ac1-97c2-27ef7319a318,e09f4b5c-3503-50ba-a630-d34b11360974,3ef19338-36e1-5b6f-953a-fc373c1e5c3c,True,True
66af4ec3-aa5d-5ac1-97c2-27ef7319a318,77fe01b0-db51-5bfb-9c88-123d86bde8eb,3ef19338-36e1-5b6f-953a-fc373c1e5c3c,True,True
66af4ec3-aa5d-5ac1-97c2-27ef7319a318,34b7af81-fa50-575a-ac45-10391b8d978d,3ef19338-36e1-5b6f-953a-fc373c1e5c3c,True,True
66af4ec3-aa5d-5ac1-97c2-27ef7319a318,449bc82f-9e95-5421-bace-f607608c6cb2,3ef19338-36e1-5b6f-953a-fc373c1e5c3c,True,True
66af4ec3-aa5d-5ac1-97c2-27ef7319a318,52b92012-188b-5729-abb1-51be37f35a1b,3ef19338-36e1-5b6f-953a-fc373c1e5c3c,True,True
66af4ec3-aa5d-5ac1-97c2-27ef7319a318,016b170e-aadc-5397-97c5-9886f0e27360,3ef19338-36e1-5b6f-953a-fc373c1e5c3c,True,True
66af4ec3-aa5d-5ac1-97c2-27ef7319a318,b07f9805-c790-56f8-91b6-ce4da9b6f17c,3ef19338-36e1-5b6f-953a-fc373c1e5c3c,True,True
66af4ec3-aa5d-5ac1-97c2-27ef7319a318,307e17b0-fee4-5b18-98f5-d303418fda85,3ef19338-36e1-5b6f-953a-fc373c1e5c3c,True,True
66af4ec3-aa5d-5ac1-97c2-27ef7319a318,50cc4dbc-bf0f-570f-a05a-73bffb1d0aa2,3ef19338-36e1-5b6f-953a-fc373c1e5c3c,True,True
66af4ec3-aa5d-5ac1-97c2-27ef7319a318,0c0ecd59-0ee0-5146-a947-c229c3c46903,3ef19338-36e1-5b6f-953a-fc373c1e5c3c,True,True
66af4ec3-aa5d-5ac1-97c2-27ef7319a318,45e2b4c0-eafd-59d7-a809-5090b66160d6,3ef19338-36e1-5b6f-953a-fc373c1e5c3c,True,True
66af4ec3-aa5d-5ac1-97c2-27ef7319a318,96b96eba-af27-53aa-81c9-3faa43d42e9a,3ef19338-36e1-5b6f-953a-fc373c1e5c3c,True,True
66af4ec3-aa5d-5ac1-97c2-27ef7319a318,f6e09104-0411-5ad9-8194-015756e14f35,3ef19338-36e1-5b6f-953a-fc373c1e5c3c,True,True
66af4ec3-aa5d-5ac1-97c2-27ef7319a318,3a038159-0b95-5443-9468-dcbad3b7e9f6,3ef19338-36e1-5b6f-953a-fc373c1e5c3c,True,True
66af4ec3-aa5d-5ac1-97c2-27ef7319a318,675585a9-c4b0-53fb-9883-ba45bed0d769,3ef19338-36e1-5b6f-953a-fc373c1e5c3c,True,True
66af4ec3-aa5d-5ac1-97c2-27ef7319a318,f5e6c3de-7c04-53f2-8f37-7c06da5280b9,3ef19338-36e1-5b6f-953a-fc373c1e5c3c,True,True
66af4ec3-aa5d-5ac1-97c2-27ef7319a318,41230fce-a2c6-52a1-869f-a0de2958c4eb,3ef19338-36e1-5b6f-953a-fc373c1e5c3c,True,True
66af4ec3-aa5d-5ac1-97c2-27ef7319a318,f8dd483d-86bd-5129-95a4-fc5d406b4711,3ef19338-36e1-5b6f-953a-fc373c1e5c3c,True,True
66af4ec3-aa5d-5ac1-97c2-27ef7319a318,c3d2a51c-92c2-5fcb-933b-6ad368ed4da9,3ef19338-36e1-5b6f-953a-fc373c1e5c3c,True,True
66af4ec3-aa5d-5ac1-97c2-27ef7319a318,bb4eb4da-bf3c-510d-ba27-31a6728b35b0,3ef19338-36e1-5b6f-953a-fc373c1e5c3c,True,True
66af4ec3-aa5d-5ac1-97c2-27ef7319a318,16fdf660-5745-52db-9bb3-c3bd20175a75,3ef19338-36e1-5b6f-953a-fc373c1e5c3c,True,True
66af4ec3-aa5d-5ac1-97c2-27ef7319a318,92392941-a21a-5b6a-a099-38eb4261df67,3ef19338-36e1-5b6f-953a-fc373c1e5c3c,True,True
66af4ec3-aa5d-5ac1-97c2-27ef7319a318,7fdf0053-26b4-558e-8d66-33a10f63630d,3ef19338-36e1-5b6f-953a-fc373c1e5c3c,True,True
66af4ec3-aa5d-5ac1-97c2-27ef7319a318,76be0757-341f-5a00-b092-e2b33cd7f15c,3ef19338-36e1-5b6f-953a-fc373c1e5c3c,True,True
66af4ec3-aa5d-5ac1-97c2-27ef7319a318,04435385-e833-582e-b413-f2033bf915d3,3ef19338-36e1-5b6f-953a-fc373c1e5c3c,True,True
66af4ec3-aa5d-5ac1-97c2-27ef7319a318,e1fde6f5-fba7-5474-b82a-cdc8fa3b59cc,3ef19338-36e1-5b6f-953a-fc373c1e5c3c,True,True
66af4ec3-aa5d-5ac1-97c2-27ef7319a318,8a51ed79-6b88-5589-aaaa-a98b2f7afdd3,3ef19338-36e1-5b6f-953a-fc373c1e5c3c,True,True
66af4ec3-aa5d-5ac1-97c2-27ef7319a318,5147640e-74aa-51c3-a3a3-817e67698ef8,3ef19338-36e1-5b6f-953a-fc373c1e5c3c,True,True
66af4ec3-aa5d-5ac1-97c2-27ef7319a318,e4306e9c-2288-5ab0-929a-0729d1eb883e,3ef19338-36e1-5b6f-953a-fc373c1e5c3c,True,True
66af4ec3-aa5d-5ac1-97c2-27ef7319a318,4836cadd-bf95-524f-9168-080bfb5e5a41,3ef19338-36e1-5b6f-953a-fc373c1e5c3c,True,True
66af4ec3-aa5d-5ac1-97c2-27ef7319a318,7c7d8ba2-20db-5beb-8709-5150c06c908e,3ef19338-36e1-5b6f-953a-fc373c1e5c3c,True,True
66af4ec3-aa5d-5ac1-97c2-27ef7319a318,44628a91-f3f9-5062-b8ed-44f99e37194f,3ef19338-36e1-5b6f-953a-fc373c1e5c3c,True,True
66af4ec3-aa5d-5ac1-97c2-27ef7319a318,ad5de2e2-e258-5fad-867c-7700c244a595,3ef19338-36e1-5b6f-953a-fc373c1e5c3c,True,True
66af4ec3-aa5d-5ac1-97c2-27ef7319a318,2ea3097a-387b-503f-ada1-26f57f0dcb8c,3ef19338-36e1-5b6f-953a-fc373c1e5c3c,True,True
66af4ec3-aa5d-5ac1-97c2-27ef7319a318,1b2141e4-1b1b-5589-9f3c-a0ab8e0a56ac,3ef19338-36e1-5b6f-953a-fc373c1e5c3c,True,True
66af4ec3-aa5d-5ac1-97c2-27ef7319a318,373a01aa-4d57-5891-bae2-6e4fd7e1d968,3ef19338-36e1-5b6f-953a-fc373c1e5c3c,True,True
66af4ec3-aa5d-5ac1-97c2-27ef7319a318,a42591af-3108-501f-9c62-ae2857200075,3ef19338-36e1-5b6f-953a-fc373c1e5c3c,True,True
66af4ec3-aa5d-5ac1-97c2-27ef7319a318,73e72260-adaa-5075-9633-974f75933d79,3ef19338-36e1-5b6f-953a-fc373c1e5c3c,True,True
66af4ec3-aa5d-5ac1-97c2-27ef7319a318,7c6a2fdb-8223-5f3e-9ea0-ec75ca34dd1e,3ef19338-36e1-5b6f-953a-fc373c1e5c3c,True,True
66af4ec3-aa5d-5ac1-97c2-27ef7319a318,caaaddcb-efe8-5dc4-9f90-3260a9a8a701,3ef19338-36e1-5b6f-953a-fc373c1e5c3c,True,True
66af4ec3-aa5d-5ac1-97c2-27ef7319a318,3c4f8091-c76e-57ba-aa7b-8f2917370434,3ef19338-36e1-5b6f-953a-fc373c1e5c3c,True,True
66af4ec3-aa5d-5ac1-97c2-27ef7319a318,1f4b1766-5565-5dc5-98fe-6b15d252c90d,3ef19338-36e1-5b6f-953a-fc373c1e5c3c,True,True
66af4ec3-aa5d-5ac1-97c2-27ef7319a318,d49a8000-4dc6-5006-9b43-950f78524f1a,3ef19338-36e1-5b6f-953a-fc373c1e5c3c,True,True
66af4ec3-aa5d-5ac1-97c2-27ef7319a318,cf7ce86d-de39-5fd7-abda-acafbcdf0207,3ef19338-36e1-5b6f-953a-fc373c1e5c3c,True,True
66af4ec3-aa5d-5ac1-97c2-27ef7319a318,b4350481-1683-5407-9d02-aa47d1785d86,3ef19338-36e1-5b6f-953a-fc373c1e5c3c,True,True
66af4ec3-aa5d-5ac1-97c2-27ef7319a318,1f799bd8-3670-5f3d-8cb1-fb4b98e04fc3,3ef19338-36e1-5b6f-953a-fc373c1e5c3c,True,True
66af4ec3-aa5d-5ac1-97c2-27ef7319a318,d3c1742c-1e91-5db0-996c-e9983c21d934,3ef19338-36e1-5b6f-953a-fc373c1e5c3c,True,True
66af4ec3-aa5d-5ac1-97c2-27ef7319a318,4ad64428-f049-5cdd-93c0-077cc9f37b76,3ef19338-36e1-5b6f-953a-fc373c1e5c3c,True,True
66af4ec3-aa5d-5ac1-97c2-27ef7319a318,9989b11c-ed8f-5e0d-8564-223577e9d183,3ef19338-36e1-5b6f-953a-fc373c1e5c3c,True,True
66af4ec3-aa5d-5ac1-97c2-27ef7319a318,09622414-5e82-5907-92fa-6d2e2737644f,3ef19338-36e1-5b6f-953a-fc373c1e5c3c,True,True
66af4ec3-aa5d-5ac1-97c2-27ef7319a318,d5686f29-0570-5ddd-ad6d-4dd8b894dfa7,3ef19338-36e1-5b6f-953a-fc373c1e5c3c,True,True
66af4ec3-aa5d-5ac1-97c2-27ef7319a318,b7609692-c40f-56ea-87f6-9cb538622848,3ef19338-36e1-5b6f-953a-fc373c1e5c3c,True,True
66af4ec3-aa5d-5ac1-97c2-27ef7319a318,6b831205-3958-56b7-9f42-342ebc9d22d7,3ef19338-36e1-5b6f-953a-fc373c1e5c3c,True,True
66af4ec3-aa5d-5ac1-97c2-27ef7319a318,816da076-b3d1-51a1-ae1f-19d95314206c,3ef19338-36e1-5b6f-953a-fc373c1e5c3c,True,True
66af4ec3-aa5d-5ac1-97c2-27ef7319a318,e1647b3a-e605-58c4-94c5-91b64af68e0d,3ef19338-36e1-5b6f-953a-fc373c1e5c3c,True,True
66af4ec3-aa5d-5ac1-97c2-27ef7319a318,b3571114-c4db-5b78-961f-b615e4e35f73,3ef19338-36e1-5b6f-953a-fc373c1e5c3c,True,True
66af4ec3-aa5d-5ac1-97c2-27ef7319a318,40176c69-7fa0-5ff4-9cc8-91fe30208a57,3ef19338-36e1-5b6f-953a-fc373c1e5c3c,True,True
66af4ec3-aa5d-5ac1-97c2-27ef7319a318,19dd1902-d5ff-5f22-8f00-300f66479226,3ef19338-36e1-5b6f-953a-fc373c1e5c3c,True,True
66af4ec3-aa5d-5ac1-97c2-27ef7319a318,05e9c783-a857-5aa8-9fbf-8f3e32e844b9,3ef19338-36e1-5b6f-953a-fc373c1e5c3c,True,True
66af4ec3-aa5d-5ac1-97c2-27ef7319a318,ee9110aa-4baf-500b-9dff-c49c7537fd05,3ef19338-36e1-5b6f-953a-fc373c1e5c3c,True,True
66af4ec3-aa5d-5ac1-97c2-27ef7319a318,74dc9f0d-0b55-5c63-a7c5-7994f09805a4,3ef19338-36e1-5b6f-953a-fc373c1e5c3c,True,True
66af4ec3-aa5d-5ac1-97c2-27ef7319a318,e5718813-248e-57bc-8d01-b2a847c510dc,3ef19338-36e1-5b6f-953a-fc373c1e5c3c,True,True
66af4ec3-aa5d-5ac1-97c2-27ef7319a318,f01b66a8-3ba6-530d-b624-2c06bd364f66,3ef19338-36e1-5b6f-953a-fc373c1e5c3c,True,True
66af4ec3-aa5d-5ac1-97c2-27ef7319a318,ce5282af-ab36-5fce-aa29-fccfade74eeb,3ef19338-36e1-5b6f-953a-fc373c1e5c3c,True,True
66af4ec3-aa5d-5ac1-97c2-27ef7319a318,9bad79c0-4547-5402-9b46-983c5b959de9,3ef19338-36e1-5b6f-953a-fc373c1e5c3c,True,True
66af4ec3-aa5d-5ac1-97c2-27ef7319a318,b225be09-eb9c-53c7-b939-f3e8059b8226,3ef19338-36e1-5b6f-953a-fc373c1e5c3c,True,True
66af4ec3-aa5d-5ac1-97c2-27ef7319a318,58953daf-eee0-50e5-870f-214aaadabbcd,3ef19338-36e1-5b6f-953a-fc373c1e5c3c,True,True
66af4ec3-aa5d-5ac1-97c2-27ef7319a318,d90fb581-d2b1-53bb-8a95-924784e4d4b5,3ef19338-36e1-5b6f-953a-fc373c1e5c3c,True,True
66af4ec3-aa5d-5ac1-97c2-27ef7319a318,b9138e3e-7ef2-59b0-9678-610e1bc7fe0a,3ef19338-36e1-5b6f-953a-fc373c1e5c3c,True,True
66af4ec3-aa5d-5ac1-97c2-27ef7319a318,68ebfca0-6ff2-5a93-81b3-bff38dc52ae5,3ef19338-36e1-5b6f-953a-fc373c1e5c3c,True,True
66af4ec3-aa5d-5ac1-97c2-27ef7319a318,646f7b85-e7cb-5ad8-b64a-0b4dc3b6d51f,3ef19338-36e1-5b6f-953a-fc373c1e5c3c,True,True
66af4ec3-aa5d-5ac1-97c2-27ef7319a318,9eb3652e-bd37-525a-8ad8-db6eb849fad8,3ef19338-36e1-5b6f-953a-fc373c1e5c3c,True,True
66af4ec3-aa5d-5ac1-97c2-27ef7319a318,a4ca8f15-0fe5-5bd5-901e-afc6f9c6af46,3ef19338-36e1-5b6f-953a-fc373c1e5c3c,True,True
66af4ec3-aa5d-5ac1-97c2-27ef7319a318,de7ddd3d-4d67-50da-8d12-8df6401a1da3,3ef19338-36e1-5b6f-953a-fc373c1e5c3c,True,True
66af4ec3-aa5d-5ac1-97c2-27ef7319a318,214f4fc6-99fc-5f8e-9a26-23d906898846,3ef19338-36e1-5b6f-953a-fc373c1e5c3c,True,True
66af4ec3-aa5d-5ac1-97c2-27ef7319a318,b04a037f-462e-5994-9d3b-efd1743f6c9c,3ef19338-36e1-5b6f-953a-fc373c1e5c3c,True,True
66af4ec3-aa5d-5ac1-97c2-27ef7319a318,0ea225f6-9cba-5d3f-81dc-0974a779434a,6e07c15b-83a1-5778-ac06-3e1b0b692def,True,True
66af4ec3-aa5d-5ac1-97c2-27ef7319a318,cafa4a0e-8ce2-59a3-bf36-3d3853bb7150,6e07c15b-83a1-5778-ac06-3e1b0b692def,True,True
66af4ec3-aa5d-5ac1-97c2-27ef7319a318,c6d94175-274d-5135-839d-f3581f018791,6e07c15b-83a1-5778-ac06-3e1b0b692def,True,True
66af4ec3-aa5d-5ac1-97c2-27ef7319a318,18407d55-fe2a-5604-9730-0a020acf9d6c,6e07c15b-83a1-5778-ac06-3e1b0b692def,True,True
66af4ec3-aa5d-5ac1-97c2-27ef7319a318,dc241d8c-0ffd-592e-b0b2-71521955e35e,6e07c15b-83a1-5778-ac06-3e1b0b692def,True,True
66af4ec3-aa5d-5ac1-97c2-27ef7319a318,1cd698ff-cbe0-5063-9c86-c7e420da2519,6e07c15b-83a1-5778-ac06-3e1b0b692def,True,True
66af4ec3-aa5d-5ac1-97c2-27ef7319a318,474b9303-3391-533e-a8cf-238a77fd6ee4,6e07c15b-83a1-5778-ac06-3e1b0b692def,True,True
66af4ec3-aa5d-5ac1-97c2-27ef7319a318,d0abcd7f-9033-51d2-b218-087b8c993bbb,6e07c15b-83a1-5778-ac06-3e1b0b692def,True,True
66af4ec3-aa5d-5ac1-97c2-27ef7319a318,b3608167-9f43-5ae6-81c5-934acdede726,6e07c15b-83a1-5778-ac06-3e1b0b692def,True,True
66af4ec3-aa5d-5ac1-97c2-27ef7319a318,62cdb2db-ae17-5a53-873c-3ad74490c15d,6e07c15b-83a1-5778-ac06-3e1b0b692def,True,True
66af4ec3-aa5d-5ac1-97c2-27ef7319a318,73d2ac9f-e7d4-5b77-b60e-b0a202a2f398,6e07c15b-83a1-5778-ac06-3e1b0b692def,True,True
66af4ec3-aa5d-5ac1-97c2-27ef7319a318,85499d33-a1b5-5001-9b7d-0e21bc33a6a7,6e07c15b-83a1-5778-ac06-3e1b0b692def,True,True
66af4ec3-aa5d-5ac1-97c2-27ef7319a318,1e38cfb0-6686-5813-82b5-e29862339f6f,6e07c15b-83a1-5778-ac06-3e1b0b692def,True,True
66af4ec3-aa5d-5ac1-97c2-27ef7319a318,c965722f-e74c-5bb4-b802-7f7564e00c3d,6e07c15b-83a1-5778-ac06-3e1b0b692def,True,True
66af4ec3-aa5d-5ac1-97c2-27ef7319a318,ad410baf-6673-5037-9001-70c7c02a76f1,6e07c15b-83a1-5778-ac06-3e1b0b692def,True,True
66af4ec3-aa5d-5ac1-97c2-27ef7319a318,e3292dd3-25e6-5975-94e9-9f7596e2bcbc,6e07c15b-83a1-5778-ac06-3e1b0b692def,True,True
66af4ec3-aa5d-5ac1-97c2-27ef7319a318,65c74dc1-b066-5ff2-83c3-b80f7193a8ab,6e07c15b-83a1-5778-ac06-3e1b0b692def,True,True
66af4ec3-aa5d-5ac1-97c2-27ef7319a318,75a724a2-e4c9-584f-8bbc-d6a351e903b9,6e07c15b-83a1-5778-ac06-3e1b0b692def,True,True
66af4ec3-aa5d-5ac1-97c2-27ef7319a318,17193b18-d7ea-5d6a-b806-9b9d1fd3c554,6e07c15b-83a1-5778-ac06-3e1b0b692def,True,True
66af4ec3-aa5d-5ac1-97c2-27ef7319a318,f785ac94-614e-5b8e-84f1-986f3b1b912c,6e07c15b-83a1-5778-ac06-3e1b0b692def,True,True
66af4ec3-aa5d-5ac1-97c2-27ef7319a318,719d3840-dc9b-550b-90cb-7129d8bff1f6,6e07c15b-83a1-5778-ac06-3e1b0b692def,True,True
66af4ec3-aa5d-5ac1-97c2-27ef7319a318,785a5fa3-2cae-56e7-bb74-c82a2a5819a9,6e07c15b-83a1-5778-ac06-3e1b0b692def,True,True
66af4ec3-aa5d-5ac1-97c2-27ef7319a318,37306279-d756-534a-86bf-19b2d221869a,6e07c15b-83a1-5778-ac06-3e1b0b692def,True,True
66af4ec3-aa5d-5ac1-97c2-27ef7319a318,57175d85-3be9-5022-894b-206af309a20c,6e07c15b-83a1-5778-ac06-3e1b0b692def,True,True
66af4ec3-aa5d-5ac1-97c2-27ef7319a318,92bc4f30-70f5-59ea-97f3-a9ff9641bead,6e07c15b-83a1-5778-ac06-3e1b0b692def,True,True
66af4ec3-aa5d-5ac1-97c2-27ef7319a318,24abe4d4-8d21-5586-9053-d69f8b0c07af,6e07c15b-83a1-5778-ac06-3e1b0b692def,True,True
66af4ec3-aa5d-5ac1-97c2-27ef7319a318,361c2d39-da78-5698-a828-23f1b8699382,6e07c15b-83a1-5778-ac06-3e1b0b692def,True,True
66af4ec3-aa5d-5ac1-97c2-27ef7319a318,29801354-4ad4-5d21-9241-7165b4b71049,6e07c15b-83a1-5778-ac06-3e1b0b692def,True,True
66af4ec3-aa5d-5ac1-97c2-27ef7319a318,03ffb4ad-b62f-52d5-874e-d88f6e67f301,6e07c15b-83a1-5778-ac06-3e1b0b692def,True,True
66af4ec3-aa5d-5ac1-97c2-27ef7319a318,8c13ec0c-7c66-52a7-a495-52efd4fe5d8b,6e07c15b-83a1-5778-ac06-3e1b0b692def,True,True
66af4ec3-aa5d-5ac1-97c2-27ef7319a318,f176b7ed-20b5-5ebd-a664-bdd6006bbd25,6e07c15b-83a1-5778-ac06-3e1b0b692def,True,True
66af4ec3-aa5d-5ac1-97c2-27ef7319a318,13ec5397-36ef-5642-9f4f-0d9ade648c8d,6e07c15b-83a1-5778-ac06-3e1b0b692def,True,True
66af4ec3-aa5d-5ac1-97c2-27ef7319a318,b0a74470-b45b-52da-882e-420859964a40,6e07c15b-83a1-5778-ac06-3e1b0b692def,True,True
66af4ec3-aa5d-5ac1-97c2-27ef7319a318,bf445686-04a7-5044-a295-510f138bb986,6e07c15b-83a1-5778-ac06-3e1b0b692def,True,True
66af4ec3-aa5d-5ac1-97c2-27ef7319a318,29390a1e-b385-5576-afa9-8c2dcccf92ef,6e07c15b-83a1-5778-ac06-3e1b0b692def,True,True
66af4ec3-aa5d-5ac1-97c2-27ef7319a318,d1504f19-4805-508c-bc0f-c65228355d53,6e07c15b-83a1-5778-ac06-3e1b0b692def,True,True
66af4ec3-aa5d-5ac1-97c2-27ef7319a318,c49691d7-22d7-50de-83ea-662c5ec2f2b8,6e07c15b-83a1-5778-ac06-3e1b0b692def,True,True
66af4ec3-aa5d-5ac1-97c2-27ef7319a318,17fd102b-829c-5456-98b5-e1c22fbc49cf,6e07c15b-83a1-5778-ac06-3e1b0b692def,True,True
66af4ec3-aa5d-5ac1-97c2-27ef7319a318,a3e81594-31e0-5eae-bc45-dc0e6929362c,6e07c15b-83a1-5778-ac06-3e1b0b692def,True,True
66af4ec3-aa5d-5ac1-97c2-27ef7319a318,b0535a6d-e6c8-5362-a457-ed0584d72598,6e07c15b-83a1-5778-ac06-3e1b0b692def,True,True
66af4ec3-aa5d-5ac1-97c2-27ef7319a318,bc2b4806-40a2-54fa-8429-3e1a5e7bed42,6e07c15b-83a1-5778-ac06-3e1b0b692def,True,True
66af4ec3-aa5d-5ac1-97c2-27ef7319a318,ad137971-464f-58ab-9c78-d1f6c0c287d6,6e07c15b-83a1-5778-ac06-3e1b0b692def,True,True
66af4ec3-aa5d-5ac1-97c2-27ef7319a318,52f7beae-4044-5552-9536-ed559b0e3a9f,6e07c15b-83a1-5778-ac06-3e1b0b692def,True,True
66af4ec3-aa5d-5ac1-97c2-27ef7319a318,d72d8a6a-00c3-5b97-94fb-9df6908384b3,6e07c15b-83a1-5778-ac06-3e1b0b692def,True,True
66af4ec3-aa5d-5ac1-97c2-27ef7319a318,e0eb45da-4dd7-5214-9a1e-c174f825e0ee,6e07c15b-83a1-5778-ac06-3e1b0b692def,True,True
66af4ec3-aa5d-5ac1-97c2-27ef7319a318,5c3c7536-543d-5e37-93fc-6fee3985f9da,6e07c15b-83a1-5778-ac06-3e1b0b692def,True,True
66af4ec3-aa5d-5ac1-97c2-27ef7319a318,8b9b4e9e-ba05-5e4c-b002-e22a1fc8bda0,6e07c15b-83a1-5778-ac06-3e1b0b692def,True,True
66af4ec3-aa5d-5ac1-97c2-27ef7319a318,69810b97-1bad-515f-bcba-07ef8b24cab8,6e07c15b-83a1-5778-ac06-3e1b0b692def,True,True
66af4ec3-aa5d-5ac1-97c2-27ef7319a318,3d6c8767-df25-567f-b6d7-7e54c4c3d0ee,6e07c15b-83a1-5778-ac06-3e1b0b692def,True,True
66af4ec3-aa5d-5ac1-97c2-27ef7319a318,bef0250c-b120-50fa-8fd7-3d5dfae7bb58,6e07c15b-83a1-5778-ac06-3e1b0b692def,True,True
66af4ec3-aa5d-5ac1-97c2-27ef7319a318,dc70bdaa-c2d7-50e7-b439-e9247c5ffff5,6e07c15b-83a1-5778-ac06-3e1b0b692def,True,True
66af4ec3-aa5d-5ac1-97c2-27ef7319a318,155aeda9-3990-5881-97a8-e7f267244ea0,6e07c15b-83a1-5778-ac06-3e1b0b692def,True,True
66af4ec3-aa5d-5ac1-97c2-27ef7319a318,cec1fa34-863b-5aca-a31a-bd299dce03fa,6e07c15b-83a1-5778-ac06-3e1b0b692def,True,True
66af4ec3-aa5d-5ac1-97c2-27ef7319a318,08c473b4-2915-501a-a8fc-e4c19891aeb5,6e07c15b-83a1-5778-ac06-3e1b0b692def,True,True
66af4ec3-aa5d-5ac1-97c2-27ef7319a318,41db434a-cc2c-59e0-b494-0b772d9cb317,6e07c15b-83a1-5778-ac06-3e1b0b692def,True,True
66af4ec3-aa5d-5ac1-97c2-27ef7319a318,2334e231-b484-593a-b6f0-e2a883bde5c7,6e07c15b-83a1-5778-ac06-3e1b0b692def,True,True
66af4ec3-aa5d-5ac1-97c2-27ef7319a318,85a1e160-b866-52a0-b5da-c1c84de9ad79,6e07c15b-83a1-5778-ac06-3e1b0b692def,True,True
66af4ec3-aa5d-5ac1-97c2-27ef7319a318,8422e6d5-9fd6-59aa-b8f7-eda39debdcb7,6e07c15b-83a1-5778-ac06-3e1b0b692def,True,True
66af4ec3-aa5d-5ac1-97c2-27ef7319a318,1a66a89d-d193-5df2-8e26-5e8f7800f9b8,6e07c15b-83a1-5778-ac06-3e1b0b692def,True,True
66af4ec3-aa5d-5ac1-97c2-27ef7319a318,dbc39430-9d00-5d5a-b5e5-a8adf8e0d1eb,6e07c15b-83a1-5778-ac06-3e1b0b692def,True,True
66af4ec3-aa5d-5ac1-97c2-27ef7319a318,80177c09-4be8-5fad-8e51-4eb6899f1bbf,6e07c15b-83a1-5778-ac06-3e1b0b692def,True,True
66af4ec3-aa5d-5ac1-97c2-27ef7319a318,b208bf59-203e-5cc2-92b1-75212e19a770,6e07c15b-83a1-5778-ac06-3e1b0b692def,True,True
66af4ec3-aa5d-5ac1-97c2-27ef7319a318,1697994a-5c78-5428-bd79-93c8b3014bcf,6e07c15b-83a1-5778-ac06-3e1b0b692def,True,True
66af4ec3-aa5d-5ac1-97c2-27ef7319a318,de5a061f-b7bc-53af-8b88-ca02d590092c,6e07c15b-83a1-5778-ac06-3e1b0b692def,True,True
66af4ec3-aa5d-5ac1-97c2-27ef7319a318,2cecf2d5-5535-5cc5-b0bf-b174b73d233a,6e07c15b-83a1-5778-ac06-3e1b0b692def,True,True
66af4ec3-aa5d-5ac1-97c2-27ef7319a318,d1df4b83-2350-5a96-9a53-4ad0fffcee69,6e07c15b-83a1-5778-ac06-3e1b0b692def,True,True
66af4ec3-aa5d-5ac1-97c2-27ef7319a318,716ce6b5-3a9d-55d7-a1fc-0b0123372fe0,6e07c15b-83a1-5778-ac06-3e1b0b692def,True,True
66af4ec3-aa5d-5ac1-97c2-27ef7319a318,839cdf7f-142b-50b2-bc75-edfb751ef461,6e07c15b-83a1-5778-ac06-3e1b0b692def,True,True
66af4ec3-aa5d-5ac1-97c2-27ef7319a318,ce6a3b9b-5377-5d12-ab75-f07238081daf,6e07c15b-83a1-5778-ac06-3e1b0b692def,True,True
66af4ec3-aa5d-5ac1-97c2-27ef7319a318,c8fb8d6e-a6b2-5766-b2da-bad9025181ff,6e07c15b-83a1-5778-ac06-3e1b0b692def,True,True
66af4ec3-aa5d-5ac1-97c2-27ef7319a318,c1ee90eb-a0b1-5c03-a596-17c0afaf670e,6e07c15b-83a1-5778-ac06-3e1b0b692def,True,True
66af4ec3-aa5d-5ac1-97c2-27ef7319a318,33eec016-54b5-5cd0-a8bd-91068f7f5cc1,6e07c15b-83a1-5778-ac06-3e1b0b692def,True,True
66af4ec3-aa5d-5ac1-97c2-27ef7319a318,777dc626-91e1-58f6-8506-4b1cf6e002e8,6e07c15b-83a1-5778-ac06-3e1b0b692def,True,True
66af4ec3-aa5d-5ac1-97c2-27ef7319a318,666f6be6-980f-5151-abb2-c230660bb07b,6e07c15b-83a1-5778-ac06-3e1b0b692def,True,True
66af4ec3-aa5d-5ac1-97c2-27ef7319a318,d582c313-14b1-52d7-a674-fcf8e6ecb894,6e07c15b-83a1-5778-ac06-3e1b0b692def,True,True
66af4ec3-aa5d-5ac1-97c2-27ef7319a318,62ff4804-d27e-5f56-b7f8-ffd474ffa013,6e07c15b-83a1-5778-ac06-3e1b0b692def,True,True
66af4ec3-aa5d-5ac1-97c2-27ef7319a318,3d8c5ab5-71b9-5db3-94d3-ddf765c85cde,6e07c15b-83a1-5778-ac06-3e1b0b692def,True,True
66af4ec3-aa5d-5ac1-97c2-27ef7319a318,4121d179-cf50-5636-b5c5-f440d5fe8f50,6e07c15b-83a1-5778-ac06-3e1b0b692def,True,True
66af4ec3-aa5d-5ac1-97c2-27ef7319a318,92753cd4-885d-52a5-b7b5-5d02ef093d57,6e07c15b-83a1-5778-ac06-3e1b0b692def,True,True
66af4ec3-aa5d-5ac1-97c2-27ef7319a318,ee581610-deed-5ede-8e2d-475c7cdd3e72,6e07c15b-83a1-5778-ac06-3e1b0b692def,True,True
66af4ec3-aa5d-5ac1-97c2-27ef7319a318,3cba2505-70fc-5c6d-be9c-1dbba8cf5e5b,6e07c15b-83a1-5778-ac06-3e1b0b692def,True,True
66af4ec3-aa5d-5ac1-97c2-27ef7319a318,ea773438-5643-5ae3-a20b-e0a287051fb6,6e07c15b-83a1-5778-ac06-3e1b0b692def,True,True
66af4ec3-aa5d-5ac1-97c2-27ef7319a318,044cc74b-136b-52a7-8a42-2d2a284cf528,6e07c15b-83a1-5778-ac06-3e1b0b692def,True,True
66af4ec3-aa5d-5ac1-97c2-27ef7319a318,666b551b-5e53-5e2f-875d-5908ff05706c,6e07c15b-83a1-5778-ac06-3e1b0b692def,True,True
66af4ec3-aa5d-5ac1-97c2-27ef7319a318,fad2a6a3-8f99-5a88-ac0b-721a13f6dc49,6e07c15b-83a1-5778-ac06-3e1b0b692def,True,True
66af4ec3-aa5d-5ac1-97c2-27ef7319a318,9d787c65-d45f-54c2-aefd-ab9a8d8970b2,6e07c15b-83a1-5778-ac06-3e1b0b692def,True,True
66af4ec3-aa5d-5ac1-97c2-27ef7319a318,fb591725-f0bb-5476-b064-0ae9d4cf3efc,6e07c15b-83a1-5778-ac06-3e1b0b692def,True,True
66af4ec3-aa5d-5ac1-97c2-27ef7319a318,ccac4609-b87d-5158-aa8c-866930a0af96,6e07c15b-83a1-5778-ac06-3e1b0b692def,True,True
66af4ec3-aa5d-5ac1-97c2-27ef7319a318,a70b5fb5-51fd-5530-ad23-8a5f0f616e97,6e07c15b-83a1-5778-ac06-3e1b0b692def,True,True
66af4ec3-aa5d-5ac1-97c2-27ef7319a318,77680ea0-0b3a-549b-b5d0-cca56e588f2d,6e07c15b-83a1-5778-ac06-3e1b0b692def,True,True
66af4ec3-aa5d-5ac1-97c2-27ef7319a318,ec33b32c-25b0-5c6b-912f-680f2d9e10f2,6e07c15b-83a1-5778-ac06-3e1b0b692def,True,True
66af4ec3-aa5d-5ac1-97c2-27ef7319a318,3b6fe55d-f4d7-5b4c-8d3c-56a07a73205a,6e07c15b-83a1-5778-ac06-3e1b0b692def,True,True
66af4ec3-aa5d-5ac1-97c2-27ef7319a318,23d41e94-b413-5b4b-871b-a6eed76c3d35,6e07c15b-83a1-5778-ac06-3e1b0b692def,True,True
66af4ec3-aa5d-5ac1-97c2-27ef7319a318,ebebacdf-8599-5bdb-914b-96fd6249636c,6e07c15b-83a1-5778-ac06-3e1b0b692def,True,True
66af4ec3-aa5d-5ac1-97c2-27ef7319a318,623513d0-9596-5561-8c31-4918e0ba1164,6e07c15b-83a1-5778-ac06-3e1b0b692def,True,True
66af4ec3-aa5d-5ac1-97c2-27ef7319a318,995ceaab-19a0-58a8-b1f0-5fa9a78041d8,6e07c15b-83a1-5778-ac06-3e1b0b692def,True,True
66af4ec3-aa5d-5ac1-97c2-27ef7319a318,12328e65-c99d-59b4-ba11-7777b2a684f5,6e07c15b-83a1-5778-ac06-3e1b0b692def,True,True
66af4ec3-aa5d-5ac1-97c2-27ef7319a318,5ccb64c3-1acf-538f-ad80-6669cd006225,6e07c15b-83a1-5778-ac06-3e1b0b692def,True,True
66af4ec3-aa5d-5ac1-97c2-27ef7319a318,b7c65ad8-bebd-543e-8010-eead7585d321,6e07c15b-83a1-5778-ac06-3e1b0b692def,True,True
66af4ec3-aa5d-5ac1-97c2-27ef7319a318,38a02405-7d2d-56f4-8dc6-0f54fd296dbf,6e07c15b-83a1-5778-ac06-3e1b0b692def,True,True
66af4ec3-aa5d-5ac1-97c2-27ef7319a318,f1353e83-0fab-58f4-b706-c92f4e8ddfb4,6e07c15b-83a1-5778-ac06-3e1b0b692def,True,True
66af4ec3-aa5d-5ac1-97c2-27ef7319a318,3321d9a4-09d5-5c85-a032-fae891e027ad,6e07c15b-83a1-5778-ac06-3e1b0b692def,True,True
66af4ec3-aa5d-5ac1-97c2-27ef7319a318,89f3d988-e2f1-5574-a2de-e8b2171e4cd3,6e07c15b-83a1-5778-ac06-3e1b0b692def,True,True
66af4ec3-aa5d-5ac1-97c2-27ef7319a318,5e2367e2-6350-5f9b-a5b6-473ef616a9f0,6e07c15b-83a1-5778-ac06-3e1b0b692def,True,True
66af4ec3-aa5d-5ac1-97c2-27ef7319a318,3312e580-9428-5cea-a67e-01d0d698ca03,6e07c15b-83a1-5778-ac06-3e1b0b692def,True,True
66af4ec3-aa5d-5ac1-97c2-27ef7319a318,3f4e38a1-cd11-51d4-a99b-b2945b6b972d,6e07c15b-83a1-5778-ac06-3e1b0b692def,True,True
66af4ec3-aa5d-5ac1-97c2-27ef7319a318,a9df05d4-1a5c-5c29-bd0e-91640c78e9a0,6e07c15b-83a1-5778-ac06-3e1b0b692def,True,True
66af4ec3-aa5d-5ac1-97c2-27ef7319a318,e01f64a4-c20b-52b6-927f-8c19ebbe3cc8,6e07c15b-83a1-5778-ac06-3e1b0b692def,True,True
66af4ec3-aa5d-5ac1-97c2-27ef7319a318,8e51ad0e-c925-501f-ad0a-0b0f1df1a7bd,6e07c15b-83a1-5778-ac06-3e1b0b692def,True,True
66af4ec3-aa5d-5ac1-97c2-27ef7319a318,83cb4b6f-ac93-5950-a1ea-34373816d07b,6e07c15b-83a1-5778-ac06-3e1b0b692def,True,True
66af4ec3-aa5d-5ac1-97c2-27ef7319a318,5c631c76-b034-5e8a-8e3e-0d74c0aa05ac,6e07c15b-83a1-5778-ac06-3e1b0b692def,True,True
66af4ec3-aa5d-5ac1-97c2-27ef7319a318,c3f2aff2-ca99-51a1-991f-9d6465a8075e,6e07c15b-83a1-5778-ac06-3e1b0b692def,True,True
66af4ec3-aa5d-5ac1-97c2-27ef7319a318,152900fa-6900-5024-adf1-23f7d7ba410c,6e07c15b-83a1-5778-ac06-3e1b0b692def,True,True
66af4ec3-aa5d-5ac1-97c2-27ef7319a318,d78a96fd-42b4-5830-be3c-d4d23d4e55bd,6e07c15b-83a1-5778-ac06-3e1b0b692def,True,True
66af4ec3-aa5d-5ac1-97c2-27ef7319a318,06c399f1-cc57-5674-828a-d6d465d24d25,6e07c15b-83a1-5778-ac06-3e1b0b692def,True,True
66af4ec3-aa5d-5ac1-97c2-27ef7319a318,f2827a33-81b8-59ac-b9b9-b297d08fb5e7,6e07c15b-83a1-5778-ac06-3e1b0b692def,True,True
66af4ec3-aa5d-5ac1-97c2-27ef7319a318,5d4149a5-5ce6-5752-8723-7ab37d20f8e8,6e07c15b-83a1-5778-ac06-3e1b0b692def,True,True
66af4ec3-aa5d-5ac1-97c2-27ef7319a318,38081e33-66e0-543f-a127-db8439897c24,6e07c15b-83a1-5778-ac06-3e1b0b692def,True,True
66af4ec3-aa5d-5ac1-97c2-27ef7319a318,60ec869e-cfe7-5936-839c-2e53bec5d7a3,6e07c15b-83a1-5778-ac06-3e1b0b692def,True,True
66af4ec3-aa5d-5ac1-97c2-27ef7319a318,af4a59e4-2db9-5ae0-b452-e083a078226b,6e07c15b-83a1-5778-ac06-3e1b0b692def,True,True
66af4ec3-aa5d-5ac1-97c2-27ef7319a318,c855146e-9a6c-5b94-a1dd-0d6ac2f7a2d3,6e07c15b-83a1-5778-ac06-3e1b0b692def,True,True
66af4ec3-aa5d-5ac1-97c2-27ef7319a318,4513df9d-12eb-596a-93f3-455fefee75ee,6e07c15b-83a1-5778-ac06-3e1b0b692def,True,True
66af4ec3-aa5d-5ac1-97c2-27ef7319a318,0ae27533-4f96-56e1-b520-aeb89148ff10,6e07c15b-83a1-5778-ac06-3e1b0b692def,True,True
66af4ec3-aa5d-5ac1-97c2-27ef7319a318,d1d89aeb-3c2f-5359-b47c-2f669aeef313,6e07c15b-83a1-5778-ac06-3e1b0b692def,True,True
66af4ec3-aa5d-5ac1-97c2-27ef7319a318,3d72f1b6-71ee-5cd9-b6e6-5ab693889d2c,6e07c15b-83a1-5778-ac06-3e1b0b692def,True,True
66af4ec3-aa5d-5ac1-97c2-27ef7319a318,5843ed1d-7ae0-5ff4-82c8-0ea1c229df46,6e07c15b-83a1-5778-ac06-3e1b0b692def,True,True
66af4ec3-aa5d-5ac1-97c2-27ef7319a318,e2e197eb-ac00-515c-8617-fe8510a55b1a,6e07c15b-83a1-5778-ac06-3e1b0b692def,True,True
66af4ec3-aa5d-5ac1-97c2-27ef7319a318,99e362bd-b4e4-575a-af54-39aeec003d50,6e07c15b-83a1-5778-ac06-3e1b0b692def,True,True
66af4ec3-aa5d-5ac1-97c2-27ef7319a318,197a8daf-88ee-54e1-bc51-0644ca91e73c,6e07c15b-83a1-5778-ac06-3e1b0b692def,True,True
66af4ec3-aa5d-5ac1-97c2-27ef7319a318,9bda1e9e-bcce-504a-b67a-dbd76002ead9,6e07c15b-83a1-5778-ac06-3e1b0b692def,True,True
66af4ec3-aa5d-5ac1-97c2-27ef7319a318,9e029abe-72d8-5a00-bd14-ec09e5f0b75e,6e07c15b-83a1-5778-ac06-3e1b0b692def,True,True
66af4ec3-aa5d-5ac1-97c2-27ef7319a318,ed51d999-309e-5fc9-bc40-30b63a4a7f7a,6e07c15b-83a1-5778-ac06-3e1b0b692def,True,True
66af4ec3-aa5d-5ac1-97c2-27ef7319a318,cf6e215b-2c71-593d-95c4-483ccd154236,6e07c15b-83a1-5778-ac06-3e1b0b692def,True,True
66af4ec3-aa5d-5ac1-97c2-27ef7319a318,6008ada6-0c48-5593-a992-3d2ef0979a82,6e07c15b-83a1-5778-ac06-3e1b0b692def,True,True
66af4ec3-aa5d-5ac1-97c2-27ef7319a318,e2c5b7d5-fade-5fc5-81f3-2f65b3f0adb0,6e07c15b-83a1-5778-ac06-3e1b0b692def,True,True
66af4ec3-aa5d-5ac1-97c2-27ef7319a318,0f19779e-6d46-5b98-95f4-b86990eadf9d,6e07c15b-83a1-5778-ac06-3e1b0b692def,True,True
66af4ec3-aa5d-5ac1-97c2-27ef7319a318,1db716f0-494e-5efe-8274-b6f02f3c87dc,6e07c15b-83a1-5778-ac06-3e1b0b692def,True,True
66af4ec3-aa5d-5ac1-97c2-27ef7319a318,b658d092-342c-50a5-b726-82333daa6e2e,6e07c15b-83a1-5778-ac06-3e1b0b692def,True,True
66af4ec3-aa5d-5ac1-97c2-27ef7319a318,5c8e83b9-ee8e-516c-a444-f1bf876b1664,6e07c15b-83a1-5778-ac06-3e1b0b692def,True,True
66af4ec3-aa5d-5ac1-97c2-27ef7319a318,be8a4627-297e-5068-b28e-de9311c60917,6e07c15b-83a1-5778-ac06-3e1b0b692def,True,True
66af4ec3-aa5d-5ac1-97c2-27ef7319a318,5d977c3b-5833-59a2-aa72-502eff3fab23,6e07c15b-83a1-5778-ac06-3e1b0b692def,True,True
66af4ec3-aa5d-5ac1-97c2-27ef7319a318,b78ee447-57c0-5242-abe5-595f969c20e2,6e07c15b-83a1-5778-ac06-3e1b0b692def,True,True
66af4ec3-aa5d-5ac1-97c2-27ef7319a318,68b894c1-7b6f-5f13-a83a-4c4de766ebb4,6e07c15b-83a1-5778-ac06-3e1b0b692def,True,True
66af4ec3-aa5d-5ac1-97c2-27ef7319a318,fc50f8b1-e7b7-5bfb-898e-a0ec0a24688d,6e07c15b-83a1-5778-ac06-3e1b0b692def,True,True
66af4ec3-aa5d-5ac1-97c2-27ef7319a318,831c00b0-fb0f-51ef-abb5-e34fa1aadae9,6e07c15b-83a1-5778-ac06-3e1b0b692def,True,True
66af4ec3-aa5d-5ac1-97c2-27ef7319a318,e4356e76-7cc3-50f7-9297-bfcf224a61f0,6e07c15b-83a1-5778-ac06-3e1b0b692def,True,True
66af4ec3-aa5d-5ac1-97c2-27ef7319a318,de5e2897-66b1-5f9c-8d03-84cbf5c2c58f,6e07c15b-83a1-5778-ac06-3e1b0b692def,True,True
66af4ec3-aa5d-5ac1-97c2-27ef7319a318,1d40a2f5-a7ef-5c41-9e63-39cadb52657e,6e07c15b-83a1-5778-ac06-3e1b0b692def,True,True
66af4ec3-aa5d-5ac1-97c2-27ef7319a318,03675adb-d408-5e3e-8e1a-9427d0343081,6e07c15b-83a1-5778-ac06-3e1b0b692def,True,True
66af4ec3-aa5d-5ac1-97c2-27ef7319a318,88ca8d67-538f-5b30-bff0-f6f4e5ceaa63,6e07c15b-83a1-5778-ac06-3e1b0b692def,True,True
66af4ec3-aa5d-5ac1-97c2-27ef7319a318,816e12eb-cafb-5bd6-9947-47db7dbb746e,6e07c15b-83a1-5778-ac06-3e1b0b692def,True,True
66af4ec3-aa5d-5ac1-97c2-27ef7319a318,f20c8532-134d-50ec-b799-48f6f5b784ff,6e07c15b-83a1-5778-ac06-3e1b0b692def,True,True
66af4ec3-aa5d-5ac1-97c2-27ef7319a318,e3ac54a2-424c-594a-85b2-14fed78c87da,6e07c15b-83a1-5778-ac06-3e1b0b692def,True,True
66af4ec3-aa5d-5ac1-97c2-27ef7319a318,0022144d-84bc-5b82-b825-223bc08aa482,6e07c15b-83a1-5778-ac06-3e1b0b692def,True,True
66af4ec3-aa5d-5ac1-97c2-27ef7319a318,84db1250-1330-5d3b-9021-db8ab4061b4a,6e07c15b-83a1-5778-ac06-3e1b0b692def,True,True
66af4ec3-aa5d-5ac1-97c2-27ef7319a318,24edcb82-fdf9-5bb4-b6dc-b9db5c8dfff3,6e07c15b-83a1-5778-ac06-3e1b0b692def,True,True
66af4ec3-aa5d-5ac1-97c2-27ef7319a318,4675db31-3afd-5e16-88a4-e9ce02600766,6e07c15b-83a1-5778-ac06-3e1b0b692def,True,True
66af4ec3-aa5d-5ac1-97c2-27ef7319a318,3a786932-0ac5-514a-879e-e2665a82e8d9,6e07c15b-83a1-5778-ac06-3e1b0b692def,True,True
66af4ec3-aa5d-5ac1-97c2-27ef7319a318,f8aba8dc-64dc-5a79-b746-b2c88aaf4edc,6e07c15b-83a1-5778-ac06-3e1b0b692def,True,True
66af4ec3-aa5d-5ac1-97c2-27ef7319a318,ef4e6cf4-dc76-5dca-b295-d708de80b072,6e07c15b-83a1-5778-ac06-3e1b0b692def,True,True
66af4ec3-aa5d-5ac1-97c2-27ef7319a318,d7555076-c147-5f6d-87e4-bbebf4d815c6,6e07c15b-83a1-5778-ac06-3e1b0b692def,True,True
66af4ec3-aa5d-5ac1-97c2-27ef7319a318,46aeafb2-c90a-5ab1-b383-9c704bcabfa0,6e07c15b-83a1-5778-ac06-3e1b0b692def,True,True
66af4ec3-aa5d-5ac1-97c2-27ef7319a318,b450a469-c78d-58e2-85e1-aaf2ba487522,6e07c15b-83a1-5778-ac06-3e1b0b692def,True,True
66af4ec3-aa5d-5ac1-97c2-27ef7319a318,97f1cc62-b50e-5cfc-92ba-614723149710,6e07c15b-83a1-5778-ac06-3e1b0b692def,True,True
66af4ec3-aa5d-5ac1-97c2-27ef7319a318,889a56e4-cb66-5a03-a378-08bdf360cc1c,6e07c15b-83a1-5778-ac06-3e1b0b692def,True,True
66af4ec3-aa5d-5ac1-97c2-27ef7319a318,168d14d5-0233-5d4f-b66c-70ebb9160b21,6e07c15b-83a1-5778-ac06-3e1b0b692def,True,True
66af4ec3-aa5d-5ac1-97c2-27ef7319a318,17f15d9e-5aa8-567f-9b72-781cae4f3d3f,6e07c15b-83a1-5778-ac06-3e1b0b692def,True,True
66af4ec3-aa5d-5ac1-97c2-27ef7319a318,eee813a8-3f09-5156-8e52-d581cbd262f4,6e07c15b-83a1-5778-ac06-3e1b0b692def,True,True
66af4ec3-aa5d-5ac1-97c2-27ef7319a318,79d80f02-c730-5c55-b2a4-d414f2726bd2,6e07c15b-83a1-5778-ac06-3e1b0b692def,True,True
66af4ec3-aa5d-5ac1-97c2-27ef7319a318,013c7b2c-49a4-5100-946e-5f73b29aeaaa,6e07c15b-83a1-5778-ac06-3e1b0b692def,True,True
66af4ec3-aa5d-5ac1-97c2-27ef7319a318,e6dbdfea-bfc5-54ee-9af4-8fab423f5da6,6e07c15b-83a1-5778-ac06-3e1b0b692def,True,True
66af4ec3-aa5d-5ac1-97c2-27ef7319a318,49f4e740-e33e-5276-89f7-85abe7170684,6e07c15b-83a1-5778-ac06-3e1b0b692def,True,True
66af4ec3-aa5d-5ac1-97c2-27ef7319a318,b5451057-612c-56ae-8664-affcc5653c74,6e07c15b-83a1-5778-ac06-3e1b0b692def,True,True
66af4ec3-aa5d-5ac1-97c2-27ef7319a318,f13a75c8-4dfb-51d1-a7b6-f8588bbdb18c,6e07c15b-83a1-5778-ac06-3e1b0b692def,True,True
66af4ec3-aa5d-5ac1-97c2-27ef7319a318,7ea2be07-1640-5abb-a265-192ee82b3e55,6e07c15b-83a1-5778-ac06-3e1b0b692def,True,True
66af4ec3-aa5d-5ac1-97c2-27ef7319a318,45b5ba42-1a66-58cf-b63f-22f48827c23f,6e07c15b-83a1-5778-ac06-3e1b0b692def,True,True
66af4ec3-aa5d-5ac1-97c2-27ef7319a318,1124b66a-4440-5e9f-8b5c-664cebb63b4c,6e07c15b-83a1-5778-ac06-3e1b0b692def,True,True
66af4ec3-aa5d-5ac1-97c2-27ef7319a318,00de4dcd-69d3-5955-af96-2958c6ab191a,6e07c15b-83a1-5778-ac06-3e1b0b692def,True,True
66af4ec3-aa5d-5ac1-97c2-27ef7319a318,2da9c273-028b-5459-b560-a1067f8e22dd,6e07c15b-83a1-5778-ac06-3e1b0b692def,True,True
66af4ec3-aa5d-5ac1-97c2-27ef7319a318,39a79170-a0a8-5eac-b05e-3c539cc7e596,6e07c15b-83a1-5778-ac06-3e1b0b692def,True,True
66af4ec3-aa5d-5ac1-97c2-27ef7319a318,6dd9150f-d967-57f5-ac34-ed26dd8af2b2,6e07c15b-83a1-5778-ac06-3e1b0b692def,True,True
66af4ec3-aa5d-5ac1-97c2-27ef7319a318,796727a7-275b-5e03-903e-6fd76ca6cd34,6e07c15b-83a1-5778-ac06-3e1b0b692def,True,True
66af4ec3-aa5d-5ac1-97c2-27ef7319a318,49fc5dc5-41e3-5922-8d6d-d38021a806ba,6e07c15b-83a1-5778-ac06-3e1b0b692def,True,True
66af4ec3-aa5d-5ac1-97c2-27ef7319a318,967d87a4-550f-50b9-b713-9a81c04add1e,6e07c15b-83a1-5778-ac06-3e1b0b692def,True,True
66af4ec3-aa5d-5ac1-97c2-27ef7319a318,0372ce42-a08c-5024-a10e-b0392934af3d,6e07c15b-83a1-5778-ac06-3e1b0b692def,True,True
66af4ec3-aa5d-5ac1-97c2-27ef7319a318,a749d6c9-e433-5528-9a88-b4ddc5ceb760,6e07c15b-83a1-5778-ac06-3e1b0b692def,True,True
66af4ec3-aa5d-5ac1-97c2-27ef7319a318,6d6d7868-ec52-58fe-9999-e829bf59fb63,6e07c15b-83a1-5778-ac06-3e1b0b692def,True,True
66af4ec3-aa5d-5ac1-97c2-27ef7319a318,bf10a1fa-c1ee-5531-a93b-ef26a8e734b0,6e07c15b-83a1-5778-ac06-3e1b0b692def,True,True
66af4ec3-aa5d-5ac1-97c2-27ef7319a318,b9485a96-f9a3-59b4-b4e7-85d157a7c5a7,6e07c15b-83a1-5778-ac06-3e1b0b692def,True,True
66af4ec3-aa5d-5ac1-97c2-27ef7319a318,25d86cef-7c14-55ce-a194-1f034055f880,6e07c15b-83a1-5778-ac06-3e1b0b692def,True,True
66af4ec3-aa5d-5ac1-97c2-27ef7319a318,255ad070-fc4c-5c23-b499-41ad76a8a346,6e07c15b-83a1-5778-ac06-3e1b0b692def,True,True
66af4ec3-aa5d-5ac1-97c2-27ef7319a318,788fc8f2-a567-5c35-8c8c-5cd5431c40c7,6e07c15b-83a1-5778-ac06-3e1b0b692def,True,True
66af4ec3-aa5d-5ac1-97c2-27ef7319a318,ba887149-44d2-5c92-9ab0-3cb6491d653d,6e07c15b-83a1-5778-ac06-3e1b0b692def,True,True
66af4ec3-aa5d-5ac1-97c2-27ef7319a318,0fb93f7d-6a6c-51f4-b71e-35b90b44d411,6e07c15b-83a1-5778-ac06-3e1b0b692def,True,True
66af4ec3-aa5d-5ac1-97c2-27ef7319a318,4b59cf00-7a99-59c1-b356-58e5aeca4d8d,6e07c15b-83a1-5778-ac06-3e1b0b692def,True,True
66af4ec3-aa5d-5ac1-97c2-27ef7319a318,8bbad868-19af-59ad-922b-cff7f464d435,6e07c15b-83a1-5778-ac06-3e1b0b692def,True,True
66af4ec3-aa5d-5ac1-97c2-27ef7319a318,0d941bc7-6a06-572d-86b6-418a90313f36,6e07c15b-83a1-5778-ac06-3e1b0b692def,True,True
66af4ec3-aa5d-5ac1-97c2-27ef7319a318,1202d5d8-c8c6-52c3-8a1a-1bd38155ceeb,6e07c15b-83a1-5778-ac06-3e1b0b692def,True,True
66af4ec3-aa5d-5ac1-97c2-27ef7319a318,0c71a148-94d6-58c3-ae75-690252a40535,6e07c15b-83a1-5778-ac06-3e1b0b692def,True,True
66af4ec3-aa5d-5ac1-97c2-27ef7319a318,1112cf27-7b7c-584e-ae18-78e0c225a306,6e07c15b-83a1-5778-ac06-3e1b0b692def,True,True
66af4ec3-aa5d-5ac1-97c2-27ef7319a318,caa14ba4-2882-5e2e-85b5-436369c1cfbf,6e07c15b-83a1-5778-ac06-3e1b0b692def,True,True
66af4ec3-aa5d-5ac1-97c2-27ef7319a318,1bc2a14b-6733-53f5-9c69-e81c2dcbc8b1,6e07c15b-83a1-5778-ac06-3e1b0b692def,True,True
66af4ec3-aa5d-5ac1-97c2-27ef7319a318,8b83649e-7ae9-5e5e-8ed0-2281a1e1debb,6e07c15b-83a1-5778-ac06-3e1b0b692def,True,True
66af4ec3-aa5d-5ac1-97c2-27ef7319a318,342d4f49-ffa0-51b7-a62b-e11d63fa06ba,6e07c15b-83a1-5778-ac06-3e1b0b692def,True,True
66af4ec3-aa5d-5ac1-97c2-27ef7319a318,161c06ce-f2db-5219-b8d2-c18acb5f8815,6e07c15b-83a1-5778-ac06-3e1b0b692def,True,True
66af4ec3-aa5d-5ac1-97c2-27ef7319a318,945b62ae-e625-5e68-8f93-155d5413c663,6e07c15b-83a1-5778-ac06-3e1b0b692def,True,True
66af4ec3-aa5d-5ac1-97c2-27ef7319a318,305b0244-6802-5618-8581-b626aee0415c,6e07c15b-83a1-5778-ac06-3e1b0b692def,True,True
66af4ec3-aa5d-5ac1-97c2-27ef7319a318,7333d3f4-b2b0-559f-a1aa-eb07ac0ac0df,6e07c15b-83a1-5778-ac06-3e1b0b692def,True,True
66af4ec3-aa5d-5ac1-97c2-27ef7319a318,2c3df6c0-a596-5fc5-b3ba-54b805354da8,6e07c15b-83a1-5778-ac06-3e1b0b692def,True,True
66af4ec3-aa5d-5ac1-97c2-27ef7319a318,06a01723-fb6e-5487-b9fa-de30b5884201,6e07c15b-83a1-5778-ac06-3e1b0b692def,True,True
66af4ec3-aa5d-5ac1-97c2-27ef7319a318,f9ee79d4-89ed-5e7b-976e-855561933a9c,6e07c15b-83a1-5778-ac06-3e1b0b692def,True,True
66af4ec3-aa5d-5ac1-97c2-27ef7319a318,eaac98c9-ff94-5014-bac3-ffd97b98d4f5,6e07c15b-83a1-5778-ac06-3e1b0b692def,True,True
66af4ec3-aa5d-5ac1-97c2-27ef7319a318,7cf7654f-b2a4-5b8f-b338-146304b5100e,6e07c15b-83a1-5778-ac06-3e1b0b692def,True,True
66af4ec3-aa5d-5ac1-97c2-27ef7319a318,3bd8a6e6-76c3-56d7-a064-effd7fafd99d,6e07c15b-83a1-5778-ac06-3e1b0b692def,True,True
66af4ec3-aa5d-5ac1-97c2-27ef7319a318,69c7e59c-4fe4-5bdb-8a9c-0318142cc6b1,6e07c15b-83a1-5778-ac06-3e1b0b692def,True,True
66af4ec3-aa5d-5ac1-97c2-27ef7319a318,37bce772-274f-51a3-a88a-a60af2605c75,6e07c15b-83a1-5778-ac06-3e1b0b692def,True,True
66af4ec3-aa5d-5ac1-97c2-27ef7319a318,a99266b0-131b-50d3-865f-3201286fa6e7,6e07c15b-83a1-5778-ac06-3e1b0b692def,True,True
66af4ec3-aa5d-5ac1-97c2-27ef7319a318,af810752-4b1e-59ef-a20d-6415e17895e3,6e07c15b-83a1-5778-ac06-3e1b0b692def,True,True
66af4ec3-aa5d-5ac1-97c2-27ef7319a318,a2ef75ac-cab8-581e-9fdd-8fc06d15cd79,6e07c15b-83a1-5778-ac06-3e1b0b692def,True,True
66af4ec3-aa5d-5ac1-97c2-27ef7319a318,bda56ed1-68c9-5806-9e46-49ebd923660d,6e07c15b-83a1-5778-ac06-3e1b0b692def,True,True
66af4ec3-aa5d-5ac1-97c2-27ef7319a318,9abf03f0-4476-5080-bb92-a5246c95d9dc,6e07c15b-83a1-5778-ac06-3e1b0b692def,True,True
66af4ec3-aa5d-5ac1-97c2-27ef7319a318,dfa8f770-7d73-5a28-bde2-3b769891f6b6,6e07c15b-83a1-5778-ac06-3e1b0b692def,True,True
66af4ec3-aa5d-5ac1-97c2-27ef7319a318,de957a6e-06dc-58c1-b5a7-64223934c8d4,6e07c15b-83a1-5778-ac06-3e1b0b692def,True,True
66af4ec3-aa5d-5ac1-97c2-27ef7319a318,bac8b703-8a60-50e5-8f31-871ea054f352,6e07c15b-83a1-5778-ac06-3e1b0b692def,True,True
66af4ec3-aa5d-5ac1-97c2-27ef7319a318,246c66d3-dac1-56ef-9b89-5ac786e59e4e,6e07c15b-83a1-5778-ac06-3e1b0b692def,True,True
66af4ec3-aa5d-5ac1-97c2-27ef7319a318,728b063d-82d7-5acd-b2dd-00de19ff60c0,6e07c15b-83a1-5778-ac06-3e1b0b692def,True,True
66af4ec3-aa5d-5ac1-97c2-27ef7319a318,88b3ce12-2eb0-5ccf-8240-f896611935d6,6e07c15b-83a1-5778-ac06-3e1b0b692def,True,True
66af4ec3-aa5d-5ac1-97c2-27ef7319a318,f5a215d5-798e-5bb7-a73d-4b0a3373fbb9,6e07c15b-83a1-5778-ac06-3e1b0b692def,True,True
66af4ec3-aa5d-5ac1-97c2-27ef7319a318,42c412bf-30b3-555b-ae00-c1bf73b835b8,6e07c15b-83a1-5778-ac06-3e1b0b692def,True,True
66af4ec3-aa5d-5ac1-97c2-27ef7319a318,c4dca27d-75ff-5206-b27e-07bf4812dd1d,6e07c15b-83a1-5778-ac06-3e1b0b692def,True,True
66af4ec3-aa5d-5ac1-97c2-27ef7319a318,7c1738b4-5a67-590d-96e0-65d8fbee277f,6e07c15b-83a1-5778-ac06-3e1b0b692def,True,True
66af4ec3-aa5d-5ac1-97c2-27ef7319a318,5520e7ac-fed6-5f8f-b96f-5862df7516e4,6e07c15b-83a1-5778-ac06-3e1b0b692def,True,True
66af4ec3-aa5d-5ac1-97c2-27ef7319a318,8b5255c5-2f8c-5553-b727-dc154f80befb,6e07c15b-83a1-5778-ac06-3e1b0b692def,True,True
66af4ec3-aa5d-5ac1-97c2-27ef7319a318,5faffefc-c372-507b-9a0c-574c918203c3,6e07c15b-83a1-5778-ac06-3e1b0b692def,True,True
66af4ec3-aa5d-5ac1-97c2-27ef7319a318,5cd9f250-21ba-58a0-ad73-6fe093a28015,6e07c15b-83a1-5778-ac06-3e1b0b692def,True,True
66af4ec3-aa5d-5ac1-97c2-27ef7319a318,98e2dbe1-055a-502a-9a64-d1cb13abee09,6e07c15b-83a1-5778-ac06-3e1b0b692def,True,True
66af4ec3-aa5d-5ac1-97c2-27ef7319a318,18436319-23e2-5be9-8a9d-b93dd709813e,6e07c15b-83a1-5778-ac06-3e1b0b692def,True,True
66af4ec3-aa5d-5ac1-97c2-27ef7319a318,c421feb7-7827-571f-b5ae-783bffce7254,6e07c15b-83a1-5778-ac06-3e1b0b692def,True,True
66af4ec3-aa5d-5ac1-97c2-27ef7319a318,5acafd1d-6617-56aa-83b1-9690d43ae36e,6e07c15b-83a1-5778-ac06-3e1b0b692def,True,True
66af4ec3-aa5d-5ac1-97c2-27ef7319a318,b1466425-de8d-5ecb-8438-0a19c795d428,6e07c15b-83a1-5778-ac06-3e1b0b692def,True,True
66af4ec3-aa5d-5ac1-97c2-27ef7319a318,f6718713-ca34-5dd7-ae93-51f8d87312b3,6e07c15b-83a1-5778-ac06-3e1b0b692def,True,True
66af4ec3-aa5d-5ac1-97c2-27ef7319a318,f49b5daa-4126-5703-bfdb-d401abc787a1,6e07c15b-83a1-5778-ac06-3e1b0b692def,True,True
66af4ec3-aa5d-5ac1-97c2-27ef7319a318,26c70b3e-93b9-59cd-a237-1efca8c7d98a,6e07c15b-83a1-5778-ac06-3e1b0b692def,True,True
66af4ec3-aa5d-5ac1-97c2-27ef7319a318,62e1ac94-2215-5069-afc4-5396772cd56b,6e07c15b-83a1-5778-ac06-3e1b0b692def,True,True
66af4ec3-aa5d-5ac1-97c2-27ef7319a318,0728da9d-8a26-5011-ba1b-d67f2869b645,6e07c15b-83a1-5778-ac06-3e1b0b692def,True,True
66af4ec3-aa5d-5ac1-97c2-27ef7319a318,9652de97-9857-5ecc-9bd1-75ff3e3ca54e,6e07c15b-83a1-5778-ac06-3e1b0b692def,True,True
66af4ec3-aa5d-5ac1-97c2-27ef7319a318,ac1cd830-eaff-5299-bbcf-ea5a8b730ac8,6e07c15b-83a1-5778-ac06-3e1b0b692def,True,True
66af4ec3-aa5d-5ac1-97c2-27ef7319a318,deef77c1-e276-590d-83c1-2a76f149fae0,6e07c15b-83a1-5778-ac06-3e1b0b692def,True,True
66af4ec3-aa5d-5ac1-97c2-27ef7319a318,6b37effc-ac9b-5602-90d4-cdd76f26c902,6e07c15b-83a1-5778-ac06-3e1b0b692def,True,True
66af4ec3-aa5d-5ac1-97c2-27ef7319a318,63822dd3-12f6-56a2-9534-f89a56b0a7ca,76d4950c-17cf-5bd7-a10f-9698ca9c68b1,True,True
66af4ec3-aa5d-5ac1-97c2-27ef7319a318,2c522ea8-64c7-569f-9343-fca8c7ae8425,76d4950c-17cf-5bd7-a10f-9698ca9c68b1,True,True
66af4ec3-aa5d-5ac1-97c2-27ef7319a318,60a975ad-56d2-563f-8a12-78dde9279943,76d4950c-17cf-5bd7-a10f-9698ca9c68b1,True,True
66af4ec3-aa5d-5ac1-97c2-27ef7319a318,27547f1d-e2d7-51e0-b26f-33e0bef9e868,76d4950c-17cf-5bd7-a10f-9698ca9c68b1,True,True
66af4ec3-aa5d-5ac1-97c2-27ef7319a318,e480a4f9-692e-543d-ba94-b741f0649d12,76d4950c-17cf-5bd7-a10f-9698ca9c68b1,True,True
66af4ec3-aa5d-5ac1-97c2-27ef7319a318,71f66160-7456-56b0-ba7d-2066e7fb6c29,76d4950c-17cf-5bd7-a10f-9698ca9c68b1,True,True
66af4ec3-aa5d-5ac1-97c2-27ef7319a318,89729307-1d0f-5bd6-93bd-30248a21f7ae,76d4950c-17cf-5bd7-a10f-9698ca9c68b1,True,True
66af4ec3-aa5d-5ac1-97c2-27ef7319a318,4dd19fc5-7ecd-5f03-982e-28439b48c2bf,76d4950c-17cf-5bd7-a10f-9698ca9c68b1,True,True
66af4ec3-aa5d-5ac1-97c2-27ef7319a318,c170948c-a015-5f8d-a6c6-224717ea45d2,76d4950c-17cf-5bd7-a10f-9698ca9c68b1,True,True
66af4ec3-aa5d-5ac1-97c2-27ef7319a318,82e64bc9-026b-5c75-befc-0b27b98ebf26,76d4950c-17cf-5bd7-a10f-9698ca9c68b1,True,True
66af4ec3-aa5d-5ac1-97c2-27ef7319a318,e55cf184-a599-578d-9e76-6fd456255f78,76d4950c-17cf-5bd7-a10f-9698ca9c68b1,True,True
66af4ec3-aa5d-5ac1-97c2-27ef7319a318,8dc4ec45-e07b-50ea-a71b-4be6993021fd,76d4950c-17cf-5bd7-a10f-9698ca9c68b1,True,True
66af4ec3-aa5d-5ac1-97c2-27ef7319a318,afe09aab-01ef-52fe-bb8c-e4cceed0b8a4,76d4950c-17cf-5bd7-a10f-9698ca9c68b1,True,True
66af4ec3-aa5d-5ac1-97c2-27ef7319a318,e930c04f-903a-5057-b27e-47900395f81a,76d4950c-17cf-5bd7-a10f-9698ca9c68b1,True,True
66af4ec3-aa5d-5ac1-97c2-27ef7319a318,117a7b6b-5f4d-5894-b5a3-bb54ef9d38fd,76d4950c-17cf-5bd7-a10f-9698ca9c68b1,True,True
66af4ec3-aa5d-5ac1-97c2-27ef7319a318,d8c35134-0aae-5582-81ac-c94aef71ff2d,76d4950c-17cf-5bd7-a10f-9698ca9c68b1,True,True
66af4ec3-aa5d-5ac1-97c2-27ef7319a318,c5df6436-4e3e-5cb0-9edb-3a62bdb1df20,76d4950c-17cf-5bd7-a10f-9698ca9c68b1,True,True
66af4ec3-aa5d-5ac1-97c2-27ef7319a318,332b1f3f-9b20-51d0-86b5-e0875fca7d70,76d4950c-17cf-5bd7-a10f-9698ca9c68b1,True,True
66af4ec3-aa5d-5ac1-97c2-27ef7319a318,9e93a07c-ecd2-5441-a3d5-f2d311fff18b,76d4950c-17cf-5bd7-a10f-9698ca9c68b1,True,True
66af4ec3-aa5d-5ac1-97c2-27ef7319a318,fa453e03-8123-5a24-9016-0e074dbfd882,76d4950c-17cf-5bd7-a10f-9698ca9c68b1,True,True
66af4ec3-aa5d-5ac1-97c2-27ef7319a318,5f960bb0-f2a3-5fcc-b5a3-bde218409abf,76d4950c-17cf-5bd7-a10f-9698ca9c68b1,True,True
66af4ec3-aa5d-5ac1-97c2-27ef7319a318,458b484f-0bf9-57be-90cd-34e73f63e969,76d4950c-17cf-5bd7-a10f-9698ca9c68b1,True,True
66af4ec3-aa5d-5ac1-97c2-27ef7319a318,bda6fe14-3961-500f-a926-6128bc117f48,76d4950c-17cf-5bd7-a10f-9698ca9c68b1,True,True
66af4ec3-aa5d-5ac1-97c2-27ef7319a318,a8cfbe71-0f15-5297-a8dc-9f951c8c0320,76d4950c-17cf-5bd7-a10f-9698ca9c68b1,True,True
66af4ec3-aa5d-5ac1-97c2-27ef7319a318,de4ae340-d7f2-58b7-b210-76f709332074,76d4950c-17cf-5bd7-a10f-9698ca9c68b1,True,True
66af4ec3-aa5d-5ac1-97c2-27ef7319a318,2e19579c-a396-5e7d-9c91-1d7ef2b1f567,76d4950c-17cf-5bd7-a10f-9698ca9c68b1,True,True
66af4ec3-aa5d-5ac1-97c2-27ef7319a318,072ab135-04d5-59d9-a9b2-81800465a90e,76d4950c-17cf-5bd7-a10f-9698ca9c68b1,True,True
66af4ec3-aa5d-5ac1-97c2-27ef7319a318,bdb6775c-62ef-59c6-abbf-45e11fab19bb,76d4950c-17cf-5bd7-a10f-9698ca9c68b1,True,True
66af4ec3-aa5d-5ac1-97c2-27ef7319a318,fe113f04-33dc-5517-9298-8814a9ac7fef,76d4950c-17cf-5bd7-a10f-9698ca9c68b1,True,True
66af4ec3-aa5d-5ac1-97c2-27ef7319a318,46e444f1-fb80-560d-ba31-a2bb9bbf1da3,76d4950c-17cf-5bd7-a10f-9698ca9c68b1,True,True
66af4ec3-aa5d-5ac1-97c2-27ef7319a318,1e1544af-f284-5e0c-b4f5-0013b222cf98,76d4950c-17cf-5bd7-a10f-9698ca9c68b1,True,True
66af4ec3-aa5d-5ac1-97c2-27ef7319a318,71211b1b-e7dd-53b9-8faa-6b6841132403,76d4950c-17cf-5bd7-a10f-9698ca9c68b1,True,True
66af4ec3-aa5d-5ac1-97c2-27ef7319a318,36fb3c27-bf8f-5c1f-8d15-b783e2bd024f,76d4950c-17cf-5bd7-a10f-9698ca9c68b1,True,True
66af4ec3-aa5d-5ac1-97c2-27ef7319a318,d7a9f7f6-1e36-5631-b04b-4b15809c7b14,76d4950c-17cf-5bd7-a10f-9698ca9c68b1,True,True
66af4ec3-aa5d-5ac1-97c2-27ef7319a318,b759b85a-ca5c-55f6-98e7-8e1cad1f600c,76d4950c-17cf-5bd7-a10f-9698ca9c68b1,True,True
66af4ec3-aa5d-5ac1-97c2-27ef7319a318,c922477c-387f-5911-8939-e9c97b545874,76d4950c-17cf-5bd7-a10f-9698ca9c68b1,True,True
66af4ec3-aa5d-5ac1-97c2-27ef7319a318,49c74105-805e-5846-8451-5f6616d3ae53,76d4950c-17cf-5bd7-a10f-9698ca9c68b1,True,True
66af4ec3-aa5d-5ac1-97c2-27ef7319a318,32bab0fb-b4c7-5018-bfd9-fed9e3a2b447,76d4950c-17cf-5bd7-a10f-9698ca9c68b1,True,True
66af4ec3-aa5d-5ac1-97c2-27ef7319a318,83f66420-27c6-5969-b845-09e97da3d532,76d4950c-17cf-5bd7-a10f-9698ca9c68b1,True,True
66af4ec3-aa5d-5ac1-97c2-27ef7319a318,9161f815-c089-5168-bd99-9f9f87cf2d09,76d4950c-17cf-5bd7-a10f-9698ca9c68b1,True,True
66af4ec3-aa5d-5ac1-97c2-27ef7319a318,ddda18f5-3a32-5e46-82e4-a857b3370bd3,76d4950c-17cf-5bd7-a10f-9698ca9c68b1,True,True
66af4ec3-aa5d-5ac1-97c2-27ef7319a318,0b3139b1-95dc-5f77-9a19-c2f688066f92,76d4950c-17cf-5bd7-a10f-9698ca9c68b1,True,True
66af4ec3-aa5d-5ac1-97c2-27ef7319a318,1cdb7f7d-3f6c-5249-8520-e84c162d802b,76d4950c-17cf-5bd7-a10f-9698ca9c68b1,True,True
66af4ec3-aa5d-5ac1-97c2-27ef7319a318,1be92f84-00e3-5503-86db-3333d7597fdc,76d4950c-17cf-5bd7-a10f-9698ca9c68b1,True,True
66af4ec3-aa5d-5ac1-97c2-27ef7319a318,5ff75af7-bd47-58c1-9677-eeb41b19d2f7,76d4950c-17cf-5bd7-a10f-9698ca9c68b1,True,True
66af4ec3-aa5d-5ac1-97c2-27ef7319a318,80ce5ddc-14b6-5f09-b4a4-95fa0103f598,76d4950c-17cf-5bd7-a10f-9698ca9c68b1,True,True
66af4ec3-aa5d-5ac1-97c2-27ef7319a318,880bed6e-9f77-5910-acd0-39476f41cd68,76d4950c-17cf-5bd7-a10f-9698ca9c68b1,True,True
66af4ec3-aa5d-5ac1-97c2-27ef7319a318,7b52c8fa-89a6-5a65-aa9f-3ab3dce11282,76d4950c-17cf-5bd7-a10f-9698ca9c68b1,True,True
66af4ec3-aa5d-5ac1-97c2-27ef7319a318,0ffffd9f-b5e7-5ebc-bb1a-cc8bd1618885,76d4950c-17cf-5bd7-a10f-9698ca9c68b1,True,True
66af4ec3-aa5d-5ac1-97c2-27ef7319a318,21a23636-f9c7-5bae-bfde-115d1f6ddcae,76d4950c-17cf-5bd7-a10f-9698ca9c68b1,True,True
66af4ec3-aa5d-5ac1-97c2-27ef7319a318,3a05a065-cf19-5cdc-8c62-b1784b8bcb15,76d4950c-17cf-5bd7-a10f-9698ca9c68b1,True,True
66af4ec3-aa5d-5ac1-97c2-27ef7319a318,af2445a4-c064-5d2b-8abf-a0669214ebfc,76d4950c-17cf-5bd7-a10f-9698ca9c68b1,True,True
66af4ec3-aa5d-5ac1-97c2-27ef7319a318,2c2dce17-ade0-5d7b-87f8-93b0819ec952,76d4950c-17cf-5bd7-a10f-9698ca9c68b1,True,True
66af4ec3-aa5d-5ac1-97c2-27ef7319a318,cff5387e-c67e-5ff4-b309-48891a0b218c,76d4950c-17cf-5bd7-a10f-9698ca9c68b1,True,True
66af4ec3-aa5d-5ac1-97c2-27ef7319a318,90f7f849-806a-5cb5-9b33-b382dcfd79e2,76d4950c-17cf-5bd7-a10f-9698ca9c68b1,True,True
66af4ec3-aa5d-5ac1-97c2-27ef7319a318,0c3af3ec-2050-5117-880b-3b7b3ae54278,76d4950c-17cf-5bd7-a10f-9698ca9c68b1,True,True
66af4ec3-aa5d-5ac1-97c2-27ef7319a318,0d3ef475-3217-5945-a439-75bf726b6061,76d4950c-17cf-5bd7-a10f-9698ca9c68b1,True,True
66af4ec3-aa5d-5ac1-97c2-27ef7319a318,e0f3e2cf-52e4-5432-9647-0d0c214590eb,76d4950c-17cf-5bd7-a10f-9698ca9c68b1,True,True
66af4ec3-aa5d-5ac1-97c2-27ef7319a318,3f18ae5e-b3d6-5b72-9a66-0bcfb090a58a,76d4950c-17cf-5bd7-a10f-9698ca9c68b1,True,True
66af4ec3-aa5d-5ac1-97c2-27ef7319a318,bc2afd71-17b2-5123-9b35-ec08a4d60ace,76d4950c-17cf-5bd7-a10f-9698ca9c68b1,True,True
66af4ec3-aa5d-5ac1-97c2-27ef7319a318,2b05b472-0292-5221-9aef-958d049f53f7,76d4950c-17cf-5bd7-a10f-9698ca9c68b1,True,True
66af4ec3-aa5d-5ac1-97c2-27ef7319a318,7b49d8cd-543e-5a6f-94fb-55801372dab5,76d4950c-17cf-5bd7-a10f-9698ca9c68b1,True,True
66af4ec3-aa5d-5ac1-97c2-27ef7319a318,e4e2c75a-1cf2-518a-b221-4de889e3c856,76d4950c-17cf-5bd7-a10f-9698ca9c68b1,True,True
66af4ec3-aa5d-5ac1-97c2-27ef7319a318,cbf4a793-7f4f-568a-8a53-46318d2a5d42,76d4950c-17cf-5bd7-a10f-9698ca9c68b1,True,True
66af4ec3-aa5d-5ac1-97c2-27ef7319a318,f4699f6c-9dcd-544b-8fd9-3db2db8c8794,76d4950c-17cf-5bd7-a10f-9698ca9c68b1,True,True
66af4ec3-aa5d-5ac1-97c2-27ef7319a318,10e4f498-fc1e-56e8-a106-63adb1a74b4e,76d4950c-17cf-5bd7-a10f-9698ca9c68b1,True,True
66af4ec3-aa5d-5ac1-97c2-27ef7319a318,7f1daae1-5b3e-528c-bd37-7529ffa94da3,76d4950c-17cf-5bd7-a10f-9698ca9c68b1,True,True
66af4ec3-aa5d-5ac1-97c2-27ef7319a318,07fc06cd-3389-5500-b072-164218ac9c8a,76d4950c-17cf-5bd7-a10f-9698ca9c68b1,True,True
66af4ec3-aa5d-5ac1-97c2-27ef7319a318,aa9a4ea7-58c2-5d68-a617-beef8cd1d897,76d4950c-17cf-5bd7-a10f-9698ca9c68b1,True,True
66af4ec3-aa5d-5ac1-97c2-27ef7319a318,d83433ee-2c70-5853-88f0-92a2cf413d7f,76d4950c-17cf-5bd7-a10f-9698ca9c68b1,True,True
66af4ec3-aa5d-5ac1-97c2-27ef7319a318,86dd278d-d36b-50e7-8498-8b689878317e,76d4950c-17cf-5bd7-a10f-9698ca9c68b1,True,True
66af4ec3-aa5d-5ac1-97c2-27ef7319a318,25654a97-9925-5b09-8492-702770aa5c52,76d4950c-17cf-5bd7-a10f-9698ca9c68b1,True,True
66af4ec3-aa5d-5ac1-97c2-27ef7319a318,a6c85666-2587-56a1-83e6-5c22eac8a596,76d4950c-17cf-5bd7-a10f-9698ca9c68b1,True,True
66af4ec3-aa5d-5ac1-97c2-27ef7319a318,e2806faa-2550-56f5-8225-3ab399ffe48e,76d4950c-17cf-5bd7-a10f-9698ca9c68b1,True,True
66af4ec3-aa5d-5ac1-97c2-27ef7319a318,01a21564-430c-5672-83fa-bcd9acab5d6f,76d4950c-17cf-5bd7-a10f-9698ca9c68b1,True,True
66af4ec3-aa5d-5ac1-97c2-27ef7319a318,2c3ef350-731a-534c-a51e-959c6322ae91,76d4950c-17cf-5bd7-a10f-9698ca9c68b1,True,True
66af4ec3-aa5d-5ac1-97c2-27ef7319a318,f847efb9-b831-5353-bfe7-1242cd3e2ca7,76d4950c-17cf-5bd7-a10f-9698ca9c68b1,True,True
66af4ec3-aa5d-5ac1-97c2-27ef7319a318,8e8d3787-58a6-5a18-b717-b6530bd679d6,76d4950c-17cf-5bd7-a10f-9698ca9c68b1,True,True
66af4ec3-aa5d-5ac1-97c2-27ef7319a318,e80a25d5-8baa-5dd5-991f-856e28e3b5d8,76d4950c-17cf-5bd7-a10f-9698ca9c68b1,True,True
66af4ec3-aa5d-5ac1-97c2-27ef7319a318,82a089f0-2844-5888-ba88-c1d87454f0b7,76d4950c-17cf-5bd7-a10f-9698ca9c68b1,True,True
66af4ec3-aa5d-5ac1-97c2-27ef7319a318,fe7f6dc3-4b46-5b22-be84-f76df5e3cb58,76d4950c-17cf-5bd7-a10f-9698ca9c68b1,True,True
66af4ec3-aa5d-5ac1-97c2-27ef7319a318,10fffabf-12f4-568c-a259-eefa91af4631,76d4950c-17cf-5bd7-a10f-9698ca9c68b1,True,True
66af4ec3-aa5d-5ac1-97c2-27ef7319a318,c6c2ff1e-4ace-5afa-897f-e890ade4626e,76d4950c-17cf-5bd7-a10f-9698ca9c68b1,True,True
66af4ec3-aa5d-5ac1-97c2-27ef7319a318,13a0c3f5-213e-53cc-ad9e-a10a39a1cbeb,76d4950c-17cf-5bd7-a10f-9698ca9c68b1,True,True
66af4ec3-aa5d-5ac1-97c2-27ef7319a318,f4ae13c0-d114-5541-be03-1687921d6104,76d4950c-17cf-5bd7-a10f-9698ca9c68b1,True,True
66af4ec3-aa5d-5ac1-97c2-27ef7319a318,5b221e38-73e4-5f37-9037-a44cc1c4e0ec,76d4950c-17cf-5bd7-a10f-9698ca9c68b1,True,True
66af4ec3-aa5d-5ac1-97c2-27ef7319a318,d0af473e-dac9-5cda-91b1-4b647df674a1,76d4950c-17cf-5bd7-a10f-9698ca9c68b1,True,True
66af4ec3-aa5d-5ac1-97c2-27ef7319a318,a358e363-979a-5289-9f68-07c413ae3ed0,76d4950c-17cf-5bd7-a10f-9698ca9c68b1,True,True
66af4ec3-aa5d-5ac1-97c2-27ef7319a318,04e6d3d2-ef6c-50ef-a697-760b176f769b,76d4950c-17cf-5bd7-a10f-9698ca9c68b1,True,True
66af4ec3-aa5d-5ac1-97c2-27ef7319a318,bd6e0644-6608-5b54-8a99-99b398670161,76d4950c-17cf-5bd7-a10f-9698ca9c68b1,True,True
66af4ec3-aa5d-5ac1-97c2-27ef7319a318,3aa46e86-4cbd-5fb4-8975-f030c24cff1b,76d4950c-17cf-5bd7-a10f-9698ca9c68b1,True,True
66af4ec3-aa5d-5ac1-97c2-27ef7319a318,9bce5f64-e313-5987-85ff-ff7d7f2cb4a2,76d4950c-17cf-5bd7-a10f-9698ca9c68b1,True,True
66af4ec3-aa5d-5ac1-97c2-27ef7319a318,37e6e06e-dff4-5269-8751-964982b12bb6,76d4950c-17cf-5bd7-a10f-9698ca9c68b1,True,True
66af4ec3-aa5d-5ac1-97c2-27ef7319a318,50e9cc80-66f5-5b0e-9318-687fd448b201,76d4950c-17cf-5bd7-a10f-9698ca9c68b1,True,True
66af4ec3-aa5d-5ac1-97c2-27ef7319a318,8da22be5-ceca-5b99-bb3d-1de21bc0376f,76d4950c-17cf-5bd7-a10f-9698ca9c68b1,True,True
66af4ec3-aa5d-5ac1-97c2-27ef7319a318,94904345-d92d-5eda-ae69-18be4e861dbe,76d4950c-17cf-5bd7-a10f-9698ca9c68b1,True,True
66af4ec3-aa5d-5ac1-97c2-27ef7319a318,3bfaf5f4-66e4-52d6-bb60-636081617e38,76d4950c-17cf-5bd7-a10f-9698ca9c68b1,True,True
66af4ec3-aa5d-5ac1-97c2-27ef7319a318,566b1493-66e7-510c-a527-4a3bf07c1e76,76d4950c-17cf-5bd7-a10f-9698ca9c68b1,True,True
66af4ec3-aa5d-5ac1-97c2-27ef7319a318,df8c2f6b-9c21-5b2a-8e5a-f787fc8f3612,76d4950c-17cf-5bd7-a10f-9698ca9c68b1,True,True
66af4ec3-aa5d-5ac1-97c2-27ef7319a318,96b4b56d-9b70-5fcc-bf64-c268846be851,76d4950c-17cf-5bd7-a10f-9698ca9c68b1,True,True
66af4ec3-aa5d-5ac1-97c2-27ef7319a318,bd53beb6-1193-585a-9eb0-54128761a69e,76d4950c-17cf-5bd7-a10f-9698ca9c68b1,True,True
66af4ec3-aa5d-5ac1-97c2-27ef7319a318,1183db1c-addb-5138-9120-0c77db5b5550,76d4950c-17cf-5bd7-a10f-9698ca9c68b1,True,True
66af4ec3-aa5d-5ac1-97c2-27ef7319a318,56141987-3676-524b-95ea-74db2f355209,76d4950c-17cf-5bd7-a10f-9698ca9c68b1,True,True
66af4ec3-aa5d-5ac1-97c2-27ef7319a318,450bf928-af1d-5748-8a92-21962fbd8383,76d4950c-17cf-5bd7-a10f-9698ca9c68b1,True,True
66af4ec3-aa5d-5ac1-97c2-27ef7319a318,c44464b8-ce3f-527b-bfb6-18089a9ddc7f,76d4950c-17cf-5bd7-a10f-9698ca9c68b1,True,True
66af4ec3-aa5d-5ac1-97c2-27ef7319a318,ea6130f8-ae9e-51bf-88b7-25639c0a756d,76d4950c-17cf-5bd7-a10f-9698ca9c68b1,True,True
66af4ec3-aa5d-5ac1-97c2-27ef7319a318,aba51792-ab36-571b-b3bb-e1348075755d,76d4950c-17cf-5bd7-a10f-9698ca9c68b1,True,True
66af4ec3-aa5d-5ac1-97c2-27ef7319a318,8c88eaa9-5088-51e4-a240-1e92e69cc691,76d4950c-17cf-5bd7-a10f-9698ca9c68b1,True,True
66af4ec3-aa5d-5ac1-97c2-27ef7319a318,1a0c663f-a39c-59bb-97d8-8a94a3d45042,76d4950c-17cf-5bd7-a10f-9698ca9c68b1,True,True
66af4ec3-aa5d-5ac1-97c2-27ef7319a318,d8fd4c46-b1fd-50a4-8486-2e2f187e5fb1,76d4950c-17cf-5bd7-a10f-9698ca9c68b1,True,True
66af4ec3-aa5d-5ac1-97c2-27ef7319a318,347da566-3f35-5652-815d-2e2750fea2db,76d4950c-17cf-5bd7-a10f-9698ca9c68b1,True,True
66af4ec3-aa5d-5ac1-97c2-27ef7319a318,8e2782bd-cfa6-5fe7-8a38-1195a1093f41,76d4950c-17cf-5bd7-a10f-9698ca9c68b1,True,True
66af4ec3-aa5d-5ac1-97c2-27ef7319a318,f0d6035f-18d2-5b34-be40-07d3bf7aace7,76d4950c-17cf-5bd7-a10f-9698ca9c68b1,True,True
66af4ec3-aa5d-5ac1-97c2-27ef7319a318,a99d92f6-a046-5873-af04-e3771c8d8bb4,76d4950c-17cf-5bd7-a10f-9698ca9c68b1,True,True
66af4ec3-aa5d-5ac1-97c2-27ef7319a318,ca4284d3-53d5-504f-890f-a394daa203e8,76d4950c-17cf-5bd7-a10f-9698ca9c68b1,True,True
66af4ec3-aa5d-5ac1-97c2-27ef7319a318,856bcdae-3ac5-5738-b0a7-403a23a769a5,76d4950c-17cf-5bd7-a10f-9698ca9c68b1,True,True
66af4ec3-aa5d-5ac1-97c2-27ef7319a318,3d6e7519-f288-58f7-8a74-724d6c618f54,76d4950c-17cf-5bd7-a10f-9698ca9c68b1,True,True
66af4ec3-aa5d-5ac1-97c2-27ef7319a318,6d369710-64cd-5092-be47-df60d75d1515,76d4950c-17cf-5bd7-a10f-9698ca9c68b1,True,True
66af4ec3-aa5d-5ac1-97c2-27ef7319a318,e51de660-491c-5c7b-9f5e-3634ce59010f,76d4950c-17cf-5bd7-a10f-9698ca9c68b1,True,True
66af4ec3-aa5d-5ac1-97c2-27ef7319a318,fd0baa8b-4846-5ac4-b4d3-377f70a454ab,76d4950c-17cf-5bd7-a10f-9698ca9c68b1,True,True
66af4ec3-aa5d-5ac1-97c2-27ef7319a318,786dd2d9-a5e0-5654-8f77-381915bd1e55,76d4950c-17cf-5bd7-a10f-9698ca9c68b1,True,True
66af4ec3-aa5d-5ac1-97c2-27ef7319a318,43c18635-3dc6-51b9-9863-6ea4b8ca882c,76d4950c-17cf-5bd7-a10f-9698ca9c68b1,True,True
66af4ec3-aa5d-5ac1-97c2-27ef7319a318,5abf3853-eefd-5e20-a14b-8e378ae8cb76,76d4950c-17cf-5bd7-a10f-9698ca9c68b1,True,True
66af4ec3-aa5d-5ac1-97c2-27ef7319a318,19dc0208-29e3-5b44-b58b-cad7da31449e,76d4950c-17cf-5bd7-a10f-9698ca9c68b1,True,True
66af4ec3-aa5d-5ac1-97c2-27ef7319a318,a2308385-971c-5ea1-bd33-73d621b4c2d0,76d4950c-17cf-5bd7-a10f-9698ca9c68b1,True,True
66af4ec3-aa5d-5ac1-97c2-27ef7319a318,ef07df6b-4506-593b-9ca5-7b99d5b15a78,76d4950c-17cf-5bd7-a10f-9698ca9c68b1,True,True
66af4ec3-aa5d-5ac1-97c2-27ef7319a318,3594fd9f-5caa-56ce-a6c5-13771facc80d,76d4950c-17cf-5bd7-a10f-9698ca9c68b1,True,True
66af4ec3-aa5d-5ac1-97c2-27ef7319a318,79a5a0a2-730d-5a38-9251-0308ea3a318c,76d4950c-17cf-5bd7-a10f-9698ca9c68b1,True,True
66af4ec3-aa5d-5ac1-97c2-27ef7319a318,9b107e5f-a7ce-5553-be01-9bbdd50ebbd0,76d4950c-17cf-5bd7-a10f-9698ca9c68b1,True,True
66af4ec3-aa5d-5ac1-97c2-27ef7319a318,959e1056-f399-5fd4-a948-9d9383e0f3e0,76d4950c-17cf-5bd7-a10f-9698ca9c68b1,True,True
66af4ec3-aa5d-5ac1-97c2-27ef7319a318,4aeef9a6-86b0-5af8-95aa-f17be80303c4,76d4950c-17cf-5bd7-a10f-9698ca9c68b1,True,True
66af4ec3-aa5d-5ac1-97c2-27ef7319a318,e6c413e1-70e7-5cf5-9adc-389b64e79d0e,76d4950c-17cf-5bd7-a10f-9698ca9c68b1,True,True
66af4ec3-aa5d-5ac1-97c2-27ef7319a318,9f75bd1d-b468-529f-b79d-b042450a424d,76d4950c-17cf-5bd7-a10f-9698ca9c68b1,True,True
66af4ec3-aa5d-5ac1-97c2-27ef7319a318,2e3546c2-4ce1-50aa-922b-ac09463bb641,76d4950c-17cf-5bd7-a10f-9698ca9c68b1,True,True
66af4ec3-aa5d-5ac1-97c2-27ef7319a318,03d5e6ce-e0b0-5e9e-896b-0a9aeed2cf10,76d4950c-17cf-5bd7-a10f-9698ca9c68b1,True,True
66af4ec3-aa5d-5ac1-97c2-27ef7319a318,014ab5f7-31b5-5dca-a830-d054fd24f5c8,76d4950c-17cf-5bd7-a10f-9698ca9c68b1,True,True
66af4ec3-aa5d-5ac1-97c2-27ef7319a318,102b58b8-5c88-5ee7-8c63-40a2a42f3a13,76d4950c-17cf-5bd7-a10f-9698ca9c68b1,True,True
66af4ec3-aa5d-5ac1-97c2-27ef7319a318,08c07758-25e4-5886-bfb1-9204cb4c9254,76d4950c-17cf-5bd7-a10f-9698ca9c68b1,True,True
66af4ec3-aa5d-5ac1-97c2-27ef7319a318,77f8b51e-7500-5b60-a254-2e03f3890931,76d4950c-17cf-5bd7-a10f-9698ca9c68b1,True,True
66af4ec3-aa5d-5ac1-97c2-27ef7319a318,a2f8dc3c-e24b-512d-a986-6bbdcaab19fa,76d4950c-17cf-5bd7-a10f-9698ca9c68b1,True,True
66af4ec3-aa5d-5ac1-97c2-27ef7319a318,07f19260-5b5d-54ba-b976-ce2695aead78,76d4950c-17cf-5bd7-a10f-9698ca9c68b1,True,True
66af4ec3-aa5d-5ac1-97c2-27ef7319a318,986e2118-08c1-5e22-9cc4-813260a3c3db,76d4950c-17cf-5bd7-a10f-9698ca9c68b1,True,True
66af4ec3-aa5d-5ac1-97c2-27ef7319a318,083a139a-4298-561f-a4e7-08cbea93f385,76d4950c-17cf-5bd7-a10f-9698ca9c68b1,True,True
66af4ec3-aa5d-5ac1-97c2-27ef7319a318,e2b57afb-0d87-5428-a240-26b292684937,76d4950c-17cf-5bd7-a10f-9698ca9c68b1,True,True
66af4ec3-aa5d-5ac1-97c2-27ef7319a318,eda5182a-9866-5743-8566-21c64b44ad8b,76d4950c-17cf-5bd7-a10f-9698ca9c68b1,True,True
66af4ec3-aa5d-5ac1-97c2-27ef7319a318,4d340cdc-a94a-5dc1-8bc2-beca0357c00a,76d4950c-17cf-5bd7-a10f-9698ca9c68b1,True,True
66af4ec3-aa5d-5ac1-97c2-27ef7319a318,1f1669f6-5503-5a84-a4c3-c1e8a57c8bd2,76d4950c-17cf-5bd7-a10f-9698ca9c68b1,True,True
66af4ec3-aa5d-5ac1-97c2-27ef7319a318,99c56f9d-25d7-5b38-8393-d06a1a744ee8,76d4950c-17cf-5bd7-a10f-9698ca9c68b1,True,True
66af4ec3-aa5d-5ac1-97c2-27ef7319a318,96ebe7d3-02fe-5e76-8f02-7249a2ffcc48,76d4950c-17cf-5bd7-a10f-9698ca9c68b1,True,True
66af4ec3-aa5d-5ac1-97c2-27ef7319a318,d3a98f2a-3b2c-5659-9cd8-10b6b571a1f1,76d4950c-17cf-5bd7-a10f-9698ca9c68b1,True,True
66af4ec3-aa5d-5ac1-97c2-27ef7319a318,e3453b58-6396-5696-8bf2-6ccc36040c86,76d4950c-17cf-5bd7-a10f-9698ca9c68b1,True,True
66af4ec3-aa5d-5ac1-97c2-27ef7319a318,2a699586-ef2a-5c79-8c51-12c21a673c22,76d4950c-17cf-5bd7-a10f-9698ca9c68b1,True,True
66af4ec3-aa5d-5ac1-97c2-27ef7319a318,9692a874-76ec-5cb1-9435-6a0534bda8d7,76d4950c-17cf-5bd7-a10f-9698ca9c68b1,True,True
66af4ec3-aa5d-5ac1-97c2-27ef7319a318,31706686-8b8d-5931-a3ba-27a5d3f60da7,76d4950c-17cf-5bd7-a10f-9698ca9c68b1,True,True
66af4ec3-aa5d-5ac1-97c2-27ef7319a318,e98d0a14-11c9-5309-95f3-7ba554c109b4,7a85f2b2-1b11-54fe-ae9f-5db7549f9433,True,True
66af4ec3-aa5d-5ac1-97c2-27ef7319a318,d13c2a87-af55-5dbd-b254-af6d80fe7738,7a85f2b2-1b11-54fe-ae9f-5db7549f9433,True,True
66af4ec3-aa5d-5ac1-97c2-27ef7319a318,ecacd3d2-760c-5ea1-a784-7ae87f8507af,7a85f2b2-1b11-54fe-ae9f-5db7549f9433,True,True
66af4ec3-aa5d-5ac1-97c2-27ef7319a318,c872a845-b065-54d0-bf76-5cd16fb320ec,7a85f2b2-1b11-54fe-ae9f-5db7549f9433,True,True
66af4ec3-aa5d-5ac1-97c2-27ef7319a318,58801675-770b-526a-a06c-aab44b8a37af,7a85f2b2-1b11-54fe-ae9f-5db7549f9433,True,True
66af4ec3-aa5d-5ac1-97c2-27ef7319a318,9b04efca-eaee-5593-ab21-7ea75dcc94f7,7a85f2b2-1b11-54fe-ae9f-5db7549f9433,True,True
66af4ec3-aa5d-5ac1-97c2-27ef7319a318,c373e1cc-d11a-50da-a7ea-935ec3436cfd,7a85f2b2-1b11-54fe-ae9f-5db7549f9433,True,True
66af4ec3-aa5d-5ac1-97c2-27ef7319a318,531d2328-1086-5740-acb1-2091f45fdd3a,7a85f2b2-1b11-54fe-ae9f-5db7549f9433,True,True
66af4ec3-aa5d-5ac1-97c2-27ef7319a318,c52c4e32-b044-55c8-869f-b01461545e6b,7a85f2b2-1b11-54fe-ae9f-5db7549f9433,True,True
66af4ec3-aa5d-5ac1-97c2-27ef7319a318,b618258a-e9f2-57be-bf11-24208ba1a121,7a85f2b2-1b11-54fe-ae9f-5db7549f9433,True,True
66af4ec3-aa5d-5ac1-97c2-27ef7319a318,644ffa0a-9b1c-5658-90e4-8032531f946e,7a85f2b2-1b11-54fe-ae9f-5db7549f9433,True,True
66af4ec3-aa5d-5ac1-97c2-27ef7319a318,a12c7e25-2c90-50d6-960f-26d9ecedd495,7a85f2b2-1b11-54fe-ae9f-5db7549f9433,True,True
66af4ec3-aa5d-5ac1-97c2-27ef7319a318,ed7f97c4-32b5-54d4-bb83-269d2106a890,7a85f2b2-1b11-54fe-ae9f-5db7549f9433,True,True
66af4ec3-aa5d-5ac1-97c2-27ef7319a318,d9fd190f-0fdd-5808-9af7-b3052dde2104,7a85f2b2-1b11-54fe-ae9f-5db7549f9433,True,True
66af4ec3-aa5d-5ac1-97c2-27ef7319a318,3ad6448a-ab61-51d5-8ba6-2063ac857e01,7a85f2b2-1b11-54fe-ae9f-5db7549f9433,True,True
66af4ec3-aa5d-5ac1-97c2-27ef7319a318,3e05e444-b771-5082-a19d-7a458018c95c,7a85f2b2-1b11-54fe-ae9f-5db7549f9433,True,True
66af4ec3-aa5d-5ac1-97c2-27ef7319a318,9aad7704-2d61-50ed-8645-f39c1ad5d43d,7a85f2b2-1b11-54fe-ae9f-5db7549f9433,True,True
66af4ec3-aa5d-5ac1-97c2-27ef7319a318,eb7f5376-4fc1-56b7-9ecf-4cd1a0994866,7a85f2b2-1b11-54fe-ae9f-5db7549f9433,True,True
66af4ec3-aa5d-5ac1-97c2-27ef7319a318,538ead99-274c-5f77-8c04-c2815a3c8025,7a85f2b2-1b11-54fe-ae9f-5db7549f9433,True,True
66af4ec3-aa5d-5ac1-97c2-27ef7319a318,96bbb2a2-af66-55bd-9eec-4d28b88c8e4a,7a85f2b2-1b11-54fe-ae9f-5db7549f9433,True,True
66af4ec3-aa5d-5ac1-97c2-27ef7319a318,81451e08-d08b-52e0-9637-d443ee9411d5,7a85f2b2-1b11-54fe-ae9f-5db7549f9433,True,True
66af4ec3-aa5d-5ac1-97c2-27ef7319a318,20f7f206-1231-526d-a59f-aa86e1f191a4,7a85f2b2-1b11-54fe-ae9f-5db7549f9433,True,True
66af4ec3-aa5d-5ac1-97c2-27ef7319a318,2b42b058-e484-59f2-8e4c-53b19e13d504,7a85f2b2-1b11-54fe-ae9f-5db7549f9433,True,True
66af4ec3-aa5d-5ac1-97c2-27ef7319a318,b813d406-173e-5fe1-8ae3-044dff0fac58,7a85f2b2-1b11-54fe-ae9f-5db7549f9433,True,True
66af4ec3-aa5d-5ac1-97c2-27ef7319a318,90a9b600-ad0a-5a57-8ab4-9cfcf0b527cd,7a85f2b2-1b11-54fe-ae9f-5db7549f9433,True,True
66af4ec3-aa5d-5ac1-97c2-27ef7319a318,5bab9d14-f090-529d-9c3a-620c91c9ee1a,7a85f2b2-1b11-54fe-ae9f-5db7549f9433,True,True
66af4ec3-aa5d-5ac1-97c2-27ef7319a318,d518f7a2-353a-5779-8fdf-416e3d53e8ec,7a85f2b2-1b11-54fe-ae9f-5db7549f9433,True,True
66af4ec3-aa5d-5ac1-97c2-27ef7319a318,399f47d1-cc7b-564a-8f9f-56693f269426,7a85f2b2-1b11-54fe-ae9f-5db7549f9433,True,True
66af4ec3-aa5d-5ac1-97c2-27ef7319a318,51b0e2b4-86eb-5123-a4ae-2138cef91f00,7a85f2b2-1b11-54fe-ae9f-5db7549f9433,True,True
66af4ec3-aa5d-5ac1-97c2-27ef7319a318,c2d31623-fb51-5b25-8130-7f2ace5db4f2,7a85f2b2-1b11-54fe-ae9f-5db7549f9433,True,True
66af4ec3-aa5d-5ac1-97c2-27ef7319a318,42f47bb0-d422-5f40-bfcc-958213bc732b,7a85f2b2-1b11-54fe-ae9f-5db7549f9433,True,True
66af4ec3-aa5d-5ac1-97c2-27ef7319a318,bd195b9b-a941-5b4d-9c1c-bb8c2ef2e1f5,7a85f2b2-1b11-54fe-ae9f-5db7549f9433,True,True
66af4ec3-aa5d-5ac1-97c2-27ef7319a318,b2223b66-c3d4-5bf7-88fc-41a8dbee6850,7a85f2b2-1b11-54fe-ae9f-5db7549f9433,True,True
66af4ec3-aa5d-5ac1-97c2-27ef7319a318,4494f40b-2f8a-5378-a304-e59b65d65f65,7a85f2b2-1b11-54fe-ae9f-5db7549f9433,True,True
66af4ec3-aa5d-5ac1-97c2-27ef7319a318,51c85b72-2ef2-5228-beef-e89f07ec7d8e,7a85f2b2-1b11-54fe-ae9f-5db7549f9433,True,True
66af4ec3-aa5d-5ac1-97c2-27ef7319a318,ae6176f6-9d51-5e7b-9917-8b02a1ce2a51,7a85f2b2-1b11-54fe-ae9f-5db7549f9433,True,True
66af4ec3-aa5d-5ac1-97c2-27ef7319a318,37c71d2d-061e-5d1d-8053-bf89114dd3be,7a85f2b2-1b11-54fe-ae9f-5db7549f9433,True,True
66af4ec3-aa5d-5ac1-97c2-27ef7319a318,c4a9f6d4-dca9-58bc-a067-4922e7f4ce24,7a85f2b2-1b11-54fe-ae9f-5db7549f9433,True,True
66af4ec3-aa5d-5ac1-97c2-27ef7319a318,094a3ece-3679-59c2-9708-5f669fc04c44,7a85f2b2-1b11-54fe-ae9f-5db7549f9433,True,True
66af4ec3-aa5d-5ac1-97c2-27ef7319a318,44aca841-f1bc-558f-8e7b-f0b6d165ff30,7a85f2b2-1b11-54fe-ae9f-5db7549f9433,True,True
66af4ec3-aa5d-5ac1-97c2-27ef7319a318,6154e8d2-1817-56e8-b25a-750f9bec4516,7a85f2b2-1b11-54fe-ae9f-5db7549f9433,True,True
66af4ec3-aa5d-5ac1-97c2-27ef7319a318,7f5e1a69-988b-5c0f-b9e5-703e284ab1b5,7a85f2b2-1b11-54fe-ae9f-5db7549f9433,True,True
66af4ec3-aa5d-5ac1-97c2-27ef7319a318,0d7de6da-64d3-5f72-838b-220402912c49,7a85f2b2-1b11-54fe-ae9f-5db7549f9433,True,True
66af4ec3-aa5d-5ac1-97c2-27ef7319a318,88457a2a-4892-5bcd-b037-c9504a0ffaaa,7a85f2b2-1b11-54fe-ae9f-5db7549f9433,True,True
66af4ec3-aa5d-5ac1-97c2-27ef7319a318,da48948b-41c2-54f3-86cf-8d3427570cae,7a85f2b2-1b11-54fe-ae9f-5db7549f9433,True,True
66af4ec3-aa5d-5ac1-97c2-27ef7319a318,7427f299-fb38-5926-a108-052719a83c40,7a85f2b2-1b11-54fe-ae9f-5db7549f9433,True,True
66af4ec3-aa5d-5ac1-97c2-27ef7319a318,ee11aaca-0e62-5952-9fb8-ea4e38cade40,7a85f2b2-1b11-54fe-ae9f-5db7549f9433,True,True
66af4ec3-aa5d-5ac1-97c2-27ef7319a318,30b854c1-4297-56bf-9a70-3cdcb9da105b,7a85f2b2-1b11-54fe-ae9f-5db7549f9433,True,True
66af4ec3-aa5d-5ac1-97c2-27ef7319a318,618dc653-7f8c-565d-8a9b-1b575aec8e5c,7a85f2b2-1b11-54fe-ae9f-5db7549f9433,True,True
66af4ec3-aa5d-5ac1-97c2-27ef7319a318,05b2ed19-de3a-5903-808c-3c8280c81ab0,7a85f2b2-1b11-54fe-ae9f-5db7549f9433,True,True
66af4ec3-aa5d-5ac1-97c2-27ef7319a318,7e8e8804-96cf-5643-b7f3-8ec6a1d27e7e,7a85f2b2-1b11-54fe-ae9f-5db7549f9433,True,True
66af4ec3-aa5d-5ac1-97c2-27ef7319a318,d3cae16f-6043-53ab-837c-d31aeac3fb2e,7a85f2b2-1b11-54fe-ae9f-5db7549f9433,True,True
66af4ec3-aa5d-5ac1-97c2-27ef7319a318,3ad3efa6-34a6-50e1-b9fd-607cfaafa944,7a85f2b2-1b11-54fe-ae9f-5db7549f9433,True,True
66af4ec3-aa5d-5ac1-97c2-27ef7319a318,e72b734e-6ec6-53b7-9548-04fba70f6894,7a85f2b2-1b11-54fe-ae9f-5db7549f9433,True,True
66af4ec3-aa5d-5ac1-97c2-27ef7319a318,f44fd7a1-90b5-5ab7-ab8d-9032b0b85ce9,7a85f2b2-1b11-54fe-ae9f-5db7549f9433,True,True
66af4ec3-aa5d-5ac1-97c2-27ef7319a318,4f9b1763-df31-594d-9e55-d9a3c38b27e0,7a85f2b2-1b11-54fe-ae9f-5db7549f9433,True,True
66af4ec3-aa5d-5ac1-97c2-27ef7319a318,c16972fb-2813-5bc8-8135-112dacb6cd2c,7a85f2b2-1b11-54fe-ae9f-5db7549f9433,True,True
66af4ec3-aa5d-5ac1-97c2-27ef7319a318,b0c60df0-629d-51a2-a446-fa23e78af413,7a85f2b2-1b11-54fe-ae9f-5db7549f9433,True,True
66af4ec3-aa5d-5ac1-97c2-27ef7319a318,65219cf7-5b51-5105-b782-83f7c6918e44,7a85f2b2-1b11-54fe-ae9f-5db7549f9433,True,True
66af4ec3-aa5d-5ac1-97c2-27ef7319a318,7043fb65-9310-5634-a56b-01554936bfb4,7a85f2b2-1b11-54fe-ae9f-5db7549f9433,True,True
66af4ec3-aa5d-5ac1-97c2-27ef7319a318,3e1dab6a-2d2b-5ccf-ae79-0ad0164308a9,7a85f2b2-1b11-54fe-ae9f-5db7549f9433,True,True
66af4ec3-aa5d-5ac1-97c2-27ef7319a318,a076f04e-0edd-5674-b672-254ba250bab6,7a85f2b2-1b11-54fe-ae9f-5db7549f9433,True,True
66af4ec3-aa5d-5ac1-97c2-27ef7319a318,f6fb623b-25d8-545b-bed8-457e6ad7ea3d,7a85f2b2-1b11-54fe-ae9f-5db7549f9433,True,True
66af4ec3-aa5d-5ac1-97c2-27ef7319a318,2f3e916b-347e-566d-9b53-b9a0fed6e519,7a85f2b2-1b11-54fe-ae9f-5db7549f9433,True,True
66af4ec3-aa5d-5ac1-97c2-27ef7319a318,863ff5dd-e615-58a7-95cb-bae4dd45f9a3,7a85f2b2-1b11-54fe-ae9f-5db7549f9433,True,True
66af4ec3-aa5d-5ac1-97c2-27ef7319a318,297a3287-325a-5787-a91f-e18ee6abc19f,7a85f2b2-1b11-54fe-ae9f-5db7549f9433,True,True
66af4ec3-aa5d-5ac1-97c2-27ef7319a318,af39a297-1f96-5cdd-8462-c0b129269400,7a85f2b2-1b11-54fe-ae9f-5db7549f9433,True,True
66af4ec3-aa5d-5ac1-97c2-27ef7319a318,5b1958f2-3b0a-52b4-b970-6fc16f8e38db,7a85f2b2-1b11-54fe-ae9f-5db7549f9433,True,True
66af4ec3-aa5d-5ac1-97c2-27ef7319a318,c2afdd85-e511-5a1b-86c9-998fc24e69c9,7a85f2b2-1b11-54fe-ae9f-5db7549f9433,True,True
66af4ec3-aa5d-5ac1-97c2-27ef7319a318,5c2fa45a-fbac-55ee-a7bc-649c412f438b,7a85f2b2-1b11-54fe-ae9f-5db7549f9433,True,True
66af4ec3-aa5d-5ac1-97c2-27ef7319a318,66ded2d5-8ece-5376-9b49-3ddadb7fdf28,7a85f2b2-1b11-54fe-ae9f-5db7549f9433,True,True
66af4ec3-aa5d-5ac1-97c2-27ef7319a318,8bad8d86-e00d-55b3-9773-6e11bf39c4a5,7a85f2b2-1b11-54fe-ae9f-5db7549f9433,True,True
66af4ec3-aa5d-5ac1-97c2-27ef7319a318,a8601410-2769-5ac1-9850-cd57d5ed6c39,7a85f2b2-1b11-54fe-ae9f-5db7549f9433,True,True
66af4ec3-aa5d-5ac1-97c2-27ef7319a318,727188c7-3a30-5932-ab4a-a5a8a26c87f3,7a85f2b2-1b11-54fe-ae9f-5db7549f9433,True,True
66af4ec3-aa5d-5ac1-97c2-27ef7319a318,6b118df9-b24f-5439-b136-f043c5645492,7a85f2b2-1b11-54fe-ae9f-5db7549f9433,True,True
66af4ec3-aa5d-5ac1-97c2-27ef7319a318,2d7f4c74-4dbc-5c13-b0af-e9b9a66987ca,7a85f2b2-1b11-54fe-ae9f-5db7549f9433,True,True
66af4ec3-aa5d-5ac1-97c2-27ef7319a318,85fe706b-1b07-5572-bbb3-0c806d54b176,7a85f2b2-1b11-54fe-ae9f-5db7549f9433,True,True
66af4ec3-aa5d-5ac1-97c2-27ef7319a318,908954af-19d7-52a9-89eb-ed8f913de955,7a85f2b2-1b11-54fe-ae9f-5db7549f9433,True,True
66af4ec3-aa5d-5ac1-97c2-27ef7319a318,0553e66a-ee50-5f0c-b807-48788c35f9e3,7a85f2b2-1b11-54fe-ae9f-5db7549f9433,True,True
66af4ec3-aa5d-5ac1-97c2-27ef7319a318,65ad7e4a-2872-5cfb-95d1-5535e53cc502,7a85f2b2-1b11-54fe-ae9f-5db7549f9433,True,True
66af4ec3-aa5d-5ac1-97c2-27ef7319a318,50350679-5a47-54f6-9479-09de0d67778e,7a85f2b2-1b11-54fe-ae9f-5db7549f9433,True,True
66af4ec3-aa5d-5ac1-97c2-27ef7319a318,109d600f-9638-53d6-a38a-d015b5c8b454,7a85f2b2-1b11-54fe-ae9f-5db7549f9433,True,True
66af4ec3-aa5d-5ac1-97c2-27ef7319a318,f39a568a-bdd1-5309-b120-8570e735f2a1,7a85f2b2-1b11-54fe-ae9f-5db7549f9433,True,True
66af4ec3-aa5d-5ac1-97c2-27ef7319a318,e8de6ec8-fc9d-5e7e-a467-5f28652b42ca,7a85f2b2-1b11-54fe-ae9f-5db7549f9433,True,True
66af4ec3-aa5d-5ac1-97c2-27ef7319a318,63ff1795-e46a-5cb4-b8a7-0d81a92453a0,7a85f2b2-1b11-54fe-ae9f-5db7549f9433,True,True
66af4ec3-aa5d-5ac1-97c2-27ef7319a318,93c933fd-e3e1-5d50-a1a1-2f0aa434dce3,7a85f2b2-1b11-54fe-ae9f-5db7549f9433,True,True
66af4ec3-aa5d-5ac1-97c2-27ef7319a318,dd4d9853-c7de-5206-ab51-c2ed98692e4b,7a85f2b2-1b11-54fe-ae9f-5db7549f9433,True,True
66af4ec3-aa5d-5ac1-97c2-27ef7319a318,16291211-300b-542d-958a-80a9d7df9765,7a85f2b2-1b11-54fe-ae9f-5db7549f9433,True,True
66af4ec3-aa5d-5ac1-97c2-27ef7319a318,0783e41b-0bac-584c-8799-5f5ee65846ff,7a85f2b2-1b11-54fe-ae9f-5db7549f9433,True,True
66af4ec3-aa5d-5ac1-97c2-27ef7319a318,cf7abe41-eb1c-5b0b-ab81-a656a5026608,7a85f2b2-1b11-54fe-ae9f-5db7549f9433,True,True
66af4ec3-aa5d-5ac1-97c2-27ef7319a318,c5c8d1eb-2991-5058-ad6a-15881c71d57f,7a85f2b2-1b11-54fe-ae9f-5db7549f9433,True,True
66af4ec3-aa5d-5ac1-97c2-27ef7319a318,f73650d8-6fb5-578e-98de-0482bca19761,7a85f2b2-1b11-54fe-ae9f-5db7549f9433,True,True
66af4ec3-aa5d-5ac1-97c2-27ef7319a318,735a7ae3-774c-538d-866e-afe98dbb2e1b,7a85f2b2-1b11-54fe-ae9f-5db7549f9433,True,True
66af4ec3-aa5d-5ac1-97c2-27ef7319a318,f6a0e053-630c-5a8f-8f8d-60e9986f98c7,7a85f2b2-1b11-54fe-ae9f-5db7549f9433,True,True
66af4ec3-aa5d-5ac1-97c2-27ef7319a318,63afb572-238f-502c-b70b-70f0deb541f8,7a85f2b2-1b11-54fe-ae9f-5db7549f9433,True,True
66af4ec3-aa5d-5ac1-97c2-27ef7319a318,bc0b1dee-af0c-535b-92cc-a4a0d9cccbe1,7a85f2b2-1b11-54fe-ae9f-5db7549f9433,True,True
66af4ec3-aa5d-5ac1-97c2-27ef7319a318,c816a891-51e8-5b3d-b8fb-24ab69eade07,7a85f2b2-1b11-54fe-ae9f-5db7549f9433,True,True
66af4ec3-aa5d-5ac1-97c2-27ef7319a318,e5bad767-e434-5cb5-8e9f-b5a88b6c1a0b,7a85f2b2-1b11-54fe-ae9f-5db7549f9433,True,True
66af4ec3-aa5d-5ac1-97c2-27ef7319a318,f25bcffb-bd1d-5d24-9a7d-d6303a6aa0b1,7a85f2b2-1b11-54fe-ae9f-5db7549f9433,True,True
66af4ec3-aa5d-5ac1-97c2-27ef7319a318,e87a634b-f586-5952-8165-b6e25cc4cac8,7a85f2b2-1b11-54fe-ae9f-5db7549f9433,True,True
66af4ec3-aa5d-5ac1-97c2-27ef7319a318,537f8787-73f1-5461-a6f1-3875a925e3ff,7a85f2b2-1b11-54fe-ae9f-5db7549f9433,True,True
66af4ec3-aa5d-5ac1-97c2-27ef7319a318,1ad96076-cac3-5011-8536-db6cd38b37cd,7a85f2b2-1b11-54fe-ae9f-5db7549f9433,True,True
66af4ec3-aa5d-5ac1-97c2-27ef7319a318,3308003d-44e8-570d-b8e3-94bddfab1b6c,7a85f2b2-1b11-54fe-ae9f-5db7549f9433,True,True
66af4ec3-aa5d-5ac1-97c2-27ef7319a318,54fa0107-cc60-5afe-8519-24fd089bdbd7,7a85f2b2-1b11-54fe-ae9f-5db7549f9433,True,True
66af4ec3-aa5d-5ac1-97c2-27ef7319a318,1fbf92ec-21f6-587d-b196-3756a8ff246f,7a85f2b2-1b11-54fe-ae9f-5db7549f9433,True,True
66af4ec3-aa5d-5ac1-97c2-27ef7319a318,809f6913-cd75-5f76-9b89-c9306bb9d72b,7a85f2b2-1b11-54fe-ae9f-5db7549f9433,True,True
66af4ec3-aa5d-5ac1-97c2-27ef7319a318,c7d1727f-abb8-5c8f-82fc-e577f37338a7,7a85f2b2-1b11-54fe-ae9f-5db7549f9433,True,True
66af4ec3-aa5d-5ac1-97c2-27ef7319a318,73ee7f3f-a602-5737-8e18-5bbf68594f41,7a85f2b2-1b11-54fe-ae9f-5db7549f9433,True,True
66af4ec3-aa5d-5ac1-97c2-27ef7319a318,1dc30165-bf09-5118-a937-ea0818c81845,7a85f2b2-1b11-54fe-ae9f-5db7549f9433,True,True
66af4ec3-aa5d-5ac1-97c2-27ef7319a318,2f78c4cf-5952-5f40-a2a0-190478846a8f,7a85f2b2-1b11-54fe-ae9f-5db7549f9433,True,True
66af4ec3-aa5d-5ac1-97c2-27ef7319a318,3013d9e4-4763-58f2-a295-a251eec28537,7a85f2b2-1b11-54fe-ae9f-5db7549f9433,True,True
66af4ec3-aa5d-5ac1-97c2-27ef7319a318,6ce6a893-69f2-5706-a5d4-40cfc065dd89,7a85f2b2-1b11-54fe-ae9f-5db7549f9433,True,True
66af4ec3-aa5d-5ac1-97c2-27ef7319a318,54c37da8-7bc2-5e90-9f04-3358dec2a92a,7a85f2b2-1b11-54fe-ae9f-5db7549f9433,True,True
66af4ec3-aa5d-5ac1-97c2-27ef7319a318,7888e3d4-3765-5182-91bc-4d9bc50105ce,7a85f2b2-1b11-54fe-ae9f-5db7549f9433,True,True
66af4ec3-aa5d-5ac1-97c2-27ef7319a318,e1f1ec54-b570-5523-ae86-ac9aa6cb0712,7a85f2b2-1b11-54fe-ae9f-5db7549f9433,True,True
66af4ec3-aa5d-5ac1-97c2-27ef7319a318,d0246650-8703-5793-94f4-f9e362dbd33f,7a85f2b2-1b11-54fe-ae9f-5db7549f9433,True,True
66af4ec3-aa5d-5ac1-97c2-27ef7319a318,87ab57d0-e784-53af-b253-3539fcfdf54d,7a85f2b2-1b11-54fe-ae9f-5db7549f9433,True,True
66af4ec3-aa5d-5ac1-97c2-27ef7319a318,9c937fcc-e9bb-54c2-98c1-5aad89b46736,7a85f2b2-1b11-54fe-ae9f-5db7549f9433,True,True
66af4ec3-aa5d-5ac1-97c2-27ef7319a318,5c2b1645-646b-577a-bdad-fc50b9d668df,7a85f2b2-1b11-54fe-ae9f-5db7549f9433,True,True
66af4ec3-aa5d-5ac1-97c2-27ef7319a318,7c089688-cead-5a18-93a6-bd5a37cd20bb,7a85f2b2-1b11-54fe-ae9f-5db7549f9433,True,True
66af4ec3-aa5d-5ac1-97c2-27ef7319a318,221446c5-96b2-5c9b-8e43-3bc18d59f6b3,7a85f2b2-1b11-54fe-ae9f-5db7549f9433,True,True
66af4ec3-aa5d-5ac1-97c2-27ef7319a318,c387305d-865c-5c36-b1ba-3982cbf33903,7a85f2b2-1b11-54fe-ae9f-5db7549f9433,True,True
66af4ec3-aa5d-5ac1-97c2-27ef7319a318,5c17452f-cac2-5418-b3a9-661fdd879287,7a85f2b2-1b11-54fe-ae9f-5db7549f9433,True,True
66af4ec3-aa5d-5ac1-97c2-27ef7319a318,ac673982-0956-583b-a2b1-0635b3d99f16,7a85f2b2-1b11-54fe-ae9f-5db7549f9433,True,True
66af4ec3-aa5d-5ac1-97c2-27ef7319a318,96f00d15-56f8-5b5d-aa25-2cc91b89ebed,7a85f2b2-1b11-54fe-ae9f-5db7549f9433,True,True
66af4ec3-aa5d-5ac1-97c2-27ef7319a318,3b67037b-f660-59fd-ba25-d7cf0cd90fb2,7a85f2b2-1b11-54fe-ae9f-5db7549f9433,True,True
66af4ec3-aa5d-5ac1-97c2-27ef7319a318,03e30b78-20a1-5781-b929-b97c05a49da0,7a85f2b2-1b11-54fe-ae9f-5db7549f9433,True,True
66af4ec3-aa5d-5ac1-97c2-27ef7319a318,771e4e21-4e48-57e1-a244-d871e5d775ea,7a85f2b2-1b11-54fe-ae9f-5db7549f9433,True,True
66af4ec3-aa5d-5ac1-97c2-27ef7319a318,c3ad3c1e-2079-57fc-be28-919cf77945d8,7a85f2b2-1b11-54fe-ae9f-5db7549f9433,True,True
66af4ec3-aa5d-5ac1-97c2-27ef7319a318,f9a7a9b4-9545-51e2-9c15-7e679aac6346,7a85f2b2-1b11-54fe-ae9f-5db7549f9433,True,True
66af4ec3-aa5d-5ac1-97c2-27ef7319a318,1ef8556a-d759-557d-856b-c33a6857dfb3,7a85f2b2-1b11-54fe-ae9f-5db7549f9433,True,True
66af4ec3-aa5d-5ac1-97c2-27ef7319a318,798ff42c-7caf-5a72-b87f-e3e94be83929,7a85f2b2-1b11-54fe-ae9f-5db7549f9433,True,True
66af4ec3-aa5d-5ac1-97c2-27ef7319a318,3b90d3ae-0fb2-54a5-bc2c-fe6ba14b7bd3,7a85f2b2-1b11-54fe-ae9f-5db7549f9433,True,True
66af4ec3-aa5d-5ac1-97c2-27ef7319a318,8ca0927d-d390-519c-870a-179d26b6fc09,7a85f2b2-1b11-54fe-ae9f-5db7549f9433,True,True
66af4ec3-aa5d-5ac1-97c2-27ef7319a318,5303c459-37c0-52a3-acc5-f792e0edd779,7a85f2b2-1b11-54fe-ae9f-5db7549f9433,True,True
66af4ec3-aa5d-5ac1-97c2-27ef7319a318,8ff41b03-a212-52ae-be06-15d053adeaa8,7a85f2b2-1b11-54fe-ae9f-5db7549f9433,True,True
66af4ec3-aa5d-5ac1-97c2-27ef7319a318,13885938-7b13-592b-932c-1d97c9eb70b5,7a85f2b2-1b11-54fe-ae9f-5db7549f9433,True,True
66af4ec3-aa5d-5ac1-97c2-27ef7319a318,f950e95c-04b9-58ad-8ace-03f86f9b2f76,7a85f2b2-1b11-54fe-ae9f-5db7549f9433,True,True
66af4ec3-aa5d-5ac1-97c2-27ef7319a318,4436e40a-a61b-5047-bc0d-f291e601fb34,7a85f2b2-1b11-54fe-ae9f-5db7549f9433,True,True
66af4ec3-aa5d-5ac1-97c2-27ef7319a318,ff34c47a-6225-5ebb-b327-2d10ffedc4ea,7a85f2b2-1b11-54fe-ae9f-5db7549f9433,True,True
66af4ec3-aa5d-5ac1-97c2-27ef7319a318,360a845f-de82-5a02-8201-188894f5f593,7a85f2b2-1b11-54fe-ae9f-5db7549f9433,True,True
66af4ec3-aa5d-5ac1-97c2-27ef7319a318,cca11f3d-d895-5b66-8412-8e34abe9157c,7a85f2b2-1b11-54fe-ae9f-5db7549f9433,True,True
66af4ec3-aa5d-5ac1-97c2-27ef7319a318,64f0773e-64f5-52a0-a36a-ede5e4ecc3cc,7a85f2b2-1b11-54fe-ae9f-5db7549f9433,True,True
66af4ec3-aa5d-5ac1-97c2-27ef7319a318,222bafc3-67bf-5598-b98d-3f55b95f1444,7a85f2b2-1b11-54fe-ae9f-5db7549f9433,True,True
66af4ec3-aa5d-5ac1-97c2-27ef7319a318,c250a12d-37b2-59aa-b4c6-42e24b05071f,7a85f2b2-1b11-54fe-ae9f-5db7549f9433,True,True
66af4ec3-aa5d-5ac1-97c2-27ef7319a318,faa43e1a-ddb7-5d7b-b1b4-4da7ceff46e8,7a85f2b2-1b11-54fe-ae9f-5db7549f9433,True,True
66af4ec3-aa5d-5ac1-97c2-27ef7319a318,a87a3c91-91a9-51f1-b0bf-0420b5042be8,7a85f2b2-1b11-54fe-ae9f-5db7549f9433,True,True
66af4ec3-aa5d-5ac1-97c2-27ef7319a318,262a19b5-2e05-5eaa-adab-92c3c8327c78,7a85f2b2-1b11-54fe-ae9f-5db7549f9433,True,True
66af4ec3-aa5d-5ac1-97c2-27ef7319a318,3deef3a8-c781-5aec-8ef3-50b543dfcedb,7a85f2b2-1b11-54fe-ae9f-5db7549f9433,True,True
66af4ec3-aa5d-5ac1-97c2-27ef7319a318,83ed3e8e-08ee-50ab-a828-0c58e4020000,7a85f2b2-1b11-54fe-ae9f-5db7549f9433,True,True
66af4ec3-aa5d-5ac1-97c2-27ef7319a318,19ebc0e9-2e0c-50b5-a2bf-2582d3458516,7a85f2b2-1b11-54fe-ae9f-5db7549f9433,True,True
66af4ec3-aa5d-5ac1-97c2-27ef7319a318,6a671b0b-8572-534d-9d80-6477274be1a2,7a85f2b2-1b11-54fe-ae9f-5db7549f9433,True,True
66af4ec3-aa5d-5ac1-97c2-27ef7319a318,5a0d255c-77cf-5eac-89a8-7e203035c6fc,7a85f2b2-1b11-54fe-ae9f-5db7549f9433,True,True
66af4ec3-aa5d-5ac1-97c2-27ef7319a318,bfd5f4fe-bc93-5ce9-9c5c-7a28c86f8ec2,7a85f2b2-1b11-54fe-ae9f-5db7549f9433,True,True
66af4ec3-aa5d-5ac1-97c2-27ef7319a318,0a517331-cab4-5b54-9efd-d1397e8f2f9d,7a85f2b2-1b11-54fe-ae9f-5db7549f9433,True,True
66af4ec3-aa5d-5ac1-97c2-27ef7319a318,299df4f1-da04-5c50-b512-a56c6816629b,7a85f2b2-1b11-54fe-ae9f-5db7549f9433,True,True
66af4ec3-aa5d-5ac1-97c2-27ef7319a318,8daab573-5a24-50f2-bd38-bdc7d87fa423,7a85f2b2-1b11-54fe-ae9f-5db7549f9433,True,True
66af4ec3-aa5d-5ac1-97c2-27ef7319a318,47b9c127-0c33-5043-b28d-fee1f1ac0f4f,7a85f2b2-1b11-54fe-ae9f-5db7549f9433,True,True
66af4ec3-aa5d-5ac1-97c2-27ef7319a318,a9b87fe2-3e07-58da-b821-fee04b72ecb5,7a85f2b2-1b11-54fe-ae9f-5db7549f9433,True,True
66af4ec3-aa5d-5ac1-97c2-27ef7319a318,9ee5dd70-cfe5-5eb7-8a7e-326b1f8956f1,7a85f2b2-1b11-54fe-ae9f-5db7549f9433,True,True
66af4ec3-aa5d-5ac1-97c2-27ef7319a318,3c0fdb25-37fd-5c38-bb28-1140f6b86ca2,7a85f2b2-1b11-54fe-ae9f-5db7549f9433,True,True
66af4ec3-aa5d-5ac1-97c2-27ef7319a318,3e317900-69f4-52a3-bf60-8a350a4ec923,7a85f2b2-1b11-54fe-ae9f-5db7549f9433,True,True
66af4ec3-aa5d-5ac1-97c2-27ef7319a318,527c18f8-2c3a-53d9-92d0-99d81ab49107,7a85f2b2-1b11-54fe-ae9f-5db7549f9433,True,True
66af4ec3-aa5d-5ac1-97c2-27ef7319a318,739f4071-c87c-5ee5-a967-1d54a0ced2c2,7a85f2b2-1b11-54fe-ae9f-5db7549f9433,True,True
66af4ec3-aa5d-5ac1-97c2-27ef7319a318,55c42a4f-0ac2-550c-a810-237b2ae03509,7a85f2b2-1b11-54fe-ae9f-5db7549f9433,True,True
66af4ec3-aa5d-5ac1-97c2-27ef7319a318,7929e853-4201-5e0b-a194-854bd326ae63,7a85f2b2-1b11-54fe-ae9f-5db7549f9433,True,True
66af4ec3-aa5d-5ac1-97c2-27ef7319a318,bbdb8856-b309-5dd5-be05-a0dad529a9cd,7a85f2b2-1b11-54fe-ae9f-5db7549f9433,True,True
66af4ec3-aa5d-5ac1-97c2-27ef7319a318,17744fce-6d5f-59ac-b0fb-47755b8d3115,7a85f2b2-1b11-54fe-ae9f-5db7549f9433,True,True
66af4ec3-aa5d-5ac1-97c2-27ef7319a318,df9c0a36-6cf7-5478-a944-30a51d16b8f9,7a85f2b2-1b11-54fe-ae9f-5db7549f9433,True,True
66af4ec3-aa5d-5ac1-97c2-27ef7319a318,cab7c3cc-ba61-5276-a559-c7a5359b9251,7a85f2b2-1b11-54fe-ae9f-5db7549f9433,True,True
66af4ec3-aa5d-5ac1-97c2-27ef7319a318,1c9011b1-7b1a-562e-b8f8-7de6c7180bdf,7a85f2b2-1b11-54fe-ae9f-5db7549f9433,True,True
66af4ec3-aa5d-5ac1-97c2-27ef7319a318,39149a6c-d95b-56af-8ac3-3ad51b560abf,7a85f2b2-1b11-54fe-ae9f-5db7549f9433,True,True
66af4ec3-aa5d-5ac1-97c2-27ef7319a318,5067cb18-344b-5b22-947a-797be5918ed6,7a85f2b2-1b11-54fe-ae9f-5db7549f9433,True,True
66af4ec3-aa5d-5ac1-97c2-27ef7319a318,610bdf84-fc29-51fd-9a09-3077cba98eac,7a85f2b2-1b11-54fe-ae9f-5db7549f9433,True,True
66af4ec3-aa5d-5ac1-97c2-27ef7319a318,7602e046-dbe1-5e6c-88eb-213298e07078,7a85f2b2-1b11-54fe-ae9f-5db7549f9433,True,True
66af4ec3-aa5d-5ac1-97c2-27ef7319a318,e08ff103-8752-54a8-b4b1-fcf5a96e1d5d,7a85f2b2-1b11-54fe-ae9f-5db7549f9433,True,True
66af4ec3-aa5d-5ac1-97c2-27ef7319a318,22cbb536-fe8d-5fa5-952f-47a6983c1491,7a85f2b2-1b11-54fe-ae9f-5db7549f9433,True,True
66af4ec3-aa5d-5ac1-97c2-27ef7319a318,2a1ddf3f-e015-5bed-b421-4c8ec9c6aab2,7a85f2b2-1b11-54fe-ae9f-5db7549f9433,True,True
66af4ec3-aa5d-5ac1-97c2-27ef7319a318,f8217c4a-a11e-5c15-8818-e7ac4e9efa11,7a85f2b2-1b11-54fe-ae9f-5db7549f9433,True,True
66af4ec3-aa5d-5ac1-97c2-27ef7319a318,d65a2160-356a-5dd5-9c04-0582bc4112d0,7a85f2b2-1b11-54fe-ae9f-5db7549f9433,True,True
66af4ec3-aa5d-5ac1-97c2-27ef7319a318,916b515b-95e1-5315-8bf6-26419a30e3a1,7a85f2b2-1b11-54fe-ae9f-5db7549f9433,True,True
66af4ec3-aa5d-5ac1-97c2-27ef7319a318,83c69995-c1c4-5731-8553-cbf357b2b781,7a85f2b2-1b11-54fe-ae9f-5db7549f9433,True,True
66af4ec3-aa5d-5ac1-97c2-27ef7319a318,78ddb7e5-c829-5b1b-9359-07119b0cde20,7a85f2b2-1b11-54fe-ae9f-5db7549f9433,True,True
66af4ec3-aa5d-5ac1-97c2-27ef7319a318,b5c7030c-0ba5-5970-bb50-04f17cc4b98b,7a85f2b2-1b11-54fe-ae9f-5db7549f9433,True,True
66af4ec3-aa5d-5ac1-97c2-27ef7319a318,38c48f7e-7aed-507c-a5d1-67e93e44a431,7a85f2b2-1b11-54fe-ae9f-5db7549f9433,True,True
66af4ec3-aa5d-5ac1-97c2-27ef7319a318,3f87d71a-09c1-5c95-b441-9ae684137136,7a85f2b2-1b11-54fe-ae9f-5db7549f9433,True,True
66af4ec3-aa5d-5ac1-97c2-27ef7319a318,1e748641-74c1-5d5e-bb34-47c574eae506,7a85f2b2-1b11-54fe-ae9f-5db7549f9433,True,True
66af4ec3-aa5d-5ac1-97c2-27ef7319a318,e2536ea7-2a84-53f3-83f3-c0abf0111420,7a85f2b2-1b11-54fe-ae9f-5db7549f9433,True,True
66af4ec3-aa5d-5ac1-97c2-27ef7319a318,528a5a4f-aa10-5878-a9c6-e28a01e8bbcb,7a85f2b2-1b11-54fe-ae9f-5db7549f9433,True,True
66af4ec3-aa5d-5ac1-97c2-27ef7319a318,0cc52c3e-7de8-54a0-ae7e-51e12b8a10ec,7a85f2b2-1b11-54fe-ae9f-5db7549f9433,True,True
66af4ec3-aa5d-5ac1-97c2-27ef7319a318,c500e77f-166a-58d2-96a4-1c9075310a51,7a85f2b2-1b11-54fe-ae9f-5db7549f9433,True,True
66af4ec3-aa5d-5ac1-97c2-27ef7319a318,b4ce10f9-3beb-5d82-a450-26fd90b57499,7a85f2b2-1b11-54fe-ae9f-5db7549f9433,True,True
66af4ec3-aa5d-5ac1-97c2-27ef7319a318,a47ef935-4c25-5dfe-ad16-12ec242b4147,7a85f2b2-1b11-54fe-ae9f-5db7549f9433,True,True
66af4ec3-aa5d-5ac1-97c2-27ef7319a318,33277a29-8e9c-56ec-b5f9-29a366685edb,7a85f2b2-1b11-54fe-ae9f-5db7549f9433,True,True
66af4ec3-aa5d-5ac1-97c2-27ef7319a318,e248720d-18fa-5d25-825f-0048ebd0dad2,7a85f2b2-1b11-54fe-ae9f-5db7549f9433,True,True
66af4ec3-aa5d-5ac1-97c2-27ef7319a318,93380968-d851-5d35-8419-379083555598,7a85f2b2-1b11-54fe-ae9f-5db7549f9433,True,True
66af4ec3-aa5d-5ac1-97c2-27ef7319a318,3cfd99f9-740f-5266-b282-6829ed243c16,7a85f2b2-1b11-54fe-ae9f-5db7549f9433,True,True
66af4ec3-aa5d-5ac1-97c2-27ef7319a318,5d24f88f-cc9a-5968-878a-b1a6a48ffea1,7a85f2b2-1b11-54fe-ae9f-5db7549f9433,True,True
66af4ec3-aa5d-5ac1-97c2-27ef7319a318,3cfafcb3-2c14-5fc1-b856-8b1bb7486829,7a85f2b2-1b11-54fe-ae9f-5db7549f9433,True,True
66af4ec3-aa5d-5ac1-97c2-27ef7319a318,9283a09e-c8a0-53f8-8a19-1b922b83d8af,7a85f2b2-1b11-54fe-ae9f-5db7549f9433,True,True
66af4ec3-aa5d-5ac1-97c2-27ef7319a318,0d618824-085a-584f-8559-d7ecb06d101e,7a85f2b2-1b11-54fe-ae9f-5db7549f9433,True,True
66af4ec3-aa5d-5ac1-97c2-27ef7319a318,049b7266-61c0-5351-b386-f8f7a780daf2,7a85f2b2-1b11-54fe-ae9f-5db7549f9433,True,True
66af4ec3-aa5d-5ac1-97c2-27ef7319a318,22e8095c-662b-5029-823f-b80377061cb4,7a85f2b2-1b11-54fe-ae9f-5db7549f9433,True,True
66af4ec3-aa5d-5ac1-97c2-27ef7319a318,fbae90bf-832e-577f-8ddf-1f75f1ce95e0,7a85f2b2-1b11-54fe-ae9f-5db7549f9433,True,True
66af4ec3-aa5d-5ac1-97c2-27ef7319a318,00f4e62e-bd56-55a2-b5aa-b8e52411dbae,7a85f2b2-1b11-54fe-ae9f-5db7549f9433,True,True
66af4ec3-aa5d-5ac1-97c2-27ef7319a318,185eee88-0fbb-5a7a-812e-43ae414869cb,7a85f2b2-1b11-54fe-ae9f-5db7549f9433,True,True
66af4ec3-aa5d-5ac1-97c2-27ef7319a318,2b7da94e-d5f8-5483-9aef-5898c0533d59,7a85f2b2-1b11-54fe-ae9f-5db7549f9433,True,True
66af4ec3-aa5d-5ac1-97c2-27ef7319a318,b9abcdc9-e86d-5ee8-bab1-7dc0af82081e,7a85f2b2-1b11-54fe-ae9f-5db7549f9433,True,True
66af4ec3-aa5d-5ac1-97c2-27ef7319a318,3d5a1fc5-05b7-5fe1-b02f-86c996f351f5,7a85f2b2-1b11-54fe-ae9f-5db7549f9433,True,True
66af4ec3-aa5d-5ac1-97c2-27ef7319a318,5323e435-d7e2-5be2-a881-8f1c9eb19252,7a85f2b2-1b11-54fe-ae9f-5db7549f9433,True,True
66af4ec3-aa5d-5ac1-97c2-27ef7319a318,bac1be2a-7c86-5c99-9021-b51ef3f191be,7a85f2b2-1b11-54fe-ae9f-5db7549f9433,True,True
66af4ec3-aa5d-5ac1-97c2-27ef7319a318,feb29f47-e8f0-5950-ab13-334ff726bd64,7a85f2b2-1b11-54fe-ae9f-5db7549f9433,True,True
66af4ec3-aa5d-5ac1-97c2-27ef7319a318,39de24ea-3af2-5acc-b605-6d2a81f8a68b,7a85f2b2-1b11-54fe-ae9f-5db7549f9433,True,True
66af4ec3-aa5d-5ac1-97c2-27ef7319a318,53638eaf-5dbb-5b88-a516-ffce7194c106,7a85f2b2-1b11-54fe-ae9f-5db7549f9433,True,True
66af4ec3-aa5d-5ac1-97c2-27ef7319a318,6bd051b1-d937-52e8-b838-f8adbe6ef85b,7a85f2b2-1b11-54fe-ae9f-5db7549f9433,True,True
66af4ec3-aa5d-5ac1-97c2-27ef7319a318,45080ab8-04b6-51ff-b183-23f3d70b0101,7a85f2b2-1b11-54fe-ae9f-5db7549f9433,True,True
66af4ec3-aa5d-5ac1-97c2-27ef7319a318,8ab8a6dc-e0b5-5924-821d-38e2fbbe1b2c,7a85f2b2-1b11-54fe-ae9f-5db7549f9433,True,True
66af4ec3-aa5d-5ac1-97c2-27ef7319a318,1d01d761-d779-51da-97a8-d174defad460,7a85f2b2-1b11-54fe-ae9f-5db7549f9433,True,True
66af4ec3-aa5d-5ac1-97c2-27ef7319a318,c36a43af-f6ff-5a39-8dc1-ce3bce83dbf7,7a85f2b2-1b11-54fe-ae9f-5db7549f9433,True,True
66af4ec3-aa5d-5ac1-97c2-27ef7319a318,53cfc9fa-7166-56af-b90e-55af42931708,7a85f2b2-1b11-54fe-ae9f-5db7549f9433,True,True
66af4ec3-aa5d-5ac1-97c2-27ef7319a318,206a7027-6297-5531-bf4c-b9a27483054e,7a85f2b2-1b11-54fe-ae9f-5db7549f9433,True,True
66af4ec3-aa5d-5ac1-97c2-27ef7319a318,df69294d-53a1-53a3-93c3-a931c5ef44d5,7a85f2b2-1b11-54fe-ae9f-5db7549f9433,True,True
66af4ec3-aa5d-5ac1-97c2-27ef7319a318,3335b975-c7aa-5728-b97c-4986cf7e6d5a,7a85f2b2-1b11-54fe-ae9f-5db7549f9433,True,True
66af4ec3-aa5d-5ac1-97c2-27ef7319a318,24fcfdf2-8313-5319-b980-2e99c4e3ec88,7a85f2b2-1b11-54fe-ae9f-5db7549f9433,True,True
66af4ec3-aa5d-5ac1-97c2-27ef7319a318,3e395d45-5a1f-51a4-b851-9ade907cf980,92f41af8-7a88-5324-9fba-76dcf9641949,True,True
66af4ec3-aa5d-5ac1-97c2-27ef7319a318,439163c5-07ce-563f-aaaf-4332e196b72f,92f41af8-7a88-5324-9fba-76dcf9641949,True,True
66af4ec3-aa5d-5ac1-97c2-27ef7319a318,b9b7ccff-68c3-56ad-8b04-db799eaadc95,92f41af8-7a88-5324-9fba-76dcf9641949,True,True
66af4ec3-aa5d-5ac1-97c2-27ef7319a318,0af5ad7d-ea2c-5403-933b-649824c29063,92f41af8-7a88-5324-9fba-76dcf9641949,True,True
66af4ec3-aa5d-5ac1-97c2-27ef7319a318,17bfdeca-af2c-5b6f-b62f-b64d07064320,92f41af8-7a88-5324-9fba-76dcf9641949,True,True
66af4ec3-aa5d-5ac1-97c2-27ef7319a318,193d5ae1-e19a-542d-bb60-16e86e19c6cf,92f41af8-7a88-5324-9fba-76dcf9641949,True,True
66af4ec3-aa5d-5ac1-97c2-27ef7319a318,e17e6702-5b9b-5543-a83e-cf78c2382f0f,92f41af8-7a88-5324-9fba-76dcf9641949,True,True
66af4ec3-aa5d-5ac1-97c2-27ef7319a318,efaf2786-dfa6-5c17-aee4-8915ce5cec5f,92f41af8-7a88-5324-9fba-76dcf9641949,True,True
66af4ec3-aa5d-5ac1-97c2-27ef7319a318,7da44bb5-e658-5c0d-985a-432292c3605c,92f41af8-7a88-5324-9fba-76dcf9641949,True,True
66af4ec3-aa5d-5ac1-97c2-27ef7319a318,2a38afad-90bf-59a6-8e0f-bf5d36d22500,92f41af8-7a88-5324-9fba-76dcf9641949,True,True
66af4ec3-aa5d-5ac1-97c2-27ef7319a318,19862c36-b163-5901-bafb-f478c114a56b,92f41af8-7a88-5324-9fba-76dcf9641949,True,True
66af4ec3-aa5d-5ac1-97c2-27ef7319a318,e4f9aed7-a633-5b06-b4b1-87ed8abce2e8,92f41af8-7a88-5324-9fba-76dcf9641949,True,True
66af4ec3-aa5d-5ac1-97c2-27ef7319a318,69447166-8415-529c-b717-c2a9174ff8af,92f41af8-7a88-5324-9fba-76dcf9641949,True,True
66af4ec3-aa5d-5ac1-97c2-27ef7319a318,01dee5cf-a0bd-58fc-b837-d4b34b01f86f,92f41af8-7a88-5324-9fba-76dcf9641949,True,True
66af4ec3-aa5d-5ac1-97c2-27ef7319a318,4bc191c0-29d1-5c18-9460-577455776480,92f41af8-7a88-5324-9fba-76dcf9641949,True,True
66af4ec3-aa5d-5ac1-97c2-27ef7319a318,1b714f71-8513-5eb2-870d-12856cf111c3,92f41af8-7a88-5324-9fba-76dcf9641949,True,True
66af4ec3-aa5d-5ac1-97c2-27ef7319a318,51a187cc-803e-5873-967b-15bd581ed154,92f41af8-7a88-5324-9fba-76dcf9641949,True,True
66af4ec3-aa5d-5ac1-97c2-27ef7319a318,3840a92c-f221-532f-851e-d799d597d0c6,92f41af8-7a88-5324-9fba-76dcf9641949,True,True
66af4ec3-aa5d-5ac1-97c2-27ef7319a318,b8735aa5-f728-5eea-a001-dbdcdf7d6213,92f41af8-7a88-5324-9fba-76dcf9641949,True,True
66af4ec3-aa5d-5ac1-97c2-27ef7319a318,dd6cadab-cce1-5111-9e86-4efbe2aad81f,92f41af8-7a88-5324-9fba-76dcf9641949,True,True
66af4ec3-aa5d-5ac1-97c2-27ef7319a318,e0f6f563-b2d0-5d2b-8070-f5f2c60f42e4,92f41af8-7a88-5324-9fba-76dcf9641949,True,True
66af4ec3-aa5d-5ac1-97c2-27ef7319a318,79589096-29bd-5cc1-a468-d5c948c36de1,92f41af8-7a88-5324-9fba-76dcf9641949,True,True
66af4ec3-aa5d-5ac1-97c2-27ef7319a318,bceec31a-4448-5e01-9cb6-1b43fa6bcab8,92f41af8-7a88-5324-9fba-76dcf9641949,True,True
66af4ec3-aa5d-5ac1-97c2-27ef7319a318,7e564ba3-d8f7-5fee-86ab-6c47c6d537b6,92f41af8-7a88-5324-9fba-76dcf9641949,True,True
66af4ec3-aa5d-5ac1-97c2-27ef7319a318,247e1171-a389-5198-a932-a566f7e91322,92f41af8-7a88-5324-9fba-76dcf9641949,True,True
66af4ec3-aa5d-5ac1-97c2-27ef7319a318,f913af9b-b8d3-5659-8432-f53179881123,92f41af8-7a88-5324-9fba-76dcf9641949,True,True
66af4ec3-aa5d-5ac1-97c2-27ef7319a318,b2592180-0281-5522-bad1-4ad399066d9a,92f41af8-7a88-5324-9fba-76dcf9641949,True,True
66af4ec3-aa5d-5ac1-97c2-27ef7319a318,65dc1303-0fe8-5843-b904-9ad7c842791a,92f41af8-7a88-5324-9fba-76dcf9641949,True,True
66af4ec3-aa5d-5ac1-97c2-27ef7319a318,92b26c17-d61b-5577-8bd3-2b128ab4a95e,92f41af8-7a88-5324-9fba-76dcf9641949,True,True
66af4ec3-aa5d-5ac1-97c2-27ef7319a318,14398fff-7851-5c03-9b0e-c8a0156fa843,92f41af8-7a88-5324-9fba-76dcf9641949,True,True
66af4ec3-aa5d-5ac1-97c2-27ef7319a318,0cb65cc5-08a2-5f4d-a6b7-ff92a19d7e41,92f41af8-7a88-5324-9fba-76dcf9641949,True,True
66af4ec3-aa5d-5ac1-97c2-27ef7319a318,1445a2c8-54aa-5480-8946-3ca47d3e540e,92f41af8-7a88-5324-9fba-76dcf9641949,True,True
66af4ec3-aa5d-5ac1-97c2-27ef7319a318,8abf4485-f9a7-5c83-9fa9-ef4a497ed0ea,92f41af8-7a88-5324-9fba-76dcf9641949,True,True
66af4ec3-aa5d-5ac1-97c2-27ef7319a318,de33930f-0b20-5a15-b9f1-ea7cf648e097,92f41af8-7a88-5324-9fba-76dcf9641949,True,True
66af4ec3-aa5d-5ac1-97c2-27ef7319a318,28e8aa16-ee33-5650-8b83-3b9d54179646,92f41af8-7a88-5324-9fba-76dcf9641949,True,True
66af4ec3-aa5d-5ac1-97c2-27ef7319a318,64ca5cee-f197-5499-86a8-0aa83225c9ed,92f41af8-7a88-5324-9fba-76dcf9641949,True,True
66af4ec3-aa5d-5ac1-97c2-27ef7319a318,625dc765-8f54-5949-8bae-bdbb75191977,92f41af8-7a88-5324-9fba-76dcf9641949,True,True
66af4ec3-aa5d-5ac1-97c2-27ef7319a318,37afef41-bb1c-5cf0-baa3-20930847e7d9,92f41af8-7a88-5324-9fba-76dcf9641949,True,True
66af4ec3-aa5d-5ac1-97c2-27ef7319a318,572186a4-252b-5ff8-ba9d-acee52bdeab0,92f41af8-7a88-5324-9fba-76dcf9641949,True,True
66af4ec3-aa5d-5ac1-97c2-27ef7319a318,b73a50df-4d30-5df0-8bc8-231d11f15204,92f41af8-7a88-5324-9fba-76dcf9641949,True,True
66af4ec3-aa5d-5ac1-97c2-27ef7319a318,e200c9e4-d58f-5299-b589-25b744da4e2e,92f41af8-7a88-5324-9fba-76dcf9641949,True,True
66af4ec3-aa5d-5ac1-97c2-27ef7319a318,9d8459c5-8546-5c32-a311-aaf0dec7a32e,92f41af8-7a88-5324-9fba-76dcf9641949,True,True
66af4ec3-aa5d-5ac1-97c2-27ef7319a318,2f06ff5f-0bed-5704-8b81-c1d6efd305b6,92f41af8-7a88-5324-9fba-76dcf9641949,True,True
66af4ec3-aa5d-5ac1-97c2-27ef7319a318,40eb7720-3e64-5081-81e4-49c2d8f3baa5,92f41af8-7a88-5324-9fba-76dcf9641949,True,True
66af4ec3-aa5d-5ac1-97c2-27ef7319a318,f5ab19de-16d4-58f0-9182-51cf0fcbe1f4,92f41af8-7a88-5324-9fba-76dcf9641949,True,True
66af4ec3-aa5d-5ac1-97c2-27ef7319a318,5d34cded-4c88-5de0-95fc-6c55d3a47e7b,92f41af8-7a88-5324-9fba-76dcf9641949,True,True
66af4ec3-aa5d-5ac1-97c2-27ef7319a318,aafddf62-c1f6-54c2-8d1f-fc9c94254152,92f41af8-7a88-5324-9fba-76dcf9641949,True,True
66af4ec3-aa5d-5ac1-97c2-27ef7319a318,df15ebaf-59e2-5da2-b2c0-1570ea70e6e8,92f41af8-7a88-5324-9fba-76dcf9641949,True,True
66af4ec3-aa5d-5ac1-97c2-27ef7319a318,761257b7-10ac-5336-b5e7-403a8e26b48a,92f41af8-7a88-5324-9fba-76dcf9641949,True,True
66af4ec3-aa5d-5ac1-97c2-27ef7319a318,62a86aec-c82a-54f1-9e28-cd570df28813,92f41af8-7a88-5324-9fba-76dcf9641949,True,True
66af4ec3-aa5d-5ac1-97c2-27ef7319a318,c93197d6-897e-5667-a17d-6dc715f07fe3,92f41af8-7a88-5324-9fba-76dcf9641949,True,True
66af4ec3-aa5d-5ac1-97c2-27ef7319a318,1e17521e-6987-534e-8736-016f0be6c6ce,92f41af8-7a88-5324-9fba-76dcf9641949,True,True
66af4ec3-aa5d-5ac1-97c2-27ef7319a318,0a9e2ae6-b5ef-50dd-b3c6-019297ab039d,92f41af8-7a88-5324-9fba-76dcf9641949,True,True
66af4ec3-aa5d-5ac1-97c2-27ef7319a318,77e24415-77df-5a82-b444-974ff0909455,92f41af8-7a88-5324-9fba-76dcf9641949,True,True
66af4ec3-aa5d-5ac1-97c2-27ef7319a318,80c7d899-7456-5c70-ba1d-f22460dbc7e5,92f41af8-7a88-5324-9fba-76dcf9641949,True,True
66af4ec3-aa5d-5ac1-97c2-27ef7319a318,40087386-79a4-5c2f-b303-0e8249727191,92f41af8-7a88-5324-9fba-76dcf9641949,True,True
66af4ec3-aa5d-5ac1-97c2-27ef7319a318,a1a0c783-fe56-5846-82de-b22d16ab0aa2,92f41af8-7a88-5324-9fba-76dcf9641949,True,True
66af4ec3-aa5d-5ac1-97c2-27ef7319a318,3787e52a-3f1d-584c-bac6-f9b2a8e84751,92f41af8-7a88-5324-9fba-76dcf9641949,True,True
66af4ec3-aa5d-5ac1-97c2-27ef7319a318,7e02571b-b8b2-5740-b82b-d52f4464cce8,92f41af8-7a88-5324-9fba-76dcf9641949,True,True
66af4ec3-aa5d-5ac1-97c2-27ef7319a318,ab4d1031-7a40-5b64-9bb5-46fcee121059,92f41af8-7a88-5324-9fba-76dcf9641949,True,True
66af4ec3-aa5d-5ac1-97c2-27ef7319a318,793fef4c-2eee-5cd6-b092-e9dcde49cbfd,92f41af8-7a88-5324-9fba-76dcf9641949,True,True
66af4ec3-aa5d-5ac1-97c2-27ef7319a318,c03c2194-df04-5b53-bb5d-8064754550f4,92f41af8-7a88-5324-9fba-76dcf9641949,True,True
66af4ec3-aa5d-5ac1-97c2-27ef7319a318,ae11adeb-5b0f-5a1c-8c7d-26235de07f04,92f41af8-7a88-5324-9fba-76dcf9641949,True,True
66af4ec3-aa5d-5ac1-97c2-27ef7319a318,51fd61ec-8924-57fd-926d-90c99b3e61d9,92f41af8-7a88-5324-9fba-76dcf9641949,True,True
66af4ec3-aa5d-5ac1-97c2-27ef7319a318,ba0efdc0-df8c-5dd1-8d01-8b05d121e0e3,92f41af8-7a88-5324-9fba-76dcf9641949,True,True
66af4ec3-aa5d-5ac1-97c2-27ef7319a318,f5214cdc-99d0-54f8-b361-d50a938f7eb4,92f41af8-7a88-5324-9fba-76dcf9641949,True,True
66af4ec3-aa5d-5ac1-97c2-27ef7319a318,a2e1ddb3-4bf8-5f6a-9a43-4a526dd29626,92f41af8-7a88-5324-9fba-76dcf9641949,True,True
66af4ec3-aa5d-5ac1-97c2-27ef7319a318,b07d4d39-d5b8-5ef4-8dad-2edac087df45,92f41af8-7a88-5324-9fba-76dcf9641949,True,True
66af4ec3-aa5d-5ac1-97c2-27ef7319a318,38882c5c-7ee1-5584-a3cb-7340c423a78f,92f41af8-7a88-5324-9fba-76dcf9641949,True,True
66af4ec3-aa5d-5ac1-97c2-27ef7319a318,3803aafc-07ef-5efe-9a84-9fe9f15c0dd8,92f41af8-7a88-5324-9fba-76dcf9641949,True,True
66af4ec3-aa5d-5ac1-97c2-27ef7319a318,15c147bc-d42e-5d33-91ec-0688d2f6a84c,92f41af8-7a88-5324-9fba-76dcf9641949,True,True
66af4ec3-aa5d-5ac1-97c2-27ef7319a318,a05c1cb5-20dd-5d46-8b3e-5a22d93d432f,92f41af8-7a88-5324-9fba-76dcf9641949,True,True
66af4ec3-aa5d-5ac1-97c2-27ef7319a318,480d7d91-0983-5586-9ee6-2e045c393c83,92f41af8-7a88-5324-9fba-76dcf9641949,True,True
66af4ec3-aa5d-5ac1-97c2-27ef7319a318,e44ae969-bdf2-556e-9240-bc8b2b9a663b,92f41af8-7a88-5324-9fba-76dcf9641949,True,True
66af4ec3-aa5d-5ac1-97c2-27ef7319a318,993cce8c-20f5-50f2-9bbc-dacbd41f6f47,92f41af8-7a88-5324-9fba-76dcf9641949,True,True
66af4ec3-aa5d-5ac1-97c2-27ef7319a318,e84e3442-2154-5ad4-8743-5179ef453d7d,92f41af8-7a88-5324-9fba-76dcf9641949,True,True
66af4ec3-aa5d-5ac1-97c2-27ef7319a318,15f1d3c9-c1d1-59c1-a550-63baf79d5a9e,92f41af8-7a88-5324-9fba-76dcf9641949,True,True
66af4ec3-aa5d-5ac1-97c2-27ef7319a318,08acf529-e11d-5dcb-a66c-cbf393c9b4b8,92f41af8-7a88-5324-9fba-76dcf9641949,True,True
66af4ec3-aa5d-5ac1-97c2-27ef7319a318,44c04fa2-50aa-5312-a227-84e759028bf0,92f41af8-7a88-5324-9fba-76dcf9641949,True,True
66af4ec3-aa5d-5ac1-97c2-27ef7319a318,ee022f30-ef15-5777-b193-864ad6a8cc98,92f41af8-7a88-5324-9fba-76dcf9641949,True,True
66af4ec3-aa5d-5ac1-97c2-27ef7319a318,6ece1818-d804-5fcd-b9b1-53c35098cfdf,92f41af8-7a88-5324-9fba-76dcf9641949,True,True
66af4ec3-aa5d-5ac1-97c2-27ef7319a318,55ca7a83-4f8b-56ed-a9af-34b41d588f43,92f41af8-7a88-5324-9fba-76dcf9641949,True,True
66af4ec3-aa5d-5ac1-97c2-27ef7319a318,426cc7fe-90a6-5f81-94fb-9f6e861d32c8,92f41af8-7a88-5324-9fba-76dcf9641949,True,True
66af4ec3-aa5d-5ac1-97c2-27ef7319a318,13c964fb-0150-5a7f-88f1-f00d45495321,92f41af8-7a88-5324-9fba-76dcf9641949,True,True
66af4ec3-aa5d-5ac1-97c2-27ef7319a318,7c509bd0-6061-540d-95b5-03b62893e0de,92f41af8-7a88-5324-9fba-76dcf9641949,True,True
66af4ec3-aa5d-5ac1-97c2-27ef7319a318,6c235407-5e48-5751-8407-e5af2f96af56,92f41af8-7a88-5324-9fba-76dcf9641949,True,True
66af4ec3-aa5d-5ac1-97c2-27ef7319a318,352727ab-b959-5576-9a23-75d69ec9c978,92f41af8-7a88-5324-9fba-76dcf9641949,True,True
66af4ec3-aa5d-5ac1-97c2-27ef7319a318,6349f769-aebf-506e-beca-3244b6d3ba49,92f41af8-7a88-5324-9fba-76dcf9641949,True,True
66af4ec3-aa5d-5ac1-97c2-27ef7319a318,0708e38f-dd67-5479-93a4-198f1837d3d9,92f41af8-7a88-5324-9fba-76dcf9641949,True,True
66af4ec3-aa5d-5ac1-97c2-27ef7319a318,0bd28632-a3e8-5978-8e75-30778b20895a,92f41af8-7a88-5324-9fba-76dcf9641949,True,True
66af4ec3-aa5d-5ac1-97c2-27ef7319a318,a14ba086-de1f-5236-bb56-c7c79e284c30,92f41af8-7a88-5324-9fba-76dcf9641949,True,True
66af4ec3-aa5d-5ac1-97c2-27ef7319a318,5bb0d786-6979-56a3-882d-fd7c6c109020,92f41af8-7a88-5324-9fba-76dcf9641949,True,True
66af4ec3-aa5d-5ac1-97c2-27ef7319a318,6e8e3d2e-1a64-5c46-b97b-c6abb63bcb81,92f41af8-7a88-5324-9fba-76dcf9641949,True,True
66af4ec3-aa5d-5ac1-97c2-27ef7319a318,737848f5-ac96-52c6-a135-6ae76e69b98a,92f41af8-7a88-5324-9fba-76dcf9641949,True,True
66af4ec3-aa5d-5ac1-97c2-27ef7319a318,a6412a25-4b05-519d-aade-1205b9fb585e,92f41af8-7a88-5324-9fba-76dcf9641949,True,True
66af4ec3-aa5d-5ac1-97c2-27ef7319a318,33d44e3f-28d2-5789-858e-a67c06bbdb7e,92f41af8-7a88-5324-9fba-76dcf9641949,True,True
66af4ec3-aa5d-5ac1-97c2-27ef7319a318,c11a8822-6fa1-5beb-8f9c-7312499e9bea,92f41af8-7a88-5324-9fba-76dcf9641949,True,True
66af4ec3-aa5d-5ac1-97c2-27ef7319a318,bfbec3c5-6b16-5d55-a6ae-fa1186eb84f9,92f41af8-7a88-5324-9fba-76dcf9641949,True,True
66af4ec3-aa5d-5ac1-97c2-27ef7319a318,694a144c-f973-5e84-a745-fb9abb8925be,92f41af8-7a88-5324-9fba-76dcf9641949,True,True
66af4ec3-aa5d-5ac1-97c2-27ef7319a318,0be5af83-1f5d-5e24-9e13-8c88a8b37a52,92f41af8-7a88-5324-9fba-76dcf9641949,True,True
66af4ec3-aa5d-5ac1-97c2-27ef7319a318,28e8f83a-c890-5b0a-82e3-a1a429250539,92f41af8-7a88-5324-9fba-76dcf9641949,True,True
66af4ec3-aa5d-5ac1-97c2-27ef7319a318,5444666f-1a43-53f0-84c3-6dcb1a2bdab4,92f41af8-7a88-5324-9fba-76dcf9641949,True,True
66af4ec3-aa5d-5ac1-97c2-27ef7319a318,d1036961-f608-5b2e-9025-308e164eac1e,92f41af8-7a88-5324-9fba-76dcf9641949,True,True
66af4ec3-aa5d-5ac1-97c2-27ef7319a318,1103714a-b426-5b26-86bf-43745bbfb300,92f41af8-7a88-5324-9fba-76dcf9641949,True,True
66af4ec3-aa5d-5ac1-97c2-27ef7319a318,44a99f89-7fcb-59fa-aa9c-e4921a35db27,92f41af8-7a88-5324-9fba-76dcf9641949,True,True
66af4ec3-aa5d-5ac1-97c2-27ef7319a318,1644011f-3b2b-5c6e-9fe3-c9bdb8207b2f,92f41af8-7a88-5324-9fba-76dcf9641949,True,True
66af4ec3-aa5d-5ac1-97c2-27ef7319a318,42795e69-22cc-5872-886e-fdbb83c2af3f,92f41af8-7a88-5324-9fba-76dcf9641949,True,True
66af4ec3-aa5d-5ac1-97c2-27ef7319a318,cdeae7d7-2fcc-5f99-b4e0-bd629024e91c,92f41af8-7a88-5324-9fba-76dcf9641949,True,True
66af4ec3-aa5d-5ac1-97c2-27ef7319a318,fe5b80e0-6439-5d2f-a5c1-c87f3be29cc5,92f41af8-7a88-5324-9fba-76dcf9641949,True,True
66af4ec3-aa5d-5ac1-97c2-27ef7319a318,1b948fb2-fa8a-59be-bd77-bdfeb77f7905,92f41af8-7a88-5324-9fba-76dcf9641949,True,True
66af4ec3-aa5d-5ac1-97c2-27ef7319a318,7135ae6e-ec32-58c9-8d87-372c9b3ae437,92f41af8-7a88-5324-9fba-76dcf9641949,True,True
66af4ec3-aa5d-5ac1-97c2-27ef7319a318,e710845c-5031-516c-a49b-f32f274b9b7d,92f41af8-7a88-5324-9fba-76dcf9641949,True,True
66af4ec3-aa5d-5ac1-97c2-27ef7319a318,e65d3c6c-2ba8-5bc5-8664-7d3b11586adb,92f41af8-7a88-5324-9fba-76dcf9641949,True,True
66af4ec3-aa5d-5ac1-97c2-27ef7319a318,5b23cad2-0432-5879-b14b-517886756a7e,92f41af8-7a88-5324-9fba-76dcf9641949,True,True
66af4ec3-aa5d-5ac1-97c2-27ef7319a318,23e56172-edd1-58f8-b8e8-15e63cd67dd4,92f41af8-7a88-5324-9fba-76dcf9641949,True,True
66af4ec3-aa5d-5ac1-97c2-27ef7319a318,739b3d8f-0821-583d-8807-c66e127d6912,92f41af8-7a88-5324-9fba-76dcf9641949,True,True
66af4ec3-aa5d-5ac1-97c2-27ef7319a318,760d1d1a-2054-5388-acaa-d76209e489da,92f41af8-7a88-5324-9fba-76dcf9641949,True,True
66af4ec3-aa5d-5ac1-97c2-27ef7319a318,700242a6-b69f-55f0-be1b-563b41124485,92f41af8-7a88-5324-9fba-76dcf9641949,True,True
66af4ec3-aa5d-5ac1-97c2-27ef7319a318,a48e5456-cc25-55a7-8468-de1fbef437fd,92f41af8-7a88-5324-9fba-76dcf9641949,True,True
66af4ec3-aa5d-5ac1-97c2-27ef7319a318,396d6cdf-1fbb-56b1-a492-ef598ccd0433,92f41af8-7a88-5324-9fba-76dcf9641949,True,True
66af4ec3-aa5d-5ac1-97c2-27ef7319a318,2c20eca2-45fa-5954-9ccb-f07eed155636,92f41af8-7a88-5324-9fba-76dcf9641949,True,True
66af4ec3-aa5d-5ac1-97c2-27ef7319a318,b333f5f3-24c2-5d24-9a92-ffd976603d74,92f41af8-7a88-5324-9fba-76dcf9641949,True,True
66af4ec3-aa5d-5ac1-97c2-27ef7319a318,0b670a24-90df-50ec-99ef-20399d704074,92f41af8-7a88-5324-9fba-76dcf9641949,True,True
66af4ec3-aa5d-5ac1-97c2-27ef7319a318,cb5d3e5a-bd75-5519-8702-9d301946444d,92f41af8-7a88-5324-9fba-76dcf9641949,True,True
66af4ec3-aa5d-5ac1-97c2-27ef7319a318,288df741-a00b-5cb9-909c-55849132b6b3,92f41af8-7a88-5324-9fba-76dcf9641949,True,True
66af4ec3-aa5d-5ac1-97c2-27ef7319a318,ee995f94-1bcf-5e92-aef5-6e45b233ddaa,92f41af8-7a88-5324-9fba-76dcf9641949,True,True
66af4ec3-aa5d-5ac1-97c2-27ef7319a318,fbfc58ef-0cbd-5c8f-98a8-e9d3855ee9fd,92f41af8-7a88-5324-9fba-76dcf9641949,True,True
66af4ec3-aa5d-5ac1-97c2-27ef7319a318,925a9611-6285-5e4b-ac4c-2f0d2be3b03a,92f41af8-7a88-5324-9fba-76dcf9641949,True,True
66af4ec3-aa5d-5ac1-97c2-27ef7319a318,7ab89ee8-df50-5610-94ea-1b95c10e517f,92f41af8-7a88-5324-9fba-76dcf9641949,True,True
66af4ec3-aa5d-5ac1-97c2-27ef7319a318,e0b0d872-c34c-5496-921e-0f95dccf37f9,92f41af8-7a88-5324-9fba-76dcf9641949,True,True
66af4ec3-aa5d-5ac1-97c2-27ef7319a318,f4dd0636-8d39-51f9-975a-a92d674d0f6f,92f41af8-7a88-5324-9fba-76dcf9641949,True,True
66af4ec3-aa5d-5ac1-97c2-27ef7319a318,7b11cf18-8399-595b-bd87-3b8d2b1a7a6c,92f41af8-7a88-5324-9fba-76dcf9641949,True,True
66af4ec3-aa5d-5ac1-97c2-27ef7319a318,ce76d0f4-ba8e-57cf-beed-7b464293c3b6,92f41af8-7a88-5324-9fba-76dcf9641949,True,True
66af4ec3-aa5d-5ac1-97c2-27ef7319a318,8ac1f48b-5eb9-5737-a3ee-7b9eed725eea,92f41af8-7a88-5324-9fba-76dcf9641949,True,True
66af4ec3-aa5d-5ac1-97c2-27ef7319a318,dd1f9604-f5dc-5aaf-9932-0911e87923ac,92f41af8-7a88-5324-9fba-76dcf9641949,True,True
66af4ec3-aa5d-5ac1-97c2-27ef7319a318,9863344b-5d96-523d-841c-987f80ce445b,92f41af8-7a88-5324-9fba-76dcf9641949,True,True
66af4ec3-aa5d-5ac1-97c2-27ef7319a318,ce2eaad5-24d1-58b3-9ae5-0549400d834f,92f41af8-7a88-5324-9fba-76dcf9641949,True,True
66af4ec3-aa5d-5ac1-97c2-27ef7319a318,3aca9385-ad64-51bf-a69d-2b69f2dfbc27,92f41af8-7a88-5324-9fba-76dcf9641949,True,True
66af4ec3-aa5d-5ac1-97c2-27ef7319a318,2ffa9180-dda3-5b7e-9e52-421c34d318bb,92f41af8-7a88-5324-9fba-76dcf9641949,True,True
66af4ec3-aa5d-5ac1-97c2-27ef7319a318,c295f118-13bd-5803-bd48-90165b464e0d,92f41af8-7a88-5324-9fba-76dcf9641949,True,True
66af4ec3-aa5d-5ac1-97c2-27ef7319a318,e366daae-da7c-59f7-8f98-3df582a38f9b,92f41af8-7a88-5324-9fba-76dcf9641949,True,True
66af4ec3-aa5d-5ac1-97c2-27ef7319a318,4eb4c238-e670-5030-8aca-781cc8ba9cdd,92f41af8-7a88-5324-9fba-76dcf9641949,True,True
66af4ec3-aa5d-5ac1-97c2-27ef7319a318,3a397e9c-8173-5d9a-96d3-58d54924aeb5,92f41af8-7a88-5324-9fba-76dcf9641949,True,True
66af4ec3-aa5d-5ac1-97c2-27ef7319a318,b417e3b2-af74-5e1c-a77b-fc48e435b4f0,92f41af8-7a88-5324-9fba-76dcf9641949,True,True
66af4ec3-aa5d-5ac1-97c2-27ef7319a318,eacc3a00-8acc-520f-a885-418a53bb8c7e,92f41af8-7a88-5324-9fba-76dcf9641949,True,True
66af4ec3-aa5d-5ac1-97c2-27ef7319a318,df506aa2-8194-5e85-95a0-924a83f15fa8,92f41af8-7a88-5324-9fba-76dcf9641949,True,True
66af4ec3-aa5d-5ac1-97c2-27ef7319a318,5ec81c66-c44d-5a72-8aac-ad73d9fbfe17,92f41af8-7a88-5324-9fba-76dcf9641949,True,True
66af4ec3-aa5d-5ac1-97c2-27ef7319a318,e5cf28c1-faba-55eb-87ae-164ccfcb1b96,92f41af8-7a88-5324-9fba-76dcf9641949,True,True
66af4ec3-aa5d-5ac1-97c2-27ef7319a318,ebc49a5c-9752-57e2-9ae8-4231271ac9f6,92f41af8-7a88-5324-9fba-76dcf9641949,True,True
66af4ec3-aa5d-5ac1-97c2-27ef7319a318,afce8f57-3055-5a6e-b1aa-d25d3bd35227,92f41af8-7a88-5324-9fba-76dcf9641949,True,True
66af4ec3-aa5d-5ac1-97c2-27ef7319a318,2aa9ec6b-a6f8-58d6-b93d-9997847fee86,92f41af8-7a88-5324-9fba-76dcf9641949,True,True
66af4ec3-aa5d-5ac1-97c2-27ef7319a318,a5a58608-fbd4-5bf3-a1ca-90e06f8014c5,92f41af8-7a88-5324-9fba-76dcf9641949,True,True
66af4ec3-aa5d-5ac1-97c2-27ef7319a318,c4f4810e-327a-53b1-9fb8-5d4d64c2c312,92f41af8-7a88-5324-9fba-76dcf9641949,True,True
66af4ec3-aa5d-5ac1-97c2-27ef7319a318,f6038425-d514-5611-b825-b024fe923b28,92f41af8-7a88-5324-9fba-76dcf9641949,True,True
66af4ec3-aa5d-5ac1-97c2-27ef7319a318,da7a4e14-df8d-5ee0-ab38-fa38998293d2,92f41af8-7a88-5324-9fba-76dcf9641949,True,True
66af4ec3-aa5d-5ac1-97c2-27ef7319a318,3f35dc86-b610-5933-bae1-7b6e0e8e2491,92f41af8-7a88-5324-9fba-76dcf9641949,True,True
66af4ec3-aa5d-5ac1-97c2-27ef7319a318,91a6e8e6-586e-53d6-814a-804d782a70a2,92f41af8-7a88-5324-9fba-76dcf9641949,True,True
66af4ec3-aa5d-5ac1-97c2-27ef7319a318,ce0eab6d-40cd-5072-986a-abde490a5640,92f41af8-7a88-5324-9fba-76dcf9641949,True,True
66af4ec3-aa5d-5ac1-97c2-27ef7319a318,6949053b-5be7-5929-9313-a1a75590a0fc,92f41af8-7a88-5324-9fba-76dcf9641949,True,True
66af4ec3-aa5d-5ac1-97c2-27ef7319a318,fb759961-cf6d-5231-b2e9-3dc626d39065,92f41af8-7a88-5324-9fba-76dcf9641949,True,True
66af4ec3-aa5d-5ac1-97c2-27ef7319a318,5e065531-05f4-54f8-b763-dee2345d7cc2,92f41af8-7a88-5324-9fba-76dcf9641949,True,True
66af4ec3-aa5d-5ac1-97c2-27ef7319a318,ce911248-22cd-5bb9-8a9e-132b8a6e6291,92f41af8-7a88-5324-9fba-76dcf9641949,True,True
66af4ec3-aa5d-5ac1-97c2-27ef7319a318,f54d25c5-fcbe-5ea6-8c9a-e1aba0056991,92f41af8-7a88-5324-9fba-76dcf9641949,True,True
66af4ec3-aa5d-5ac1-97c2-27ef7319a318,7e95854b-ec3b-5ef0-86b6-6682b1a8f6f5,92f41af8-7a88-5324-9fba-76dcf9641949,True,True
66af4ec3-aa5d-5ac1-97c2-27ef7319a318,d9fe56e2-1c98-5719-ae30-d705e0dd18c9,92f41af8-7a88-5324-9fba-76dcf9641949,True,True
66af4ec3-aa5d-5ac1-97c2-27ef7319a318,05064d85-b126-537e-a1bc-4c51fe4a1637,92f41af8-7a88-5324-9fba-76dcf9641949,True,True
66af4ec3-aa5d-5ac1-97c2-27ef7319a318,85e2aa7c-c8a4-5e51-8e0a-5568e58c42ea,92f41af8-7a88-5324-9fba-76dcf9641949,True,True
66af4ec3-aa5d-5ac1-97c2-27ef7319a318,bc6787f0-7dd6-5dfc-8e1a-cdaf7e869323,92f41af8-7a88-5324-9fba-76dcf9641949,True,True
66af4ec3-aa5d-5ac1-97c2-27ef7319a318,4b8a5252-2eaa-5c87-a44d-abd7fc3573aa,92f41af8-7a88-5324-9fba-76dcf9641949,True,True
66af4ec3-aa5d-5ac1-97c2-27ef7319a318,4dbfd83c-228a-5881-8f9d-6286ca606455,92f41af8-7a88-5324-9fba-76dcf9641949,True,True
66af4ec3-aa5d-5ac1-97c2-27ef7319a318,25c60b40-3a0d-5946-aa3b-5a7f9d14bdf1,92f41af8-7a88-5324-9fba-76dcf9641949,True,True
66af4ec3-aa5d-5ac1-97c2-27ef7319a318,640cd011-2bb7-519c-942b-f75d78c33828,92f41af8-7a88-5324-9fba-76dcf9641949,True,True
66af4ec3-aa5d-5ac1-97c2-27ef7319a318,844af7ef-61ae-54c0-8c96-3e3a261020c5,92f41af8-7a88-5324-9fba-76dcf9641949,True,True
66af4ec3-aa5d-5ac1-97c2-27ef7319a318,3bc19492-0049-5a3f-aca5-e367ec88cf9f,92f41af8-7a88-5324-9fba-76dcf9641949,True,True
66af4ec3-aa5d-5ac1-97c2-27ef7319a318,cf8a057a-2e02-51a9-a411-c0d447cd10b6,92f41af8-7a88-5324-9fba-76dcf9641949,True,True
66af4ec3-aa5d-5ac1-97c2-27ef7319a318,53f30c66-1a58-55ac-96a0-d18c360c3949,92f41af8-7a88-5324-9fba-76dcf9641949,True,True
66af4ec3-aa5d-5ac1-97c2-27ef7319a318,e7633d0f-68c4-57bd-856b-6427e86c7f92,92f41af8-7a88-5324-9fba-76dcf9641949,True,True
66af4ec3-aa5d-5ac1-97c2-27ef7319a318,bbd114be-6725-50ca-b21a-a45549092d73,92f41af8-7a88-5324-9fba-76dcf9641949,True,True
66af4ec3-aa5d-5ac1-97c2-27ef7319a318,1014f837-0655-5942-a4d0-07d2c6dfedb7,92f41af8-7a88-5324-9fba-76dcf9641949,True,True
66af4ec3-aa5d-5ac1-97c2-27ef7319a318,4639a3e7-64bc-5bd6-92b1-696db291d410,92f41af8-7a88-5324-9fba-76dcf9641949,True,True
66af4ec3-aa5d-5ac1-97c2-27ef7319a318,a4c1c99d-eb56-5dc2-bbb7-30e87034af39,92f41af8-7a88-5324-9fba-76dcf9641949,True,True
66af4ec3-aa5d-5ac1-97c2-27ef7319a318,89c234b2-0dc9-579a-bee9-6eba052a18db,92f41af8-7a88-5324-9fba-76dcf9641949,True,True
66af4ec3-aa5d-5ac1-97c2-27ef7319a318,2f5bb231-8fa9-5284-b80f-bbe7f209a72a,92f41af8-7a88-5324-9fba-76dcf9641949,True,True
66af4ec3-aa5d-5ac1-97c2-27ef7319a318,1a41a4d9-d821-5bf0-8590-4cef82459d44,92f41af8-7a88-5324-9fba-76dcf9641949,True,True
66af4ec3-aa5d-5ac1-97c2-27ef7319a318,6bf21bc2-c3a1-528e-87ef-d9e7561342a5,92f41af8-7a88-5324-9fba-76dcf9641949,True,True
66af4ec3-aa5d-5ac1-97c2-27ef7319a318,4f1367cd-b2a1-5d55-9349-1344c6551e91,92f41af8-7a88-5324-9fba-76dcf9641949,True,True
66af4ec3-aa5d-5ac1-97c2-27ef7319a318,7237a673-8e0f-57b1-8596-a65e33c14e53,92f41af8-7a88-5324-9fba-76dcf9641949,True,True
66af4ec3-aa5d-5ac1-97c2-27ef7319a318,ad928f0b-9147-573c-8dab-6bb7c9d21b1e,92f41af8-7a88-5324-9fba-76dcf9641949,True,True
66af4ec3-aa5d-5ac1-97c2-27ef7319a318,89d50515-1525-5b63-b289-dc11561f6a7d,92f41af8-7a88-5324-9fba-76dcf9641949,True,True
66af4ec3-aa5d-5ac1-97c2-27ef7319a318,78cbf9bc-86da-5415-a6bc-b54db6f8a891,92f41af8-7a88-5324-9fba-76dcf9641949,True,True
66af4ec3-aa5d-5ac1-97c2-27ef7319a318,a9bb0d60-1078-5dc5-8431-d207f9409d03,92f41af8-7a88-5324-9fba-76dcf9641949,True,True
66af4ec3-aa5d-5ac1-97c2-27ef7319a318,d4d73a6b-1f87-5908-bbfb-f8b843ce2cca,92f41af8-7a88-5324-9fba-76dcf9641949,True,True
66af4ec3-aa5d-5ac1-97c2-27ef7319a318,2819da03-8c58-5cf3-b972-9743a6461f53,92f41af8-7a88-5324-9fba-76dcf9641949,True,True
66af4ec3-aa5d-5ac1-97c2-27ef7319a318,577d8c54-f6bd-5578-8eec-a1019e3d6ff4,92f41af8-7a88-5324-9fba-76dcf9641949,True,True
66af4ec3-aa5d-5ac1-97c2-27ef7319a318,72350a45-2971-5876-b845-794d1019681a,92f41af8-7a88-5324-9fba-76dcf9641949,True,True
66af4ec3-aa5d-5ac1-97c2-27ef7319a318,c4ab5dd0-a185-5464-89c4-ea4af5b3e500,92f41af8-7a88-5324-9fba-76dcf9641949,True,True
66af4ec3-aa5d-5ac1-97c2-27ef7319a318,53fc2141-c6f3-589e-9297-3d7606bebbf1,92f41af8-7a88-5324-9fba-76dcf9641949,True,True
66af4ec3-aa5d-5ac1-97c2-27ef7319a318,7eba1709-e949-531b-b6a3-5a1c52b7bad4,92f41af8-7a88-5324-9fba-76dcf9641949,True,True
66af4ec3-aa5d-5ac1-97c2-27ef7319a318,41b2b391-6abb-521a-8266-0331658c7544,92f41af8-7a88-5324-9fba-76dcf9641949,True,True
66af4ec3-aa5d-5ac1-97c2-27ef7319a318,93912819-1356-5822-a197-5a9566f05a7e,92f41af8-7a88-5324-9fba-76dcf9641949,True,True
66af4ec3-aa5d-5ac1-97c2-27ef7319a318,2aec0d8c-40fc-503b-b101-4153996c2d29,92f41af8-7a88-5324-9fba-76dcf9641949,True,True
66af4ec3-aa5d-5ac1-97c2-27ef7319a318,af100de3-544c-56d9-9f0c-a45434f1f04f,92f41af8-7a88-5324-9fba-76dcf9641949,True,True
66af4ec3-aa5d-5ac1-97c2-27ef7319a318,c184b516-7e95-5d24-8269-19e39c50ad1c,92f41af8-7a88-5324-9fba-76dcf9641949,True,True
66af4ec3-aa5d-5ac1-97c2-27ef7319a318,e23f2efe-50dc-5935-8e9c-6c9c08883bd6,92f41af8-7a88-5324-9fba-76dcf9641949,True,True
66af4ec3-aa5d-5ac1-97c2-27ef7319a318,1c08fe27-2665-5afd-a57e-641beed4f6e4,92f41af8-7a88-5324-9fba-76dcf9641949,True,True
66af4ec3-aa5d-5ac1-97c2-27ef7319a318,ee6d5995-7ea7-52d3-96f6-886b0ec2a171,92f41af8-7a88-5324-9fba-76dcf9641949,True,True
66af4ec3-aa5d-5ac1-97c2-27ef7319a318,b899d103-3c18-578f-887c-47b3e5570d49,92f41af8-7a88-5324-9fba-76dcf9641949,True,True
66af4ec3-aa5d-5ac1-97c2-27ef7319a318,c3c7da66-de0c-5e1d-bbfd-c45cfa3fdaab,92f41af8-7a88-5324-9fba-76dcf9641949,True,True
66af4ec3-aa5d-5ac1-97c2-27ef7319a318,92f463ae-4ff8-5e30-ab28-9ba08032b3a6,92f41af8-7a88-5324-9fba-76dcf9641949,True,True
66af4ec3-aa5d-5ac1-97c2-27ef7319a318,4b69efc2-146e-58f5-a10f-71ffd56fd2d4,92f41af8-7a88-5324-9fba-76dcf9641949,True,True
66af4ec3-aa5d-5ac1-97c2-27ef7319a318,025a743a-83da-57ab-bc34-f317084dedf0,92f41af8-7a88-5324-9fba-76dcf9641949,True,True
66af4ec3-aa5d-5ac1-97c2-27ef7319a318,e4cb5372-f714-5b3f-b311-d5befa0f2095,92f41af8-7a88-5324-9fba-76dcf9641949,True,True
66af4ec3-aa5d-5ac1-97c2-27ef7319a318,9771209a-2fc2-5aa6-a5ec-2e68e90cd277,92f41af8-7a88-5324-9fba-76dcf9641949,True,True
66af4ec3-aa5d-5ac1-97c2-27ef7319a318,9c5a78be-fe64-52fb-b68e-caa7179a8cc0,92f41af8-7a88-5324-9fba-76dcf9641949,True,True
66af4ec3-aa5d-5ac1-97c2-27ef7319a318,23467392-4e7f-5088-a1f1-f09cc1b2888c,92f41af8-7a88-5324-9fba-76dcf9641949,True,True
66af4ec3-aa5d-5ac1-97c2-27ef7319a318,9a410059-cb78-53e2-b664-9d574f347bef,92f41af8-7a88-5324-9fba-76dcf9641949,True,True
66af4ec3-aa5d-5ac1-97c2-27ef7319a318,b6e4320b-07ef-5cd1-a5cb-2ad3e2a26f47,92f41af8-7a88-5324-9fba-76dcf9641949,True,True
66af4ec3-aa5d-5ac1-97c2-27ef7319a318,2d81353d-ae56-5d1f-9c6c-e360a986f40a,92f41af8-7a88-5324-9fba-76dcf9641949,True,True
66af4ec3-aa5d-5ac1-97c2-27ef7319a318,0a68fe56-37df-5eae-aace-d6b5538e8180,92f41af8-7a88-5324-9fba-76dcf9641949,True,True
66af4ec3-aa5d-5ac1-97c2-27ef7319a318,38735b3c-9074-5aab-98bd-21eb055d9bca,92f41af8-7a88-5324-9fba-76dcf9641949,True,True
66af4ec3-aa5d-5ac1-97c2-27ef7319a318,939b2db2-5cc4-5850-be51-164fb1a5f822,92f41af8-7a88-5324-9fba-76dcf9641949,True,True
66af4ec3-aa5d-5ac1-97c2-27ef7319a318,7df03049-2a56-57ae-917a-4efe52c863de,92f41af8-7a88-5324-9fba-76dcf9641949,True,True
66af4ec3-aa5d-5ac1-97c2-27ef7319a318,5001b35f-1562-5bca-aca9-f988c3dbefe7,92f41af8-7a88-5324-9fba-76dcf9641949,True,True
66af4ec3-aa5d-5ac1-97c2-27ef7319a318,2389427d-0d48-503d-9842-38682220980a,92f41af8-7a88-5324-9fba-76dcf9641949,True,True
66af4ec3-aa5d-5ac1-97c2-27ef7319a318,6aea5d10-4b16-5c73-8615-6753be174e25,92f41af8-7a88-5324-9fba-76dcf9641949,True,True
66af4ec3-aa5d-5ac1-97c2-27ef7319a318,4427044c-f169-55fd-bb6f-21d63d1df4a8,92f41af8-7a88-5324-9fba-76dcf9641949,True,True
66af4ec3-aa5d-5ac1-97c2-27ef7319a318,cdd64a31-2b7c-5acf-abfd-e7e73914b5a4,92f41af8-7a88-5324-9fba-76dcf9641949,True,True
66af4ec3-aa5d-5ac1-97c2-27ef7319a318,2925b230-7bb2-52ec-beda-eb99a6ed42ea,92f41af8-7a88-5324-9fba-76dcf9641949,True,True
66af4ec3-aa5d-5ac1-97c2-27ef7319a318,ae5af376-d0bc-5914-990f-1138fee9feef,9a088ff8-4b51-50f0-9490-7e3cc6ff9c7d,True,True
66af4ec3-aa5d-5ac1-97c2-27ef7319a318,def2d2a8-e34a-5830-8304-b534bcad1959,9a088ff8-4b51-50f0-9490-7e3cc6ff9c7d,True,True
66af4ec3-aa5d-5ac1-97c2-27ef7319a318,5d3fa88f-b22f-590f-8a6f-55147f619acd,9a088ff8-4b51-50f0-9490-7e3cc6ff9c7d,True,True
66af4ec3-aa5d-5ac1-97c2-27ef7319a318,5a2ab454-a1a9-5713-8cdf-bd0fca147c00,9a088ff8-4b51-50f0-9490-7e3cc6ff9c7d,True,True
66af4ec3-aa5d-5ac1-97c2-27ef7319a318,b82d2547-106f-56a3-aa8a-620e63b0d778,9a088ff8-4b51-50f0-9490-7e3cc6ff9c7d,True,True
66af4ec3-aa5d-5ac1-97c2-27ef7319a318,0771415b-f0bc-5428-87ec-6f2b504f82c1,9a088ff8-4b51-50f0-9490-7e3cc6ff9c7d,True,True
66af4ec3-aa5d-5ac1-97c2-27ef7319a318,f756edc1-3127-52eb-a8e2-7a6b85145034,9a088ff8-4b51-50f0-9490-7e3cc6ff9c7d,True,True
66af4ec3-aa5d-5ac1-97c2-27ef7319a318,c6acd565-f0d1-5da9-99a5-28935563a3f6,9a088ff8-4b51-50f0-9490-7e3cc6ff9c7d,True,True
66af4ec3-aa5d-5ac1-97c2-27ef7319a318,3deccf73-7e3c-50b9-a9cc-7472e53ad184,9a088ff8-4b51-50f0-9490-7e3cc6ff9c7d,True,True
66af4ec3-aa5d-5ac1-97c2-27ef7319a318,a0d11ad6-5549-530d-bd87-3606aff0a316,9a088ff8-4b51-50f0-9490-7e3cc6ff9c7d,True,True
66af4ec3-aa5d-5ac1-97c2-27ef7319a318,77635e1d-73a8-5e13-bedb-9a1e73ad7941,9a088ff8-4b51-50f0-9490-7e3cc6ff9c7d,True,True
66af4ec3-aa5d-5ac1-97c2-27ef7319a318,da0133e3-bffb-5ec3-8d58-e3e20d7f15b4,9a088ff8-4b51-50f0-9490-7e3cc6ff9c7d,True,True
66af4ec3-aa5d-5ac1-97c2-27ef7319a318,c2f0589e-8a86-5e03-94d4-9c035ec1e1b0,9a088ff8-4b51-50f0-9490-7e3cc6ff9c7d,True,True
66af4ec3-aa5d-5ac1-97c2-27ef7319a318,c6548f8d-11f2-52a6-ada4-0b6356e0eaa0,9a088ff8-4b51-50f0-9490-7e3cc6ff9c7d,True,True
66af4ec3-aa5d-5ac1-97c2-27ef7319a318,471eeb35-b37f-5735-b255-8879cf5896cc,9a088ff8-4b51-50f0-9490-7e3cc6ff9c7d,True,True
66af4ec3-aa5d-5ac1-97c2-27ef7319a318,52135125-64d8-5f06-8921-9036be05cd88,9a088ff8-4b51-50f0-9490-7e3cc6ff9c7d,True,True
66af4ec3-aa5d-5ac1-97c2-27ef7319a318,55c5a496-30df-59ff-ac9b-638af902e5b9,9a088ff8-4b51-50f0-9490-7e3cc6ff9c7d,True,True
66af4ec3-aa5d-5ac1-97c2-27ef7319a318,5d797713-c4ff-5c40-afbc-619b79e5faeb,9a088ff8-4b51-50f0-9490-7e3cc6ff9c7d,True,True
66af4ec3-aa5d-5ac1-97c2-27ef7319a318,a090723e-65e3-5d8b-94ea-e8a160bf9344,9a088ff8-4b51-50f0-9490-7e3cc6ff9c7d,True,True
66af4ec3-aa5d-5ac1-97c2-27ef7319a318,80913d97-cac1-53f6-8c9f-c31174793365,9a088ff8-4b51-50f0-9490-7e3cc6ff9c7d,True,True
66af4ec3-aa5d-5ac1-97c2-27ef7319a318,269078bd-423d-558a-b5ba-dd0f8951a354,9a088ff8-4b51-50f0-9490-7e3cc6ff9c7d,True,True
66af4ec3-aa5d-5ac1-97c2-27ef7319a318,a3838768-e6f5-5992-9d00-e0a880aa73a4,9a088ff8-4b51-50f0-9490-7e3cc6ff9c7d,True,True
66af4ec3-aa5d-5ac1-97c2-27ef7319a318,3a170f0a-6b35-5d5e-aea9-dc94e5e06ace,9a088ff8-4b51-50f0-9490-7e3cc6ff9c7d,True,True
66af4ec3-aa5d-5ac1-97c2-27ef7319a318,30978336-c650-5aea-8fa4-9f41be17bb40,9a088ff8-4b51-50f0-9490-7e3cc6ff9c7d,True,True
66af4ec3-aa5d-5ac1-97c2-27ef7319a318,0de81eb8-0484-5308-9304-986d8dfebdfb,9a088ff8-4b51-50f0-9490-7e3cc6ff9c7d,True,True
66af4ec3-aa5d-5ac1-97c2-27ef7319a318,298d63fe-20bc-5f8c-a8c0-a8fbb589e84c,9a088ff8-4b51-50f0-9490-7e3cc6ff9c7d,True,True
66af4ec3-aa5d-5ac1-97c2-27ef7319a318,b9ca9a11-b155-55a5-93a9-47e84c59013c,9a088ff8-4b51-50f0-9490-7e3cc6ff9c7d,True,True
66af4ec3-aa5d-5ac1-97c2-27ef7319a318,bc0486a4-ec43-580a-b3f9-c313aa1f7fb7,9a088ff8-4b51-50f0-9490-7e3cc6ff9c7d,True,True
66af4ec3-aa5d-5ac1-97c2-27ef7319a318,8ae0ccd6-1ff4-5fa0-8afe-a97d4ac653c9,9a088ff8-4b51-50f0-9490-7e3cc6ff9c7d,True,True
66af4ec3-aa5d-5ac1-97c2-27ef7319a318,dacf2d19-d11e-5387-8a9e-b6c07e51ff0e,9a088ff8-4b51-50f0-9490-7e3cc6ff9c7d,True,True
66af4ec3-aa5d-5ac1-97c2-27ef7319a318,78d97624-e5db-5048-848d-5a216580ba52,9a088ff8-4b51-50f0-9490-7e3cc6ff9c7d,True,True
66af4ec3-aa5d-5ac1-97c2-27ef7319a318,58dcf8dc-b222-5106-99c8-27aaedea0351,9a088ff8-4b51-50f0-9490-7e3cc6ff9c7d,True,True
66af4ec3-aa5d-5ac1-97c2-27ef7319a318,337c48e5-ff61-5122-9453-73d1b16bba8b,9a088ff8-4b51-50f0-9490-7e3cc6ff9c7d,True,True
66af4ec3-aa5d-5ac1-97c2-27ef7319a318,74e7af2e-0dfd-5806-9aca-b5f3bf4684f1,9a088ff8-4b51-50f0-9490-7e3cc6ff9c7d,True,True
66af4ec3-aa5d-5ac1-97c2-27ef7319a318,25dda71a-73dd-51e2-958c-1f60c22d5d47,9a088ff8-4b51-50f0-9490-7e3cc6ff9c7d,True,True
66af4ec3-aa5d-5ac1-97c2-27ef7319a318,3d64fe2b-e23c-5d09-b651-c61962fdd6dc,9a088ff8-4b51-50f0-9490-7e3cc6ff9c7d,True,True
66af4ec3-aa5d-5ac1-97c2-27ef7319a318,ab330439-6887-557e-9ea7-6cfb9b5799a7,9a088ff8-4b51-50f0-9490-7e3cc6ff9c7d,True,True
66af4ec3-aa5d-5ac1-97c2-27ef7319a318,a16a3402-51cb-5703-8f9a-03606c96cb61,9a088ff8-4b51-50f0-9490-7e3cc6ff9c7d,True,True
66af4ec3-aa5d-5ac1-97c2-27ef7319a318,4d988e90-bf24-5a97-8f4e-13520fb96433,9a088ff8-4b51-50f0-9490-7e3cc6ff9c7d,True,True
66af4ec3-aa5d-5ac1-97c2-27ef7319a318,fdca1187-92df-5e17-b5f1-acc269d83de4,9a088ff8-4b51-50f0-9490-7e3cc6ff9c7d,True,True
66af4ec3-aa5d-5ac1-97c2-27ef7319a318,6266a0a8-515a-53c7-a26c-aee5ddbe0c23,9a088ff8-4b51-50f0-9490-7e3cc6ff9c7d,True,True
66af4ec3-aa5d-5ac1-97c2-27ef7319a318,8161e7ef-c0b9-5329-b7e8-d21f03564c25,9a088ff8-4b51-50f0-9490-7e3cc6ff9c7d,True,True
66af4ec3-aa5d-5ac1-97c2-27ef7319a318,47b1215a-3c62-550b-a243-8e09627c246c,9a088ff8-4b51-50f0-9490-7e3cc6ff9c7d,True,True
66af4ec3-aa5d-5ac1-97c2-27ef7319a318,6d8230a2-1b15-5ecb-b326-39243a98502b,9a088ff8-4b51-50f0-9490-7e3cc6ff9c7d,True,True
66af4ec3-aa5d-5ac1-97c2-27ef7319a318,2310528a-0c3b-517d-8e89-4b84feb982f0,9a088ff8-4b51-50f0-9490-7e3cc6ff9c7d,True,True
66af4ec3-aa5d-5ac1-97c2-27ef7319a318,cd77c349-1ba0-5bd3-9d47-d0ea691bf7f0,9a088ff8-4b51-50f0-9490-7e3cc6ff9c7d,True,True
66af4ec3-aa5d-5ac1-97c2-27ef7319a318,cb8e77d3-36a2-50a2-b4a2-7a2b548ef57f,9a088ff8-4b51-50f0-9490-7e3cc6ff9c7d,True,True
66af4ec3-aa5d-5ac1-97c2-27ef7319a318,5ebaa7af-69b4-569e-820e-d8d5b1ea2fd5,9a088ff8-4b51-50f0-9490-7e3cc6ff9c7d,True,True
66af4ec3-aa5d-5ac1-97c2-27ef7319a318,e94167c2-bc09-5a51-8c74-5afac0e05585,9a088ff8-4b51-50f0-9490-7e3cc6ff9c7d,True,True
66af4ec3-aa5d-5ac1-97c2-27ef7319a318,ccdaa116-635c-5379-afb8-240d5b230943,9a088ff8-4b51-50f0-9490-7e3cc6ff9c7d,True,True
66af4ec3-aa5d-5ac1-97c2-27ef7319a318,8818d59c-8356-50cc-9c20-4b804adef35a,9a088ff8-4b51-50f0-9490-7e3cc6ff9c7d,True,True
66af4ec3-aa5d-5ac1-97c2-27ef7319a318,8ae4ff37-b70d-53d3-ac3d-7f7f9834b9ca,9a088ff8-4b51-50f0-9490-7e3cc6ff9c7d,True,True
66af4ec3-aa5d-5ac1-97c2-27ef7319a318,f403b40c-8f93-5689-a4ec-559a0297679c,9a088ff8-4b51-50f0-9490-7e3cc6ff9c7d,True,True
66af4ec3-aa5d-5ac1-97c2-27ef7319a318,1fb5f099-62bc-5bf5-bae7-d1e786a65dc6,9a088ff8-4b51-50f0-9490-7e3cc6ff9c7d,True,True
66af4ec3-aa5d-5ac1-97c2-27ef7319a318,65f8d1bf-aa0f-575b-96eb-e11f51575daf,9a088ff8-4b51-50f0-9490-7e3cc6ff9c7d,True,True
66af4ec3-aa5d-5ac1-97c2-27ef7319a318,17068657-a29f-5d99-9e8d-7478ba7ba5de,9a088ff8-4b51-50f0-9490-7e3cc6ff9c7d,True,True
66af4ec3-aa5d-5ac1-97c2-27ef7319a318,ce0d5448-a42b-51f2-9d29-b2bc0be18636,9a088ff8-4b51-50f0-9490-7e3cc6ff9c7d,True,True
66af4ec3-aa5d-5ac1-97c2-27ef7319a318,182fbef8-a91e-56c4-b562-570a2a2a1d90,9a088ff8-4b51-50f0-9490-7e3cc6ff9c7d,True,True
66af4ec3-aa5d-5ac1-97c2-27ef7319a318,0669e11c-5af8-5e14-9124-fc726545b53b,9a088ff8-4b51-50f0-9490-7e3cc6ff9c7d,True,True
66af4ec3-aa5d-5ac1-97c2-27ef7319a318,f7d4b1e8-2865-55ee-a14a-b459db0284bf,9a088ff8-4b51-50f0-9490-7e3cc6ff9c7d,True,True
66af4ec3-aa5d-5ac1-97c2-27ef7319a318,43e0c30c-5072-5645-91fc-7e60c863806f,9a088ff8-4b51-50f0-9490-7e3cc6ff9c7d,True,True
66af4ec3-aa5d-5ac1-97c2-27ef7319a318,2c44729f-b986-5b78-aa56-921dd6e9b413,9a088ff8-4b51-50f0-9490-7e3cc6ff9c7d,True,True
66af4ec3-aa5d-5ac1-97c2-27ef7319a318,f307d759-c0ec-5c87-ab32-1742b36928e5,9a088ff8-4b51-50f0-9490-7e3cc6ff9c7d,True,True
66af4ec3-aa5d-5ac1-97c2-27ef7319a318,3b3c399b-9f51-5a59-ad14-f43bac38f18a,9a088ff8-4b51-50f0-9490-7e3cc6ff9c7d,True,True
66af4ec3-aa5d-5ac1-97c2-27ef7319a318,8860a738-ef84-50ec-883f-bb34fa5082ae,9a088ff8-4b51-50f0-9490-7e3cc6ff9c7d,True,True
66af4ec3-aa5d-5ac1-97c2-27ef7319a318,c38c978a-24fb-54a1-a630-65b85e6c2061,9a088ff8-4b51-50f0-9490-7e3cc6ff9c7d,True,True
66af4ec3-aa5d-5ac1-97c2-27ef7319a318,2ab66da5-dff3-5038-9c81-3b7674ecec11,9a088ff8-4b51-50f0-9490-7e3cc6ff9c7d,True,True
66af4ec3-aa5d-5ac1-97c2-27ef7319a318,6f07bb22-6f75-5a13-a9b2-fbc3018e6ba1,9a088ff8-4b51-50f0-9490-7e3cc6ff9c7d,True,True
66af4ec3-aa5d-5ac1-97c2-27ef7319a318,9bcd8ded-ac0d-50a6-a487-f4405f5a4779,9a088ff8-4b51-50f0-9490-7e3cc6ff9c7d,True,True
66af4ec3-aa5d-5ac1-97c2-27ef7319a318,2c4ec80a-886b-5b85-a9fd-cee64021cc78,9a088ff8-4b51-50f0-9490-7e3cc6ff9c7d,True,True
66af4ec3-aa5d-5ac1-97c2-27ef7319a318,6e6982c1-86fe-583f-92f1-368346ff9fa2,9a088ff8-4b51-50f0-9490-7e3cc6ff9c7d,True,True
66af4ec3-aa5d-5ac1-97c2-27ef7319a318,c092b7c4-63a0-523b-8ad6-cae441f61dc4,9a088ff8-4b51-50f0-9490-7e3cc6ff9c7d,True,True
66af4ec3-aa5d-5ac1-97c2-27ef7319a318,c01ad3b0-9568-5d69-bec4-d3e6ed7a993e,9a088ff8-4b51-50f0-9490-7e3cc6ff9c7d,True,True
66af4ec3-aa5d-5ac1-97c2-27ef7319a318,a06115bc-e283-5084-8537-a2327a3ac268,9a088ff8-4b51-50f0-9490-7e3cc6ff9c7d,True,True
66af4ec3-aa5d-5ac1-97c2-27ef7319a318,18857da6-9a45-548c-bc17-5b4a3ab16505,9a088ff8-4b51-50f0-9490-7e3cc6ff9c7d,True,True
66af4ec3-aa5d-5ac1-97c2-27ef7319a318,19b047e5-9cde-5aec-876b-ab5ff95e9d74,9a088ff8-4b51-50f0-9490-7e3cc6ff9c7d,True,True
66af4ec3-aa5d-5ac1-97c2-27ef7319a318,85f61e3b-5fb1-5681-af62-8d23a35ef690,9a088ff8-4b51-50f0-9490-7e3cc6ff9c7d,True,True
66af4ec3-aa5d-5ac1-97c2-27ef7319a318,1e59a021-6364-561e-996b-3ee871e1ddac,9a088ff8-4b51-50f0-9490-7e3cc6ff9c7d,True,True
66af4ec3-aa5d-5ac1-97c2-27ef7319a318,5792e835-b0cf-596b-8aa7-620b99816d30,9a088ff8-4b51-50f0-9490-7e3cc6ff9c7d,True,True
66af4ec3-aa5d-5ac1-97c2-27ef7319a318,c8fc3891-9c9d-5c6f-b8c7-2554f53cae27,9a088ff8-4b51-50f0-9490-7e3cc6ff9c7d,True,True
66af4ec3-aa5d-5ac1-97c2-27ef7319a318,3e5468a3-ce4e-578d-beea-24644eab2f79,9a088ff8-4b51-50f0-9490-7e3cc6ff9c7d,True,True
66af4ec3-aa5d-5ac1-97c2-27ef7319a318,b8200700-ab05-5c87-b012-cc1137b8096c,9a088ff8-4b51-50f0-9490-7e3cc6ff9c7d,True,True
66af4ec3-aa5d-5ac1-97c2-27ef7319a318,2b093f5b-af57-5239-b819-e5b021abe2a5,9a088ff8-4b51-50f0-9490-7e3cc6ff9c7d,True,True
66af4ec3-aa5d-5ac1-97c2-27ef7319a318,cd0ae15b-0fcf-59c8-abe3-13b501754b96,9a088ff8-4b51-50f0-9490-7e3cc6ff9c7d,True,True
66af4ec3-aa5d-5ac1-97c2-27ef7319a318,b748ec44-9209-5983-ab41-17d268039907,9a088ff8-4b51-50f0-9490-7e3cc6ff9c7d,True,True
66af4ec3-aa5d-5ac1-97c2-27ef7319a318,8398fde3-423a-58af-b73d-ba63e0c8859f,9a088ff8-4b51-50f0-9490-7e3cc6ff9c7d,True,True
66af4ec3-aa5d-5ac1-97c2-27ef7319a318,dd281682-65b7-5751-91e3-9ae2c57ae60a,9a088ff8-4b51-50f0-9490-7e3cc6ff9c7d,True,True
66af4ec3-aa5d-5ac1-97c2-27ef7319a318,ab3a421d-d2a9-5143-b30f-c7fea1f286e7,9a088ff8-4b51-50f0-9490-7e3cc6ff9c7d,True,True
66af4ec3-aa5d-5ac1-97c2-27ef7319a318,b21c921d-d5f0-5883-92a3-189c95281a37,9a088ff8-4b51-50f0-9490-7e3cc6ff9c7d,True,True
66af4ec3-aa5d-5ac1-97c2-27ef7319a318,5f579503-1b70-5110-8d2e-f3fa82ab4af0,9a088ff8-4b51-50f0-9490-7e3cc6ff9c7d,True,True
66af4ec3-aa5d-5ac1-97c2-27ef7319a318,e71ef327-6966-51aa-aaf9-7e5461a09715,9a088ff8-4b51-50f0-9490-7e3cc6ff9c7d,True,True
66af4ec3-aa5d-5ac1-97c2-27ef7319a318,14bdd118-89a8-5496-9126-655f56a2d048,9a088ff8-4b51-50f0-9490-7e3cc6ff9c7d,True,True
66af4ec3-aa5d-5ac1-97c2-27ef7319a318,9876d20d-500c-507e-91cb-f667dfd86556,9a088ff8-4b51-50f0-9490-7e3cc6ff9c7d,True,True
66af4ec3-aa5d-5ac1-97c2-27ef7319a318,3b9b7202-aef6-5b8b-b912-bd7159f5cfbc,9a088ff8-4b51-50f0-9490-7e3cc6ff9c7d,True,True
66af4ec3-aa5d-5ac1-97c2-27ef7319a318,4a72b1c3-3873-5ec6-af8d-a4e9c28de122,9a088ff8-4b51-50f0-9490-7e3cc6ff9c7d,True,True
66af4ec3-aa5d-5ac1-97c2-27ef7319a318,d970a8b1-a4f5-5ae9-97ec-d39b20a175c7,9a088ff8-4b51-50f0-9490-7e3cc6ff9c7d,True,True
66af4ec3-aa5d-5ac1-97c2-27ef7319a318,24f46ddc-7e43-5ae8-8ae2-3350c7a94720,9a088ff8-4b51-50f0-9490-7e3cc6ff9c7d,True,True
66af4ec3-aa5d-5ac1-97c2-27ef7319a318,76223e16-df82-54a5-a6eb-a944261b91d1,9a088ff8-4b51-50f0-9490-7e3cc6ff9c7d,True,True
66af4ec3-aa5d-5ac1-97c2-27ef7319a318,5676f8a9-e008-5c0f-9601-03022c31148c,9a088ff8-4b51-50f0-9490-7e3cc6ff9c7d,True,True
66af4ec3-aa5d-5ac1-97c2-27ef7319a318,cc4a2d8c-ea88-58d2-96a0-17a545890d8e,9a088ff8-4b51-50f0-9490-7e3cc6ff9c7d,True,True
66af4ec3-aa5d-5ac1-97c2-27ef7319a318,53c4b65a-8050-5dd6-8d56-66f517fbb94d,9a088ff8-4b51-50f0-9490-7e3cc6ff9c7d,True,True
66af4ec3-aa5d-5ac1-97c2-27ef7319a318,40cca540-eda1-50f4-83fb-9d59d006220d,9a088ff8-4b51-50f0-9490-7e3cc6ff9c7d,True,True
66af4ec3-aa5d-5ac1-97c2-27ef7319a318,3a2a4796-691f-5a9c-8552-2322df83578d,9a088ff8-4b51-50f0-9490-7e3cc6ff9c7d,True,True
66af4ec3-aa5d-5ac1-97c2-27ef7319a318,02861fbf-aecd-5407-aed7-ca9682fa349f,9a088ff8-4b51-50f0-9490-7e3cc6ff9c7d,True,True
66af4ec3-aa5d-5ac1-97c2-27ef7319a318,662cbc90-0c2f-5ac3-af91-119af99c86df,9a088ff8-4b51-50f0-9490-7e3cc6ff9c7d,True,True
66af4ec3-aa5d-5ac1-97c2-27ef7319a318,db5566db-877a-5bc3-8df3-56d81198e92c,9a088ff8-4b51-50f0-9490-7e3cc6ff9c7d,True,True
66af4ec3-aa5d-5ac1-97c2-27ef7319a318,58e5d5b5-5367-54d5-9107-bc045a3ac888,9a088ff8-4b51-50f0-9490-7e3cc6ff9c7d,True,True
66af4ec3-aa5d-5ac1-97c2-27ef7319a318,a1b6b43d-1f0c-5836-bd18-04efa95b296b,9a088ff8-4b51-50f0-9490-7e3cc6ff9c7d,True,True
66af4ec3-aa5d-5ac1-97c2-27ef7319a318,c8423bcd-a68d-5b9f-ab51-5556bb472406,9a088ff8-4b51-50f0-9490-7e3cc6ff9c7d,True,True
66af4ec3-aa5d-5ac1-97c2-27ef7319a318,82cb0fa4-8164-517e-b327-23b0e7c6a68c,9a088ff8-4b51-50f0-9490-7e3cc6ff9c7d,True,True
66af4ec3-aa5d-5ac1-97c2-27ef7319a318,1b5b0063-c70d-5971-95a5-6451dbb7f3bc,9a088ff8-4b51-50f0-9490-7e3cc6ff9c7d,True,True
66af4ec3-aa5d-5ac1-97c2-27ef7319a318,834814cf-8150-5ddb-afe4-6a47065fcdc8,9a088ff8-4b51-50f0-9490-7e3cc6ff9c7d,True,True
66af4ec3-aa5d-5ac1-97c2-27ef7319a318,9ab20cc2-3508-5cd6-b9cb-75e85d33b91c,9a088ff8-4b51-50f0-9490-7e3cc6ff9c7d,True,True
66af4ec3-aa5d-5ac1-97c2-27ef7319a318,b91fea6b-47a3-5783-93c0-f77f4613606b,9a088ff8-4b51-50f0-9490-7e3cc6ff9c7d,True,True
66af4ec3-aa5d-5ac1-97c2-27ef7319a318,3a70efc6-6064-5b0a-8e2a-d8361d1be0e0,9a088ff8-4b51-50f0-9490-7e3cc6ff9c7d,True,True
66af4ec3-aa5d-5ac1-97c2-27ef7319a318,259045ef-c024-5e2c-b8bc-24747ac31550,9a088ff8-4b51-50f0-9490-7e3cc6ff9c7d,True,True
66af4ec3-aa5d-5ac1-97c2-27ef7319a318,29b32b16-4833-5ebc-a78f-66263cf9d8fd,9a088ff8-4b51-50f0-9490-7e3cc6ff9c7d,True,True
66af4ec3-aa5d-5ac1-97c2-27ef7319a318,7e85e057-6874-5ad4-b6ce-a71942e03ae1,9a088ff8-4b51-50f0-9490-7e3cc6ff9c7d,True,True
66af4ec3-aa5d-5ac1-97c2-27ef7319a318,be2ecfa4-ffca-56fe-af87-8f05324c6acc,9a088ff8-4b51-50f0-9490-7e3cc6ff9c7d,True,True
66af4ec3-aa5d-5ac1-97c2-27ef7319a318,83e81913-8b64-5bb4-894b-edfe1611250c,9a088ff8-4b51-50f0-9490-7e3cc6ff9c7d,True,True
66af4ec3-aa5d-5ac1-97c2-27ef7319a318,429c1654-590d-5aa9-a778-5b567864c535,9a088ff8-4b51-50f0-9490-7e3cc6ff9c7d,True,True
66af4ec3-aa5d-5ac1-97c2-27ef7319a318,f3a9aa13-85c0-517d-a7c1-153178832b90,9a088ff8-4b51-50f0-9490-7e3cc6ff9c7d,True,True
66af4ec3-aa5d-5ac1-97c2-27ef7319a318,188d5e4b-ac01-5411-afa8-7e5dd30b6a68,9a088ff8-4b51-50f0-9490-7e3cc6ff9c7d,True,True
66af4ec3-aa5d-5ac1-97c2-27ef7319a318,5ae24a5e-b214-5812-83f4-cd34ec6db053,9a088ff8-4b51-50f0-9490-7e3cc6ff9c7d,True,True
66af4ec3-aa5d-5ac1-97c2-27ef7319a318,e7ff9362-a3ec-54b7-b4c6-09a082429e6d,9a088ff8-4b51-50f0-9490-7e3cc6ff9c7d,True,True
66af4ec3-aa5d-5ac1-97c2-27ef7319a318,2d067d9c-64f8-5dbf-9a9a-706b0be9fc4c,9a088ff8-4b51-50f0-9490-7e3cc6ff9c7d,True,True
66af4ec3-aa5d-5ac1-97c2-27ef7319a318,14314e23-c9c8-5d6b-aa34-3b94a23202ef,9a088ff8-4b51-50f0-9490-7e3cc6ff9c7d,True,True
66af4ec3-aa5d-5ac1-97c2-27ef7319a318,86461973-deec-5a1d-a531-f31bc129268e,9a088ff8-4b51-50f0-9490-7e3cc6ff9c7d,True,True
66af4ec3-aa5d-5ac1-97c2-27ef7319a318,7bab352d-0c0c-5244-9dcf-d52778e58a9a,9a088ff8-4b51-50f0-9490-7e3cc6ff9c7d,True,True
66af4ec3-aa5d-5ac1-97c2-27ef7319a318,a9395cbf-6940-5139-9db7-a51534f18944,9a088ff8-4b51-50f0-9490-7e3cc6ff9c7d,True,True
66af4ec3-aa5d-5ac1-97c2-27ef7319a318,b7c465e5-452d-5abb-9a97-363b433753ed,9a088ff8-4b51-50f0-9490-7e3cc6ff9c7d,True,True
66af4ec3-aa5d-5ac1-97c2-27ef7319a318,c66a8f11-dff2-50a4-b010-19167c440ba9,9a088ff8-4b51-50f0-9490-7e3cc6ff9c7d,True,True
66af4ec3-aa5d-5ac1-97c2-27ef7319a318,db5e141e-4dd1-5cf9-9b05-928f33bcd08f,9a088ff8-4b51-50f0-9490-7e3cc6ff9c7d,True,True
66af4ec3-aa5d-5ac1-97c2-27ef7319a318,5e7d10c8-f5eb-588a-a3b5-9938af9a3cdd,9a088ff8-4b51-50f0-9490-7e3cc6ff9c7d,True,True
66af4ec3-aa5d-5ac1-97c2-27ef7319a318,3b1ec702-fd99-5d4f-a115-6206aa16999a,9a088ff8-4b51-50f0-9490-7e3cc6ff9c7d,True,True
66af4ec3-aa5d-5ac1-97c2-27ef7319a318,4817802b-382a-5367-aedf-a132709d0a19,9a088ff8-4b51-50f0-9490-7e3cc6ff9c7d,True,True
66af4ec3-aa5d-5ac1-97c2-27ef7319a318,a8193a0d-d3c9-5693-b918-cfcc7a77326e,9a088ff8-4b51-50f0-9490-7e3cc6ff9c7d,True,True
66af4ec3-aa5d-5ac1-97c2-27ef7319a318,fd12995e-ab24-5022-8a27-6cc11a24acdb,9a088ff8-4b51-50f0-9490-7e3cc6ff9c7d,True,True
66af4ec3-aa5d-5ac1-97c2-27ef7319a318,787eeb68-355c-5d59-bddf-d48e6ac0ef9a,9a088ff8-4b51-50f0-9490-7e3cc6ff9c7d,True,True
66af4ec3-aa5d-5ac1-97c2-27ef7319a318,256cf766-c8ee-5aad-8855-f5411d339d55,9a088ff8-4b51-50f0-9490-7e3cc6ff9c7d,True,True
66af4ec3-aa5d-5ac1-97c2-27ef7319a318,a6038a86-3d5d-512a-9073-ed1f5d280cab,9a088ff8-4b51-50f0-9490-7e3cc6ff9c7d,True,True
66af4ec3-aa5d-5ac1-97c2-27ef7319a318,80c3475a-ce5a-5f8d-a070-45f4924b9ddb,9a088ff8-4b51-50f0-9490-7e3cc6ff9c7d,True,True
66af4ec3-aa5d-5ac1-97c2-27ef7319a318,f7642e23-04a3-541e-9cf1-a66f8a4046f0,9a088ff8-4b51-50f0-9490-7e3cc6ff9c7d,True,True
66af4ec3-aa5d-5ac1-97c2-27ef7319a318,6c4ce18b-5792-5c56-8cd2-f0d7ec93d4cd,9a088ff8-4b51-50f0-9490-7e3cc6ff9c7d,True,True
66af4ec3-aa5d-5ac1-97c2-27ef7319a318,aa850179-8d89-5e7c-830e-b97c9fa28118,9a088ff8-4b51-50f0-9490-7e3cc6ff9c7d,True,True
66af4ec3-aa5d-5ac1-97c2-27ef7319a318,3e938aa9-a211-595c-949b-f7421ad4efec,9a088ff8-4b51-50f0-9490-7e3cc6ff9c7d,True,True
66af4ec3-aa5d-5ac1-97c2-27ef7319a318,d0c3ff8e-2b53-57ff-b88c-0582eb259f49,9a088ff8-4b51-50f0-9490-7e3cc6ff9c7d,True,True
66af4ec3-aa5d-5ac1-97c2-27ef7319a318,53313026-14ea-537f-ae71-4c84be063ad4,9a088ff8-4b51-50f0-9490-7e3cc6ff9c7d,True,True
66af4ec3-aa5d-5ac1-97c2-27ef7319a318,f1299eeb-80a9-53ad-9046-4dbc9c9c7be2,9a088ff8-4b51-50f0-9490-7e3cc6ff9c7d,True,True
66af4ec3-aa5d-5ac1-97c2-27ef7319a318,4c401e47-1010-5668-8c1c-a316f03e531a,9a088ff8-4b51-50f0-9490-7e3cc6ff9c7d,True,True
66af4ec3-aa5d-5ac1-97c2-27ef7319a318,c793583d-1e70-5138-a51a-d576a946b1ad,9a088ff8-4b51-50f0-9490-7e3cc6ff9c7d,True,True
66af4ec3-aa5d-5ac1-97c2-27ef7319a318,aa5f712c-7f1f-5c9c-89f9-06cc605f6525,9a088ff8-4b51-50f0-9490-7e3cc6ff9c7d,True,True
66af4ec3-aa5d-5ac1-97c2-27ef7319a318,05d1cda5-e9a7-5a92-b280-8e05b4e4e92f,9a088ff8-4b51-50f0-9490-7e3cc6ff9c7d,True,True
66af4ec3-aa5d-5ac1-97c2-27ef7319a318,2b6da195-f085-5061-a7ab-12e0b24280dd,9a088ff8-4b51-50f0-9490-7e3cc6ff9c7d,True,True
66af4ec3-aa5d-5ac1-97c2-27ef7319a318,f5f773da-1237-5e82-bd0b-545fb076f02c,9a088ff8-4b51-50f0-9490-7e3cc6ff9c7d,True,True
66af4ec3-aa5d-5ac1-97c2-27ef7319a318,34c213ca-bbbf-5a81-95f4-98a411848fe4,9a088ff8-4b51-50f0-9490-7e3cc6ff9c7d,True,True
66af4ec3-aa5d-5ac1-97c2-27ef7319a318,26001f6a-9197-5764-a8e6-7901b60ba14f,9a088ff8-4b51-50f0-9490-7e3cc6ff9c7d,True,True
66af4ec3-aa5d-5ac1-97c2-27ef7319a318,a588b6c5-1fd3-5048-964b-301022d84974,9a088ff8-4b51-50f0-9490-7e3cc6ff9c7d,True,True
66af4ec3-aa5d-5ac1-97c2-27ef7319a318,3e106e3b-3829-503c-9a8e-87448892614f,9a088ff8-4b51-50f0-9490-7e3cc6ff9c7d,True,True
66af4ec3-aa5d-5ac1-97c2-27ef7319a318,8b8061a4-0d6b-5cab-a10c-f0c05af23f96,9a088ff8-4b51-50f0-9490-7e3cc6ff9c7d,True,True
66af4ec3-aa5d-5ac1-97c2-27ef7319a318,c47e5964-2a45-5795-aebd-f0f266fe9eed,9a088ff8-4b51-50f0-9490-7e3cc6ff9c7d,True,True
66af4ec3-aa5d-5ac1-97c2-27ef7319a318,4b8686e8-0718-5336-b83d-685b4e241753,9a088ff8-4b51-50f0-9490-7e3cc6ff9c7d,True,True
66af4ec3-aa5d-5ac1-97c2-27ef7319a318,f6de217e-c06a-5e54-aa72-cf48fca5c46d,9a088ff8-4b51-50f0-9490-7e3cc6ff9c7d,True,True
66af4ec3-aa5d-5ac1-97c2-27ef7319a318,2200bbd9-2c40-55c0-b53e-c5bf6fab81dd,9a088ff8-4b51-50f0-9490-7e3cc6ff9c7d,True,True
66af4ec3-aa5d-5ac1-97c2-27ef7319a318,bdc384b8-b6f6-532c-86e8-76b9cc5eb56a,9a088ff8-4b51-50f0-9490-7e3cc6ff9c7d,True,True
66af4ec3-aa5d-5ac1-97c2-27ef7319a318,753954f1-389e-572d-9227-f9a115a7ed3c,9a088ff8-4b51-50f0-9490-7e3cc6ff9c7d,True,True
66af4ec3-aa5d-5ac1-97c2-27ef7319a318,f9d43790-f0c8-524c-9e40-e11993a9160d,9a088ff8-4b51-50f0-9490-7e3cc6ff9c7d,True,True
66af4ec3-aa5d-5ac1-97c2-27ef7319a318,effd6957-e420-5b60-a7f3-6395b6fc8ce6,9a088ff8-4b51-50f0-9490-7e3cc6ff9c7d,True,True
66af4ec3-aa5d-5ac1-97c2-27ef7319a318,8583a6cf-cb77-5711-ac9f-469db2226a53,9a088ff8-4b51-50f0-9490-7e3cc6ff9c7d,True,True
66af4ec3-aa5d-5ac1-97c2-27ef7319a318,17becc2d-a8ca-5022-abe7-7694e68a6363,9a088ff8-4b51-50f0-9490-7e3cc6ff9c7d,True,True
66af4ec3-aa5d-5ac1-97c2-27ef7319a318,05050d05-186d-5457-94a4-30dd466ac5d3,9a088ff8-4b51-50f0-9490-7e3cc6ff9c7d,True,True
66af4ec3-aa5d-5ac1-97c2-27ef7319a318,4c40dfec-caef-5bb7-9ae0-2cec112bec02,9a088ff8-4b51-50f0-9490-7e3cc6ff9c7d,True,True
66af4ec3-aa5d-5ac1-97c2-27ef7319a318,dded2e9d-4079-549a-8283-960ef5a9206c,9a088ff8-4b51-50f0-9490-7e3cc6ff9c7d,True,True
66af4ec3-aa5d-5ac1-97c2-27ef7319a318,b0a598b2-9d4e-52f7-b695-a603af41d42c,9a088ff8-4b51-50f0-9490-7e3cc6ff9c7d,True,True
66af4ec3-aa5d-5ac1-97c2-27ef7319a318,d9b95cbc-e8a9-5914-8ab8-65135bc0f286,9a088ff8-4b51-50f0-9490-7e3cc6ff9c7d,True,True
66af4ec3-aa5d-5ac1-97c2-27ef7319a318,6c7ea8b7-bfaf-55ba-ba29-86033e46df27,9a088ff8-4b51-50f0-9490-7e3cc6ff9c7d,True,True
66af4ec3-aa5d-5ac1-97c2-27ef7319a318,940adafc-8b66-55d3-87a1-937bc028576b,9a088ff8-4b51-50f0-9490-7e3cc6ff9c7d,True,True
66af4ec3-aa5d-5ac1-97c2-27ef7319a318,ede24b0e-95c3-5530-92d0-9cfe417c49f4,9a088ff8-4b51-50f0-9490-7e3cc6ff9c7d,True,True
66af4ec3-aa5d-5ac1-97c2-27ef7319a318,ff6aaac4-37dd-5f30-943b-31a569489ad6,9a088ff8-4b51-50f0-9490-7e3cc6ff9c7d,True,True
66af4ec3-aa5d-5ac1-97c2-27ef7319a318,d0e6c9b1-3376-5420-ad13-044a3c578b30,9a088ff8-4b51-50f0-9490-7e3cc6ff9c7d,True,True
66af4ec3-aa5d-5ac1-97c2-27ef7319a318,afa022de-8ad1-579f-80bd-855130d2873c,9a088ff8-4b51-50f0-9490-7e3cc6ff9c7d,True,True
66af4ec3-aa5d-5ac1-97c2-27ef7319a318,0453c9b6-cbe7-5f3f-a11c-b8a8f230ca13,9a088ff8-4b51-50f0-9490-7e3cc6ff9c7d,True,True
66af4ec3-aa5d-5ac1-97c2-27ef7319a318,3bf17df8-9491-5a45-a1ac-9526a0a8125f,9a088ff8-4b51-50f0-9490-7e3cc6ff9c7d,True,True
66af4ec3-aa5d-5ac1-97c2-27ef7319a318,1f7b6041-3047-5672-a552-5991f9c011fa,9a088ff8-4b51-50f0-9490-7e3cc6ff9c7d,True,True
66af4ec3-aa5d-5ac1-97c2-27ef7319a318,c01d614e-856c-54be-8ae2-375b03709adf,9a088ff8-4b51-50f0-9490-7e3cc6ff9c7d,True,True
66af4ec3-aa5d-5ac1-97c2-27ef7319a318,cf087824-fb5c-5169-bee3-54b6769caffc,9a088ff8-4b51-50f0-9490-7e3cc6ff9c7d,True,True
66af4ec3-aa5d-5ac1-97c2-27ef7319a318,f30f3b8d-6c94-508a-87ca-9d9d1eec79b2,9a088ff8-4b51-50f0-9490-7e3cc6ff9c7d,True,True
66af4ec3-aa5d-5ac1-97c2-27ef7319a318,41622ee8-066e-5c09-a15f-28f6aaec3081,9a088ff8-4b51-50f0-9490-7e3cc6ff9c7d,True,True
66af4ec3-aa5d-5ac1-97c2-27ef7319a318,e8b37e61-8170-5c93-8df8-4161632fa17f,9a088ff8-4b51-50f0-9490-7e3cc6ff9c7d,True,True
66af4ec3-aa5d-5ac1-97c2-27ef7319a318,1dd5608d-15db-5fbb-905d-b18e3df3c2e9,9a088ff8-4b51-50f0-9490-7e3cc6ff9c7d,True,True
66af4ec3-aa5d-5ac1-97c2-27ef7319a318,9e6d7b13-19b3-5f5f-a024-796c8bda644e,9a088ff8-4b51-50f0-9490-7e3cc6ff9c7d,True,True
66af4ec3-aa5d-5ac1-97c2-27ef7319a318,7af73b3b-0dcf-5537-9c34-8615e347bff5,9a088ff8-4b51-50f0-9490-7e3cc6ff9c7d,True,True
66af4ec3-aa5d-5ac1-97c2-27ef7319a318,7966cb26-fb04-5825-9021-1b9c439d025e,9a088ff8-4b51-50f0-9490-7e3cc6ff9c7d,True,True
66af4ec3-aa5d-5ac1-97c2-27ef7319a318,29047405-674b-5f1d-b480-763b92fa3ebd,9a088ff8-4b51-50f0-9490-7e3cc6ff9c7d,True,True
66af4ec3-aa5d-5ac1-97c2-27ef7319a318,d8b4a098-c7ed-54b0-9a2d-1b74b67ca24a,9a088ff8-4b51-50f0-9490-7e3cc6ff9c7d,True,True
66af4ec3-aa5d-5ac1-97c2-27ef7319a318,935ad80e-d3f3-52b1-b24e-e33bd16e5ac2,9a088ff8-4b51-50f0-9490-7e3cc6ff9c7d,True,True
66af4ec3-aa5d-5ac1-97c2-27ef7319a318,d68b138e-9cff-5392-82c4-c72da668c9ca,9a088ff8-4b51-50f0-9490-7e3cc6ff9c7d,True,True
66af4ec3-aa5d-5ac1-97c2-27ef7319a318,803bbfe2-0b17-5dbb-849c-f1e8c47eb06f,9a088ff8-4b51-50f0-9490-7e3cc6ff9c7d,True,True
66af4ec3-aa5d-5ac1-97c2-27ef7319a318,5f1b2d26-c9e1-548c-861e-c1d1d56925b9,9a088ff8-4b51-50f0-9490-7e3cc6ff9c7d,True,True
66af4ec3-aa5d-5ac1-97c2-27ef7319a318,cf34f8f3-bbc3-5d7e-92ce-6a002c50a589,9a088ff8-4b51-50f0-9490-7e3cc6ff9c7d,True,True
66af4ec3-aa5d-5ac1-97c2-27ef7319a318,b6c59d65-f1d3-525c-82bf-68c1745a8674,9a088ff8-4b51-50f0-9490-7e3cc6ff9c7d,True,True
66af4ec3-aa5d-5ac1-97c2-27ef7319a318,b7ef6e67-b216-5961-8374-5eb4bc8fec86,9a088ff8-4b51-50f0-9490-7e3cc6ff9c7d,True,True
66af4ec3-aa5d-5ac1-97c2-27ef7319a318,ebb7778b-5d7b-5729-9225-ed69b581adcb,9a088ff8-4b51-50f0-9490-7e3cc6ff9c7d,True,True
66af4ec3-aa5d-5ac1-97c2-27ef7319a318,b45980ef-dd18-5341-87d4-ef3276363d39,9a088ff8-4b51-50f0-9490-7e3cc6ff9c7d,True,True
66af4ec3-aa5d-5ac1-97c2-27ef7319a318,64f4f3f5-5b0e-5726-a50e-1c4163860a9f,9a088ff8-4b51-50f0-9490-7e3cc6ff9c7d,True,True
66af4ec3-aa5d-5ac1-97c2-27ef7319a318,5a823a6e-cf16-580e-b805-d5560edf1439,9a088ff8-4b51-50f0-9490-7e3cc6ff9c7d,True,True
66af4ec3-aa5d-5ac1-97c2-27ef7319a318,79de9b5c-c618-5a77-9d19-f8a7e55bbec9,9a088ff8-4b51-50f0-9490-7e3cc6ff9c7d,True,True
66af4ec3-aa5d-5ac1-97c2-27ef7319a318,dd08fb5e-a7fa-56ae-bae9-10d8f457f4a2,9a088ff8-4b51-50f0-9490-7e3cc6ff9c7d,True,True
66af4ec3-aa5d-5ac1-97c2-27ef7319a318,74958500-e62b-531a-9b0f-f0daff06f828,9a088ff8-4b51-50f0-9490-7e3cc6ff9c7d,True,True
66af4ec3-aa5d-5ac1-97c2-27ef7319a318,fe624e8e-32cd-58be-a2ab-97652f31f4d9,9a088ff8-4b51-50f0-9490-7e3cc6ff9c7d,True,True
66af4ec3-aa5d-5ac1-97c2-27ef7319a318,82cb0ca7-b21b-50ae-b63f-b7ed7765ed88,9a088ff8-4b51-50f0-9490-7e3cc6ff9c7d,True,True
66af4ec3-aa5d-5ac1-97c2-27ef7319a318,663b4e04-eb06-53da-a73a-1d16e74649bb,9a088ff8-4b51-50f0-9490-7e3cc6ff9c7d,True,True
66af4ec3-aa5d-5ac1-97c2-27ef7319a318,4f17887b-be4c-5f77-9b35-bdbeb48517d8,9a088ff8-4b51-50f0-9490-7e3cc6ff9c7d,True,True
66af4ec3-aa5d-5ac1-97c2-27ef7319a318,27e73cba-a819-526f-af73-7ac33b143f23,9a088ff8-4b51-50f0-9490-7e3cc6ff9c7d,True,True
66af4ec3-aa5d-5ac1-97c2-27ef7319a318,39156675-6224-5f6f-848d-39b767f83ab8,9a088ff8-4b51-50f0-9490-7e3cc6ff9c7d,True,True
66af4ec3-aa5d-5ac1-97c2-27ef7319a318,85ad07bf-3d0e-5750-a71a-33c7c4186c08,9a088ff8-4b51-50f0-9490-7e3cc6ff9c7d,True,True
66af4ec3-aa5d-5ac1-97c2-27ef7319a318,b0d6b47d-e3bc-52cc-8aa9-4d5a38d56db0,9a088ff8-4b51-50f0-9490-7e3cc6ff9c7d,True,True
66af4ec3-aa5d-5ac1-97c2-27ef7319a318,c3df0153-0b2c-5def-8983-e109f7b5e7b4,9a088ff8-4b51-50f0-9490-7e3cc6ff9c7d,True,True
66af4ec3-aa5d-5ac1-97c2-27ef7319a318,5263bd88-e388-583f-a75c-c48173687de3,9a088ff8-4b51-50f0-9490-7e3cc6ff9c7d,True,True
66af4ec3-aa5d-5ac1-97c2-27ef7319a318,0cfb6236-9970-5a8a-b2a1-8b19912326cb,9a088ff8-4b51-50f0-9490-7e3cc6ff9c7d,True,True
66af4ec3-aa5d-5ac1-97c2-27ef7319a318,0c6d9cca-ded9-5039-af7a-0ec5b012a6cd,9a088ff8-4b51-50f0-9490-7e3cc6ff9c7d,True,True
66af4ec3-aa5d-5ac1-97c2-27ef7319a318,7e74521a-9357-5744-bd21-cc2326a5172e,9a088ff8-4b51-50f0-9490-7e3cc6ff9c7d,True,True
66af4ec3-aa5d-5ac1-97c2-27ef7319a318,33b099eb-579f-5cd2-9042-26b1021cae0b,9a088ff8-4b51-50f0-9490-7e3cc6ff9c7d,True,True
66af4ec3-aa5d-5ac1-97c2-27ef7319a318,e40c1025-dc41-5b34-8db3-64f98eaeb695,9a088ff8-4b51-50f0-9490-7e3cc6ff9c7d,True,True
66af4ec3-aa5d-5ac1-97c2-27ef7319a318,1b18c448-d868-5574-bcb6-77951125eaf5,9a088ff8-4b51-50f0-9490-7e3cc6ff9c7d,True,True
66af4ec3-aa5d-5ac1-97c2-27ef7319a318,ddcffdcc-a455-5715-b892-f1861401f876,9a088ff8-4b51-50f0-9490-7e3cc6ff9c7d,True,True
66af4ec3-aa5d-5ac1-97c2-27ef7319a318,5790eb54-9343-5e31-aea3-2ead50ea9487,9a088ff8-4b51-50f0-9490-7e3cc6ff9c7d,True,True
66af4ec3-aa5d-5ac1-97c2-27ef7319a318,cfaff0b5-98cb-54a4-b0c4-c4ad7c772966,9a088ff8-4b51-50f0-9490-7e3cc6ff9c7d,True,True
66af4ec3-aa5d-5ac1-97c2-27ef7319a318,22cea972-b79c-5d13-a9f8-63b42b8e5353,9a088ff8-4b51-50f0-9490-7e3cc6ff9c7d,True,True
66af4ec3-aa5d-5ac1-97c2-27ef7319a318,ff90e972-be0f-5a4c-8203-91dcbe00d28b,9a088ff8-4b51-50f0-9490-7e3cc6ff9c7d,True,True
66af4ec3-aa5d-5ac1-97c2-27ef7319a318,9c6f08ce-90b1-56b9-8cbd-bdcf2738aba4,9a088ff8-4b51-50f0-9490-7e3cc6ff9c7d,True,True
66af4ec3-aa5d-5ac1-97c2-27ef7319a318,1f00c280-0447-5fbd-b457-a551441b3115,9a088ff8-4b51-50f0-9490-7e3cc6ff9c7d,True,True
66af4ec3-aa5d-5ac1-97c2-27ef7319a318,c070a654-b582-5c61-a4cf-3dca2a7082bd,9a088ff8-4b51-50f0-9490-7e3cc6ff9c7d,True,True
66af4ec3-aa5d-5ac1-97c2-27ef7319a318,d64d8261-190b-5e41-ac46-f5926174adb6,9a088ff8-4b51-50f0-9490-7e3cc6ff9c7d,True,True
66af4ec3-aa5d-5ac1-97c2-27ef7319a318,a8a9ca88-4b84-5ce1-8ebb-6ab269239e8d,9a088ff8-4b51-50f0-9490-7e3cc6ff9c7d,True,True
66af4ec3-aa5d-5ac1-97c2-27ef7319a318,5a905ceb-c265-5990-8a9a-325edde705e4,9a088ff8-4b51-50f0-9490-7e3cc6ff9c7d,True,True
66af4ec3-aa5d-5ac1-97c2-27ef7319a318,affc36d2-c888-5537-ba66-12c67204fccc,9a088ff8-4b51-50f0-9490-7e3cc6ff9c7d,True,True
66af4ec3-aa5d-5ac1-97c2-27ef7319a318,085450c4-ffa5-5929-8943-1953a35c5eed,9a088ff8-4b51-50f0-9490-7e3cc6ff9c7d,True,True
66af4ec3-aa5d-5ac1-97c2-27ef7319a318,97c9954a-b56d-5801-a4f7-db87ac91b849,9a088ff8-4b51-50f0-9490-7e3cc6ff9c7d,True,True
66af4ec3-aa5d-5ac1-97c2-27ef7319a318,c264243d-f900-5421-95d5-53fdb8353af6,9a088ff8-4b51-50f0-9490-7e3cc6ff9c7d,True,True
66af4ec3-aa5d-5ac1-97c2-27ef7319a318,a8d5effb-631d-5d38-9017-c00d7d4ce16b,9a088ff8-4b51-50f0-9490-7e3cc6ff9c7d,True,True
66af4ec3-aa5d-5ac1-97c2-27ef7319a318,77e3f043-c9bc-5dc6-8358-27d75b8749fd,9a088ff8-4b51-50f0-9490-7e3cc6ff9c7d,True,True
66af4ec3-aa5d-5ac1-97c2-27ef7319a318,57e78c6d-6085-5a8d-9e9f-606813ace866,9a088ff8-4b51-50f0-9490-7e3cc6ff9c7d,True,True
66af4ec3-aa5d-5ac1-97c2-27ef7319a318,d86c5bb6-aa9b-52c8-812a-b355877b6be1,9a088ff8-4b51-50f0-9490-7e3cc6ff9c7d,True,True
66af4ec3-aa5d-5ac1-97c2-27ef7319a318,3d4ec759-d2e3-53cd-b1f5-10081d5ccf68,9a088ff8-4b51-50f0-9490-7e3cc6ff9c7d,True,True
66af4ec3-aa5d-5ac1-97c2-27ef7319a318,c67ea395-a910-55eb-947b-9329666217a3,9a088ff8-4b51-50f0-9490-7e3cc6ff9c7d,True,True
66af4ec3-aa5d-5ac1-97c2-27ef7319a318,ab1b9ca4-6672-58e7-9de0-08977c0c3430,9a088ff8-4b51-50f0-9490-7e3cc6ff9c7d,True,True
66af4ec3-aa5d-5ac1-97c2-27ef7319a318,7bcb253a-75ad-50a0-b830-f4da3c7b9582,9a088ff8-4b51-50f0-9490-7e3cc6ff9c7d,True,True
66af4ec3-aa5d-5ac1-97c2-27ef7319a318,7f0a68d1-19e8-5146-8e7b-caa4c2257b2c,9a088ff8-4b51-50f0-9490-7e3cc6ff9c7d,True,True
66af4ec3-aa5d-5ac1-97c2-27ef7319a318,7b4ff8a5-e315-5420-af48-b30d3c0dd5e3,9a088ff8-4b51-50f0-9490-7e3cc6ff9c7d,True,True
66af4ec3-aa5d-5ac1-97c2-27ef7319a318,59b010d0-1e44-54ab-bf0c-98c78fd3b230,9a088ff8-4b51-50f0-9490-7e3cc6ff9c7d,True,True
66af4ec3-aa5d-5ac1-97c2-27ef7319a318,be7f9f17-6ad8-52dc-9285-3705203ec1e7,9a088ff8-4b51-50f0-9490-7e3cc6ff9c7d,True,True
66af4ec3-aa5d-5ac1-97c2-27ef7319a318,74241f45-3dbb-53a3-bd4e-73f51143b06a,9a088ff8-4b51-50f0-9490-7e3cc6ff9c7d,True,True
66af4ec3-aa5d-5ac1-97c2-27ef7319a318,67c21f5c-c482-5989-bf95-502d92a28b0b,9a088ff8-4b51-50f0-9490-7e3cc6ff9c7d,True,True
66af4ec3-aa5d-5ac1-97c2-27ef7319a318,00ed2bcd-3049-5292-9e9b-1bbfdb01c80d,9a088ff8-4b51-50f0-9490-7e3cc6ff9c7d,True,True
66af4ec3-aa5d-5ac1-97c2-27ef7319a318,2df10781-3b8f-54fd-b1df-dbaca04f8eab,9a088ff8-4b51-50f0-9490-7e3cc6ff9c7d,True,True
66af4ec3-aa5d-5ac1-97c2-27ef7319a318,ab5fc8f1-f383-5dc4-ba29-3b10a07743aa,9a088ff8-4b51-50f0-9490-7e3cc6ff9c7d,True,True
66af4ec3-aa5d-5ac1-97c2-27ef7319a318,8f45f220-b316-5fb2-8ebe-a26c2a7a42db,9a088ff8-4b51-50f0-9490-7e3cc6ff9c7d,True,True
66af4ec3-aa5d-5ac1-97c2-27ef7319a318,be4a6400-ecaf-536f-9367-33a7df126228,9a088ff8-4b51-50f0-9490-7e3cc6ff9c7d,True,True
66af4ec3-aa5d-5ac1-97c2-27ef7319a318,09d6c8cb-1238-580b-a206-7bbdc9d8335a,9a088ff8-4b51-50f0-9490-7e3cc6ff9c7d,True,True
66af4ec3-aa5d-5ac1-97c2-27ef7319a318,95ee7ee9-9bd1-564e-ac1c-11664b0ea961,9a088ff8-4b51-50f0-9490-7e3cc6ff9c7d,True,True
66af4ec3-aa5d-5ac1-97c2-27ef7319a318,c2dfc64f-0429-5321-bf02-fcf0835bccab,9a088ff8-4b51-50f0-9490-7e3cc6ff9c7d,True,True
66af4ec3-aa5d-5ac1-97c2-27ef7319a318,57067b37-291e-5d85-aee9-a6ce9fdf37a7,9a088ff8-4b51-50f0-9490-7e3cc6ff9c7d,True,True
66af4ec3-aa5d-5ac1-97c2-27ef7319a318,6a68f494-7ba1-54b2-9043-34ff69738ee6,9a088ff8-4b51-50f0-9490-7e3cc6ff9c7d,True,True
66af4ec3-aa5d-5ac1-97c2-27ef7319a318,4645f6e6-8dd5-52c0-a194-263a6893cc4d,9a088ff8-4b51-50f0-9490-7e3cc6ff9c7d,True,True
66af4ec3-aa5d-5ac1-97c2-27ef7319a318,b4f909e7-2469-5789-a57c-e4360b328ed9,9a088ff8-4b51-50f0-9490-7e3cc6ff9c7d,True,True
66af4ec3-aa5d-5ac1-97c2-27ef7319a318,af42b56a-55f7-5d90-9765-74ee260ac647,9a088ff8-4b51-50f0-9490-7e3cc6ff9c7d,True,True
66af4ec3-aa5d-5ac1-97c2-27ef7319a318,f427e7cc-5487-5e67-b89e-c0365be961f9,9a088ff8-4b51-50f0-9490-7e3cc6ff9c7d,True,True
66af4ec3-aa5d-5ac1-97c2-27ef7319a318,1d7e7d82-eaa1-54fe-b1b5-f40ca3aeb4c9,9a088ff8-4b51-50f0-9490-7e3cc6ff9c7d,True,True
66af4ec3-aa5d-5ac1-97c2-27ef7319a318,bbda3e72-8903-5075-b1bc-844fcd10873a,9a088ff8-4b51-50f0-9490-7e3cc6ff9c7d,True,True
66af4ec3-aa5d-5ac1-97c2-27ef7319a318,deb2db33-a5e5-505b-b047-ce05968cbf3d,9a088ff8-4b51-50f0-9490-7e3cc6ff9c7d,True,True
66af4ec3-aa5d-5ac1-97c2-27ef7319a318,afa35ef7-a385-5650-9cb7-5ce94fd45d30,9a088ff8-4b51-50f0-9490-7e3cc6ff9c7d,True,True
66af4ec3-aa5d-5ac1-97c2-27ef7319a318,0e235ac8-0953-5ecb-991b-c24d49b67560,9a088ff8-4b51-50f0-9490-7e3cc6ff9c7d,True,True
66af4ec3-aa5d-5ac1-97c2-27ef7319a318,b8c9658c-64eb-51ec-af01-f3c05c0dd2e4,9a088ff8-4b51-50f0-9490-7e3cc6ff9c7d,True,True
66af4ec3-aa5d-5ac1-97c2-27ef7319a318,a605d4c7-77a5-5edf-aff3-2bcd193be5e9,9a088ff8-4b51-50f0-9490-7e3cc6ff9c7d,True,True
66af4ec3-aa5d-5ac1-97c2-27ef7319a318,f4462a65-4e1f-579c-8e7f-3c30a9d1d03b,9a088ff8-4b51-50f0-9490-7e3cc6ff9c7d,True,True
66af4ec3-aa5d-5ac1-97c2-27ef7319a318,6f7966a4-bc1b-5b48-a6a4-92c3d1940f86,9a088ff8-4b51-50f0-9490-7e3cc6ff9c7d,True,True
66af4ec3-aa5d-5ac1-97c2-27ef7319a318,8f72f083-db9b-597d-b181-9f4486b5a6b1,9a088ff8-4b51-50f0-9490-7e3cc6ff9c7d,True,True
66af4ec3-aa5d-5ac1-97c2-27ef7319a318,d5b2a8cc-b06a-5d48-8342-8f79e251181f,9a088ff8-4b51-50f0-9490-7e3cc6ff9c7d,True,True
66af4ec3-aa5d-5ac1-97c2-27ef7319a318,56f550e9-a238-542c-a84e-b81559a8b90e,9a088ff8-4b51-50f0-9490-7e3cc6ff9c7d,True,True
66af4ec3-aa5d-5ac1-97c2-27ef7319a318,46cd5f30-884b-50d4-b036-7275fab4a4b7,9a088ff8-4b51-50f0-9490-7e3cc6ff9c7d,True,True
66af4ec3-aa5d-5ac1-97c2-27ef7319a318,37621868-fa21-5cf7-b202-d355ad8c41dc,9a088ff8-4b51-50f0-9490-7e3cc6ff9c7d,True,True
66af4ec3-aa5d-5ac1-97c2-27ef7319a318,376dc8f4-35c8-5d14-9b14-18b44c9273be,9a088ff8-4b51-50f0-9490-7e3cc6ff9c7d,True,True
66af4ec3-aa5d-5ac1-97c2-27ef7319a318,de9f0a0e-cbb6-5990-9b91-a2339c6409d4,9a088ff8-4b51-50f0-9490-7e3cc6ff9c7d,True,True
66af4ec3-aa5d-5ac1-97c2-27ef7319a318,9ba5db5d-9086-55b6-b855-e4e0bf0a3fdc,9a088ff8-4b51-50f0-9490-7e3cc6ff9c7d,True,True
66af4ec3-aa5d-5ac1-97c2-27ef7319a318,ffad6840-c696-5d97-ba3b-335c29fde826,9a088ff8-4b51-50f0-9490-7e3cc6ff9c7d,True,True
66af4ec3-aa5d-5ac1-97c2-27ef7319a318,b859387a-28e6-5a15-add0-54fef5def29b,9a088ff8-4b51-50f0-9490-7e3cc6ff9c7d,True,True
66af4ec3-aa5d-5ac1-97c2-27ef7319a318,b5115295-3d98-54be-82c0-103e91aa9cc9,9a088ff8-4b51-50f0-9490-7e3cc6ff9c7d,True,True
66af4ec3-aa5d-5ac1-97c2-27ef7319a318,be6194c7-2fbe-5d94-b608-647172c24496,9a088ff8-4b51-50f0-9490-7e3cc6ff9c7d,True,True
66af4ec3-aa5d-5ac1-97c2-27ef7319a318,f4194aeb-b091-554e-a988-7f7882bc1cd9,9a088ff8-4b51-50f0-9490-7e3cc6ff9c7d,True,True
66af4ec3-aa5d-5ac1-97c2-27ef7319a318,f7d4dd87-b163-5799-b3a3-6e9d390ec7ad,9a088ff8-4b51-50f0-9490-7e3cc6ff9c7d,True,True
66af4ec3-aa5d-5ac1-97c2-27ef7319a318,065d10a0-2106-5713-bee6-8596cd5889ba,9a088ff8-4b51-50f0-9490-7e3cc6ff9c7d,True,True
66af4ec3-aa5d-5ac1-97c2-27ef7319a318,3d85914c-b43d-51cb-a8a4-8fd8910c9d35,9a088ff8-4b51-50f0-9490-7e3cc6ff9c7d,True,True
66af4ec3-aa5d-5ac1-97c2-27ef7319a318,219cebfb-7d05-50d6-87b4-c1396ca71d7d,9a088ff8-4b51-50f0-9490-7e3cc6ff9c7d,True,True
66af4ec3-aa5d-5ac1-97c2-27ef7319a318,734c3eb7-fe7b-5945-8fc9-f3dc4f366f3d,9a088ff8-4b51-50f0-9490-7e3cc6ff9c7d,True,True
66af4ec3-aa5d-5ac1-97c2-27ef7319a318,fa6fbfbc-f585-5ae5-9b6a-24aaf58d9060,9a088ff8-4b51-50f0-9490-7e3cc6ff9c7d,True,True
66af4ec3-aa5d-5ac1-97c2-27ef7319a318,d3410934-851e-5e3f-ad07-1c769127b55c,9a088ff8-4b51-50f0-9490-7e3cc6ff9c7d,True,True
66af4ec3-aa5d-5ac1-97c2-27ef7319a318,c341e44f-b26d-5149-ba88-c317b5ea0003,9a088ff8-4b51-50f0-9490-7e3cc6ff9c7d,True,True
66af4ec3-aa5d-5ac1-97c2-27ef7319a318,fc0e4b40-15c9-5293-a4cd-077f4bd92c71,9a088ff8-4b51-50f0-9490-7e3cc6ff9c7d,True,True
66af4ec3-aa5d-5ac1-97c2-27ef7319a318,6dff703b-6713-58a0-b6b5-661ebc781bf6,9a088ff8-4b51-50f0-9490-7e3cc6ff9c7d,True,True
66af4ec3-aa5d-5ac1-97c2-27ef7319a318,54855bac-9f4f-563e-8f2b-edf9f3d32559,9a088ff8-4b51-50f0-9490-7e3cc6ff9c7d,True,True
66af4ec3-aa5d-5ac1-97c2-27ef7319a318,fb22f3aa-2a12-5b55-8dcf-d7f6bd8d358b,9a088ff8-4b51-50f0-9490-7e3cc6ff9c7d,True,True
66af4ec3-aa5d-5ac1-97c2-27ef7319a318,9e8fc102-3983-5bb7-9824-519b2f285e90,9a088ff8-4b51-50f0-9490-7e3cc6ff9c7d,True,True
66af4ec3-aa5d-5ac1-97c2-27ef7319a318,19ad47f8-3a48-5135-a5fe-792856bdaaf3,9a088ff8-4b51-50f0-9490-7e3cc6ff9c7d,True,True
66af4ec3-aa5d-5ac1-97c2-27ef7319a318,41cb989c-6226-5956-9653-9a3a075965ee,9a088ff8-4b51-50f0-9490-7e3cc6ff9c7d,True,True
66af4ec3-aa5d-5ac1-97c2-27ef7319a318,eaed3c4a-c5f9-59f5-9bdf-fbae58545a95,9a088ff8-4b51-50f0-9490-7e3cc6ff9c7d,True,True
66af4ec3-aa5d-5ac1-97c2-27ef7319a318,a7887c54-4330-5c81-9885-b69e903fdf31,9a088ff8-4b51-50f0-9490-7e3cc6ff9c7d,True,True
66af4ec3-aa5d-5ac1-97c2-27ef7319a318,cb6a6dd9-456a-50ce-afa2-a05fae81f783,9a088ff8-4b51-50f0-9490-7e3cc6ff9c7d,True,True
66af4ec3-aa5d-5ac1-97c2-27ef7319a318,7b12c00e-2b60-5e9f-8758-43ef60c0826e,9a088ff8-4b51-50f0-9490-7e3cc6ff9c7d,True,True
66af4ec3-aa5d-5ac1-97c2-27ef7319a318,ae70567c-dddc-5897-b5a5-9f2fe87d8cdc,9a088ff8-4b51-50f0-9490-7e3cc6ff9c7d,True,True
66af4ec3-aa5d-5ac1-97c2-27ef7319a318,7fe1f79e-7974-5b57-9cdb-5321853566b7,9a088ff8-4b51-50f0-9490-7e3cc6ff9c7d,True,True
66af4ec3-aa5d-5ac1-97c2-27ef7319a318,5afe2082-aaad-576b-95a6-22a079caf5cf,9a088ff8-4b51-50f0-9490-7e3cc6ff9c7d,True,True
66af4ec3-aa5d-5ac1-97c2-27ef7319a318,70c927b8-807d-5fcc-ab39-d9a4e3410956,9a088ff8-4b51-50f0-9490-7e3cc6ff9c7d,True,True
66af4ec3-aa5d-5ac1-97c2-27ef7319a318,30180c08-7c56-587d-9b28-66f45245cf1e,9a088ff8-4b51-50f0-9490-7e3cc6ff9c7d,True,True
66af4ec3-aa5d-5ac1-97c2-27ef7319a318,ae5bfafd-1760-55b2-9833-9f160f5b02ac,9a088ff8-4b51-50f0-9490-7e3cc6ff9c7d,True,True
66af4ec3-aa5d-5ac1-97c2-27ef7319a318,fca58036-a87d-5f87-b85c-05ce889f7966,9a088ff8-4b51-50f0-9490-7e3cc6ff9c7d,True,True
66af4ec3-aa5d-5ac1-97c2-27ef7319a318,c0eb1bc0-af91-5849-9fe2-3eed6380706a,9a088ff8-4b51-50f0-9490-7e3cc6ff9c7d,True,True
66af4ec3-aa5d-5ac1-97c2-27ef7319a318,e8c118bf-74f3-58f5-b2c2-0903c8ee5221,9a088ff8-4b51-50f0-9490-7e3cc6ff9c7d,True,True
66af4ec3-aa5d-5ac1-97c2-27ef7319a318,fe7ef9f1-7562-5a38-b813-44ca77116ab3,9a088ff8-4b51-50f0-9490-7e3cc6ff9c7d,True,True
66af4ec3-aa5d-5ac1-97c2-27ef7319a318,ce27c8db-77ad-5aa5-abbc-cee44bfc2e94,9a088ff8-4b51-50f0-9490-7e3cc6ff9c7d,True,True
66af4ec3-aa5d-5ac1-97c2-27ef7319a318,54c9438d-89d2-532d-8521-47318b85a1ce,9a088ff8-4b51-50f0-9490-7e3cc6ff9c7d,True,True
66af4ec3-aa5d-5ac1-97c2-27ef7319a318,90e53fc8-771f-57c3-9f3a-40192d7a3132,9a088ff8-4b51-50f0-9490-7e3cc6ff9c7d,True,True
66af4ec3-aa5d-5ac1-97c2-27ef7319a318,57b01e07-cf38-53e9-8af1-7ae8e53ac946,9a088ff8-4b51-50f0-9490-7e3cc6ff9c7d,True,True
66af4ec3-aa5d-5ac1-97c2-27ef7319a318,79c75f23-6732-5417-9749-31266c6046b8,9a088ff8-4b51-50f0-9490-7e3cc6ff9c7d,True,True
66af4ec3-aa5d-5ac1-97c2-27ef7319a318,eb9a8b48-369b-5e2c-899b-bf910dfaad57,9a088ff8-4b51-50f0-9490-7e3cc6ff9c7d,True,True
66af4ec3-aa5d-5ac1-97c2-27ef7319a318,56b0af23-e50d-5507-850c-1e611996a7b5,9a088ff8-4b51-50f0-9490-7e3cc6ff9c7d,True,True
66af4ec3-aa5d-5ac1-97c2-27ef7319a318,7413a417-1344-5c5b-9953-864ed4fd8491,9a088ff8-4b51-50f0-9490-7e3cc6ff9c7d,True,True
66af4ec3-aa5d-5ac1-97c2-27ef7319a318,371003e4-775e-5d66-9870-73075c920c49,9a088ff8-4b51-50f0-9490-7e3cc6ff9c7d,True,True
66af4ec3-aa5d-5ac1-97c2-27ef7319a318,4602d393-ebea-56a4-9bf8-2e558b39ffca,9a088ff8-4b51-50f0-9490-7e3cc6ff9c7d,True,True
66af4ec3-aa5d-5ac1-97c2-27ef7319a318,75d4ee59-2f28-5ade-86d6-4217594f2479,9a088ff8-4b51-50f0-9490-7e3cc6ff9c7d,True,True
66af4ec3-aa5d-5ac1-97c2-27ef7319a318,5cc30163-dfb0-5551-8af3-d230aedcfe7c,9a088ff8-4b51-50f0-9490-7e3cc6ff9c7d,True,True
66af4ec3-aa5d-5ac1-97c2-27ef7319a318,279d8801-b649-5478-bb46-0d7c08946c3a,9a088ff8-4b51-50f0-9490-7e3cc6ff9c7d,True,True
66af4ec3-aa5d-5ac1-97c2-27ef7319a318,70928126-750b-5d8e-8c7e-c93ff5dfa51c,9a088ff8-4b51-50f0-9490-7e3cc6ff9c7d,True,True
66af4ec3-aa5d-5ac1-97c2-27ef7319a318,748b2c6e-a26a-5a25-b0ac-c8a50b0b02c7,9a088ff8-4b51-50f0-9490-7e3cc6ff9c7d,True,True
66af4ec3-aa5d-5ac1-97c2-27ef7319a318,489a2bfa-9e45-5734-ac2c-2bd08c4c9482,9a088ff8-4b51-50f0-9490-7e3cc6ff9c7d,True,True
66af4ec3-aa5d-5ac1-97c2-27ef7319a318,bb50565e-7d47-59e1-ac7f-c0dc87df3261,9a088ff8-4b51-50f0-9490-7e3cc6ff9c7d,True,True
66af4ec3-aa5d-5ac1-97c2-27ef7319a318,d912792f-7f3a-5d70-a8a7-7816fad457d8,9a088ff8-4b51-50f0-9490-7e3cc6ff9c7d,True,True
66af4ec3-aa5d-5ac1-97c2-27ef7319a318,0f2ea6cb-8867-5786-8aa1-d9b42050885f,9a088ff8-4b51-50f0-9490-7e3cc6ff9c7d,True,True
66af4ec3-aa5d-5ac1-97c2-27ef7319a318,0edbbdd3-9793-53c8-a2c5-29c4aa39d4c8,9a088ff8-4b51-50f0-9490-7e3cc6ff9c7d,True,True
66af4ec3-aa5d-5ac1-97c2-27ef7319a318,c231bde3-27a7-585a-a133-8173efa94240,9a088ff8-4b51-50f0-9490-7e3cc6ff9c7d,True,True
66af4ec3-aa5d-5ac1-97c2-27ef7319a318,467d9826-4868-5fd5-8b6c-fb3e8665a69c,9a088ff8-4b51-50f0-9490-7e3cc6ff9c7d,True,True
66af4ec3-aa5d-5ac1-97c2-27ef7319a318,438f15cb-e54c-5f0d-9997-901ba577c475,9a088ff8-4b51-50f0-9490-7e3cc6ff9c7d,True,True
66af4ec3-aa5d-5ac1-97c2-27ef7319a318,d29575ae-d558-5492-9dc4-ef2d58f280c7,9a088ff8-4b51-50f0-9490-7e3cc6ff9c7d,True,True
66af4ec3-aa5d-5ac1-97c2-27ef7319a318,a98e83a5-f5dd-547f-91c5-ecd1d0710e20,9a088ff8-4b51-50f0-9490-7e3cc6ff9c7d,True,True
66af4ec3-aa5d-5ac1-97c2-27ef7319a318,b4bb8095-79ae-5fa0-b430-39499a42f8ef,9a088ff8-4b51-50f0-9490-7e3cc6ff9c7d,True,True
66af4ec3-aa5d-5ac1-97c2-27ef7319a318,40c5d3fd-11e1-5168-9c4d-63f1451e4e39,9a088ff8-4b51-50f0-9490-7e3cc6ff9c7d,True,True
66af4ec3-aa5d-5ac1-97c2-27ef7319a318,6ca60c7e-63ec-5f21-bf3c-862c76f593c4,9a088ff8-4b51-50f0-9490-7e3cc6ff9c7d,True,True
66af4ec3-aa5d-5ac1-97c2-27ef7319a318,7b946fb5-7617-599e-bf69-3e4ec3939651,9a088ff8-4b51-50f0-9490-7e3cc6ff9c7d,True,True
66af4ec3-aa5d-5ac1-97c2-27ef7319a318,dc198226-87a0-5ba0-8276-74f3c18c1007,9a088ff8-4b51-50f0-9490-7e3cc6ff9c7d,True,True
66af4ec3-aa5d-5ac1-97c2-27ef7319a318,5878bf6f-7abd-55a4-87e7-3dff1efac046,9a088ff8-4b51-50f0-9490-7e3cc6ff9c7d,True,True
66af4ec3-aa5d-5ac1-97c2-27ef7319a318,2cee1bcf-b271-5876-bc5f-31a4e1f8222e,9a088ff8-4b51-50f0-9490-7e3cc6ff9c7d,True,True
66af4ec3-aa5d-5ac1-97c2-27ef7319a318,e3c936e3-2d62-547e-9987-1917568767dc,9a088ff8-4b51-50f0-9490-7e3cc6ff9c7d,True,True
66af4ec3-aa5d-5ac1-97c2-27ef7319a318,af6e2859-9c48-5a90-8a55-8abb36da8442,9dfc0f98-a925-510d-9393-e7e6fe24cdbc,True,True
66af4ec3-aa5d-5ac1-97c2-27ef7319a318,000d77c6-947b-5af3-bbf2-ca21a17afaca,9dfc0f98-a925-510d-9393-e7e6fe24cdbc,True,True
66af4ec3-aa5d-5ac1-97c2-27ef7319a318,debe1bc5-fc66-5ecf-85ee-bde2d16a27de,9dfc0f98-a925-510d-9393-e7e6fe24cdbc,True,True
66af4ec3-aa5d-5ac1-97c2-27ef7319a318,55679ca2-820a-5c18-bc04-3322528daafd,9dfc0f98-a925-510d-9393-e7e6fe24cdbc,True,True
66af4ec3-aa5d-5ac1-97c2-27ef7319a318,e6a93775-0911-5536-ac32-3bcc67c1f417,9dfc0f98-a925-510d-9393-e7e6fe24cdbc,True,True
66af4ec3-aa5d-5ac1-97c2-27ef7319a318,5e72dfda-ba2b-5e7d-88a9-8a12248caa54,9dfc0f98-a925-510d-9393-e7e6fe24cdbc,True,True
66af4ec3-aa5d-5ac1-97c2-27ef7319a318,0a5b8ac3-d9fd-5efb-b5fd-dde1702ae1af,9dfc0f98-a925-510d-9393-e7e6fe24cdbc,True,True
66af4ec3-aa5d-5ac1-97c2-27ef7319a318,4fce5294-d433-5513-b885-9f6b479f3aeb,9dfc0f98-a925-510d-9393-e7e6fe24cdbc,True,True
66af4ec3-aa5d-5ac1-97c2-27ef7319a318,44e1d3dc-1730-5b37-9ca9-328dcffa45bd,9dfc0f98-a925-510d-9393-e7e6fe24cdbc,True,True
66af4ec3-aa5d-5ac1-97c2-27ef7319a318,9fb59745-3968-5a4e-a773-cef7aa3f9ff0,9dfc0f98-a925-510d-9393-e7e6fe24cdbc,True,True
66af4ec3-aa5d-5ac1-97c2-27ef7319a318,1321ee0a-fa4b-5fe3-821c-82e9f1eb3bd1,9dfc0f98-a925-510d-9393-e7e6fe24cdbc,True,True
66af4ec3-aa5d-5ac1-97c2-27ef7319a318,383b5cb0-6656-5663-b76a-68c279b79605,9dfc0f98-a925-510d-9393-e7e6fe24cdbc,True,True
66af4ec3-aa5d-5ac1-97c2-27ef7319a318,d6910f7b-5999-55ff-970f-cf59a1b439bd,9dfc0f98-a925-510d-9393-e7e6fe24cdbc,True,True
66af4ec3-aa5d-5ac1-97c2-27ef7319a318,da503d89-dffa-57dc-9a0c-adfa49b50089,9dfc0f98-a925-510d-9393-e7e6fe24cdbc,True,True
66af4ec3-aa5d-5ac1-97c2-27ef7319a318,c69657d3-6865-5bc6-9857-fc50be567412,9dfc0f98-a925-510d-9393-e7e6fe24cdbc,True,True
66af4ec3-aa5d-5ac1-97c2-27ef7319a318,a8305d77-6808-58d7-8fa1-1baecdf610bd,9dfc0f98-a925-510d-9393-e7e6fe24cdbc,True,True
66af4ec3-aa5d-5ac1-97c2-27ef7319a318,dfc22f8e-5f2e-5618-84fd-6ba9cff7cfe5,9dfc0f98-a925-510d-9393-e7e6fe24cdbc,True,True
66af4ec3-aa5d-5ac1-97c2-27ef7319a318,f3669084-e298-51d6-9e8b-c1a0719fceb9,9dfc0f98-a925-510d-9393-e7e6fe24cdbc,True,True
66af4ec3-aa5d-5ac1-97c2-27ef7319a318,5a7e5b96-3031-5210-94e4-813a49edc389,9dfc0f98-a925-510d-9393-e7e6fe24cdbc,True,True
66af4ec3-aa5d-5ac1-97c2-27ef7319a318,8b6eb6c8-6e5b-55d8-916b-566573177eb7,9dfc0f98-a925-510d-9393-e7e6fe24cdbc,True,True
66af4ec3-aa5d-5ac1-97c2-27ef7319a318,89d994d3-b232-5807-96bf-f33415742c75,9dfc0f98-a925-510d-9393-e7e6fe24cdbc,True,True
66af4ec3-aa5d-5ac1-97c2-27ef7319a318,cf19f4eb-d8d6-5c7a-b61d-889c4d204c13,9dfc0f98-a925-510d-9393-e7e6fe24cdbc,True,True
66af4ec3-aa5d-5ac1-97c2-27ef7319a318,e5b8f2c1-5d5f-5f95-ba03-7c41bb0f85a7,9dfc0f98-a925-510d-9393-e7e6fe24cdbc,True,True
66af4ec3-aa5d-5ac1-97c2-27ef7319a318,c13dd66e-ab3a-5c16-b49a-10e4dbd7f691,9dfc0f98-a925-510d-9393-e7e6fe24cdbc,True,True
66af4ec3-aa5d-5ac1-97c2-27ef7319a318,8e0e8a8d-5328-59a9-8802-96eeac2d2d5b,9dfc0f98-a925-510d-9393-e7e6fe24cdbc,True,True
66af4ec3-aa5d-5ac1-97c2-27ef7319a318,381f0b97-9606-5ad3-b4b3-b9facf60d05f,9dfc0f98-a925-510d-9393-e7e6fe24cdbc,True,True
66af4ec3-aa5d-5ac1-97c2-27ef7319a318,5a354c8b-159a-53a7-9850-1e92b72ae177,9dfc0f98-a925-510d-9393-e7e6fe24cdbc,True,True
66af4ec3-aa5d-5ac1-97c2-27ef7319a318,d84d9885-5bc7-59a8-be31-1d680ea29e4d,9dfc0f98-a925-510d-9393-e7e6fe24cdbc,True,True
66af4ec3-aa5d-5ac1-97c2-27ef7319a318,d4b47d11-fd45-5f4c-b63d-2737c53bb0c4,9dfc0f98-a925-510d-9393-e7e6fe24cdbc,True,True
66af4ec3-aa5d-5ac1-97c2-27ef7319a318,b4aaff72-ed09-5d57-9025-683b4f667426,9dfc0f98-a925-510d-9393-e7e6fe24cdbc,True,True
66af4ec3-aa5d-5ac1-97c2-27ef7319a318,8da6c891-dca0-56d4-9e62-7a6baecfbf78,9dfc0f98-a925-510d-9393-e7e6fe24cdbc,True,True
66af4ec3-aa5d-5ac1-97c2-27ef7319a318,94fb20f9-eeca-5faa-85ad-c743918cace4,9dfc0f98-a925-510d-9393-e7e6fe24cdbc,True,True
66af4ec3-aa5d-5ac1-97c2-27ef7319a318,89c56148-b786-5ee0-800d-aff4e6be5072,9dfc0f98-a925-510d-9393-e7e6fe24cdbc,True,True
66af4ec3-aa5d-5ac1-97c2-27ef7319a318,ba470544-05d2-59fb-8474-bf4bfb484582,9dfc0f98-a925-510d-9393-e7e6fe24cdbc,True,True
66af4ec3-aa5d-5ac1-97c2-27ef7319a318,257a4922-6926-5da3-b713-dddfb95992a2,9dfc0f98-a925-510d-9393-e7e6fe24cdbc,True,True
66af4ec3-aa5d-5ac1-97c2-27ef7319a318,27975a61-43f4-5097-a2ea-73ee8748bdf9,9dfc0f98-a925-510d-9393-e7e6fe24cdbc,True,True
66af4ec3-aa5d-5ac1-97c2-27ef7319a318,43ec9501-7b4c-5193-9098-3a01ca468fe9,9dfc0f98-a925-510d-9393-e7e6fe24cdbc,True,True
66af4ec3-aa5d-5ac1-97c2-27ef7319a318,22a9a5d0-4b20-5cdb-b907-e5beeb53441e,9dfc0f98-a925-510d-9393-e7e6fe24cdbc,True,True
66af4ec3-aa5d-5ac1-97c2-27ef7319a318,49d9f344-6a2e-531c-894a-be8f3eab3038,9dfc0f98-a925-510d-9393-e7e6fe24cdbc,True,True
66af4ec3-aa5d-5ac1-97c2-27ef7319a318,01c2a160-bee7-5727-97a5-afc79ab1a4d6,9dfc0f98-a925-510d-9393-e7e6fe24cdbc,True,True
66af4ec3-aa5d-5ac1-97c2-27ef7319a318,cfe9f96f-9acd-5889-bba9-f52ff81a71f1,9dfc0f98-a925-510d-9393-e7e6fe24cdbc,True,True
66af4ec3-aa5d-5ac1-97c2-27ef7319a318,ec3a785e-0c16-584f-aa27-b54007151d9e,9dfc0f98-a925-510d-9393-e7e6fe24cdbc,True,True
66af4ec3-aa5d-5ac1-97c2-27ef7319a318,09594920-6c8a-53f4-a977-72ad7967fc23,9dfc0f98-a925-510d-9393-e7e6fe24cdbc,True,True
66af4ec3-aa5d-5ac1-97c2-27ef7319a318,87252a6b-c716-5a6e-946a-82f929fb712c,9dfc0f98-a925-510d-9393-e7e6fe24cdbc,True,True
66af4ec3-aa5d-5ac1-97c2-27ef7319a318,1cd6ed05-e264-50c9-968c-a00dcfa38c03,9dfc0f98-a925-510d-9393-e7e6fe24cdbc,True,True
66af4ec3-aa5d-5ac1-97c2-27ef7319a318,d43fbb0b-2b9b-5f83-9adb-15cdd6b4c391,9dfc0f98-a925-510d-9393-e7e6fe24cdbc,True,True
66af4ec3-aa5d-5ac1-97c2-27ef7319a318,3a69546c-7e4c-56b6-9019-99e79e67faf6,9dfc0f98-a925-510d-9393-e7e6fe24cdbc,True,True
66af4ec3-aa5d-5ac1-97c2-27ef7319a318,e4487798-a2e8-590e-81a8-4addfea7985e,9dfc0f98-a925-510d-9393-e7e6fe24cdbc,True,True
66af4ec3-aa5d-5ac1-97c2-27ef7319a318,df192439-17f8-5ff7-a816-2736b3f19ba9,9dfc0f98-a925-510d-9393-e7e6fe24cdbc,True,True
66af4ec3-aa5d-5ac1-97c2-27ef7319a318,fa6892d6-dff7-5138-abbb-5eb4fa27fb43,9dfc0f98-a925-510d-9393-e7e6fe24cdbc,True,True
66af4ec3-aa5d-5ac1-97c2-27ef7319a318,52a4dddb-e264-57a5-aed0-209f331441d9,9dfc0f98-a925-510d-9393-e7e6fe24cdbc,True,True
66af4ec3-aa5d-5ac1-97c2-27ef7319a318,c0b3a898-cd8b-581b-81c4-1cc308bd50f5,9dfc0f98-a925-510d-9393-e7e6fe24cdbc,True,True
66af4ec3-aa5d-5ac1-97c2-27ef7319a318,a2f9b9d2-8382-5257-ba7d-edb6f48432cb,9dfc0f98-a925-510d-9393-e7e6fe24cdbc,True,True
66af4ec3-aa5d-5ac1-97c2-27ef7319a318,a2822762-946e-5f20-818f-d49d87fbc0ae,9dfc0f98-a925-510d-9393-e7e6fe24cdbc,True,True
66af4ec3-aa5d-5ac1-97c2-27ef7319a318,383d7d68-45ce-518b-a039-851a1115ce00,9dfc0f98-a925-510d-9393-e7e6fe24cdbc,True,True
66af4ec3-aa5d-5ac1-97c2-27ef7319a318,0e6912c8-e9ab-5a02-9c4f-f8fdad2806d3,9dfc0f98-a925-510d-9393-e7e6fe24cdbc,True,True
66af4ec3-aa5d-5ac1-97c2-27ef7319a318,37b79874-b6ba-5801-90f4-1258cb1586ea,9dfc0f98-a925-510d-9393-e7e6fe24cdbc,True,True
66af4ec3-aa5d-5ac1-97c2-27ef7319a318,862c606f-033a-52cf-9d3e-73f319cd3856,9dfc0f98-a925-510d-9393-e7e6fe24cdbc,True,True
66af4ec3-aa5d-5ac1-97c2-27ef7319a318,5c5b709e-43d5-5c8c-ac32-d8e1dd4c9359,9dfc0f98-a925-510d-9393-e7e6fe24cdbc,True,True
66af4ec3-aa5d-5ac1-97c2-27ef7319a318,1b55ef75-0a44-54e5-ab7b-954f5ddc3ce4,9dfc0f98-a925-510d-9393-e7e6fe24cdbc,True,True
66af4ec3-aa5d-5ac1-97c2-27ef7319a318,1c07c583-1f4f-5ba9-86a4-9db1b880fa19,9dfc0f98-a925-510d-9393-e7e6fe24cdbc,True,True
66af4ec3-aa5d-5ac1-97c2-27ef7319a318,b5c5964d-cf72-5664-afdf-55ee506a8b3f,9dfc0f98-a925-510d-9393-e7e6fe24cdbc,True,True
66af4ec3-aa5d-5ac1-97c2-27ef7319a318,6e155e92-caef-52a1-954a-b071502739a5,9dfc0f98-a925-510d-9393-e7e6fe24cdbc,True,True
66af4ec3-aa5d-5ac1-97c2-27ef7319a318,8fc9dfb1-a991-573b-a59f-3b9d39c9820d,9dfc0f98-a925-510d-9393-e7e6fe24cdbc,True,True
66af4ec3-aa5d-5ac1-97c2-27ef7319a318,187fe6a0-34b3-5d40-b54f-d5e6f8673a4f,9dfc0f98-a925-510d-9393-e7e6fe24cdbc,True,True
66af4ec3-aa5d-5ac1-97c2-27ef7319a318,81ba8970-47a9-59fc-ba62-204f839e6269,9dfc0f98-a925-510d-9393-e7e6fe24cdbc,True,True
66af4ec3-aa5d-5ac1-97c2-27ef7319a318,a752299c-63d7-5802-bdf2-a2dc9069c08d,9dfc0f98-a925-510d-9393-e7e6fe24cdbc,True,True
66af4ec3-aa5d-5ac1-97c2-27ef7319a318,b7b06ec0-dd52-5a50-964c-06f5b522c511,9dfc0f98-a925-510d-9393-e7e6fe24cdbc,True,True
66af4ec3-aa5d-5ac1-97c2-27ef7319a318,d4d4e053-e7c1-5022-9be1-e7a097789d4e,9dfc0f98-a925-510d-9393-e7e6fe24cdbc,True,True
66af4ec3-aa5d-5ac1-97c2-27ef7319a318,83ab33c2-50cf-508f-afc3-5a9be26f3abb,9dfc0f98-a925-510d-9393-e7e6fe24cdbc,True,True
66af4ec3-aa5d-5ac1-97c2-27ef7319a318,38083d75-6b54-5e9b-b341-ba7b5e179bf4,9dfc0f98-a925-510d-9393-e7e6fe24cdbc,True,True
66af4ec3-aa5d-5ac1-97c2-27ef7319a318,c5aea4f8-09dc-5425-ae05-14de8673e75a,9dfc0f98-a925-510d-9393-e7e6fe24cdbc,True,True
66af4ec3-aa5d-5ac1-97c2-27ef7319a318,e8e30520-76e6-5f25-854d-183a8065802d,9dfc0f98-a925-510d-9393-e7e6fe24cdbc,True,True
66af4ec3-aa5d-5ac1-97c2-27ef7319a318,9ac25372-ebd8-5acc-8033-14bd50ddd22d,9dfc0f98-a925-510d-9393-e7e6fe24cdbc,True,True
66af4ec3-aa5d-5ac1-97c2-27ef7319a318,f1277b60-1a68-59ca-8e83-e7df08ee141d,9dfc0f98-a925-510d-9393-e7e6fe24cdbc,True,True
66af4ec3-aa5d-5ac1-97c2-27ef7319a318,503d1374-036f-5930-8c8c-e55460e0ae00,9dfc0f98-a925-510d-9393-e7e6fe24cdbc,True,True
66af4ec3-aa5d-5ac1-97c2-27ef7319a318,89ee81d5-1089-5cbf-8e97-07528568a9de,9dfc0f98-a925-510d-9393-e7e6fe24cdbc,True,True
66af4ec3-aa5d-5ac1-97c2-27ef7319a318,b8ea529f-813b-5431-83ad-71e3fbb245e8,9dfc0f98-a925-510d-9393-e7e6fe24cdbc,True,True
66af4ec3-aa5d-5ac1-97c2-27ef7319a318,9ec2a9a1-528a-5fb3-8d74-04fbd29741b8,9dfc0f98-a925-510d-9393-e7e6fe24cdbc,True,True
66af4ec3-aa5d-5ac1-97c2-27ef7319a318,ccb400e6-dbd8-523c-a120-768e5f153ad2,9dfc0f98-a925-510d-9393-e7e6fe24cdbc,True,True
66af4ec3-aa5d-5ac1-97c2-27ef7319a318,52ec8c9d-6c21-5ec5-b854-ec42eb5193b6,9dfc0f98-a925-510d-9393-e7e6fe24cdbc,True,True
66af4ec3-aa5d-5ac1-97c2-27ef7319a318,44f761cc-4468-55a4-bd85-a754561f505c,9dfc0f98-a925-510d-9393-e7e6fe24cdbc,True,True
66af4ec3-aa5d-5ac1-97c2-27ef7319a318,7a452029-4196-55ca-aecb-9201bd0a3e6d,9dfc0f98-a925-510d-9393-e7e6fe24cdbc,True,True
66af4ec3-aa5d-5ac1-97c2-27ef7319a318,8da9e083-95da-5d9a-99b5-213bcad1ca11,9dfc0f98-a925-510d-9393-e7e6fe24cdbc,True,True
66af4ec3-aa5d-5ac1-97c2-27ef7319a318,79a3f25c-e14f-55db-987d-5f23a1944284,9dfc0f98-a925-510d-9393-e7e6fe24cdbc,True,True
66af4ec3-aa5d-5ac1-97c2-27ef7319a318,bffd11f7-378f-5b31-918b-15de1e77fc14,9dfc0f98-a925-510d-9393-e7e6fe24cdbc,True,True
66af4ec3-aa5d-5ac1-97c2-27ef7319a318,4db9a0e4-ff58-5557-9f69-6d796ebdecc7,9dfc0f98-a925-510d-9393-e7e6fe24cdbc,True,True
66af4ec3-aa5d-5ac1-97c2-27ef7319a318,05f0bd39-8e4d-5508-9783-11800cbbc3e0,9dfc0f98-a925-510d-9393-e7e6fe24cdbc,True,True
66af4ec3-aa5d-5ac1-97c2-27ef7319a318,69f1f5a1-e6cd-5185-ae9a-40c8e18a2832,9dfc0f98-a925-510d-9393-e7e6fe24cdbc,True,True
66af4ec3-aa5d-5ac1-97c2-27ef7319a318,6dc957ee-7204-5072-a53e-bc2bad0d6f2e,9dfc0f98-a925-510d-9393-e7e6fe24cdbc,True,True
66af4ec3-aa5d-5ac1-97c2-27ef7319a318,94578235-ac53-55c5-9259-a30baa6b02df,9dfc0f98-a925-510d-9393-e7e6fe24cdbc,True,True
66af4ec3-aa5d-5ac1-97c2-27ef7319a318,772fd1af-e51b-594f-8d16-d63f497afe30,9dfc0f98-a925-510d-9393-e7e6fe24cdbc,True,True
66af4ec3-aa5d-5ac1-97c2-27ef7319a318,0e315589-e381-51ca-855a-f168adf387d4,9dfc0f98-a925-510d-9393-e7e6fe24cdbc,True,True
66af4ec3-aa5d-5ac1-97c2-27ef7319a318,d2d0a192-af48-5360-8292-185048e0ad9d,9dfc0f98-a925-510d-9393-e7e6fe24cdbc,True,True
66af4ec3-aa5d-5ac1-97c2-27ef7319a318,05f9c7c4-5a18-5035-ab92-1e9626cd520a,9dfc0f98-a925-510d-9393-e7e6fe24cdbc,True,True
66af4ec3-aa5d-5ac1-97c2-27ef7319a318,0398b973-d0e4-52dc-8604-e1ab2098c5c1,9dfc0f98-a925-510d-9393-e7e6fe24cdbc,True,True
66af4ec3-aa5d-5ac1-97c2-27ef7319a318,41bd12c3-fb80-5d2b-88c6-4c91c578037c,9dfc0f98-a925-510d-9393-e7e6fe24cdbc,True,True
66af4ec3-aa5d-5ac1-97c2-27ef7319a318,604af544-4bf2-58dd-b54a-d2729e39a3d0,9dfc0f98-a925-510d-9393-e7e6fe24cdbc,True,True
66af4ec3-aa5d-5ac1-97c2-27ef7319a318,aedcee29-4075-54a9-9efe-e7c8638c7d39,9dfc0f98-a925-510d-9393-e7e6fe24cdbc,True,True
66af4ec3-aa5d-5ac1-97c2-27ef7319a318,2d128db4-c817-5e0c-8a1c-3dfbb8598af2,9dfc0f98-a925-510d-9393-e7e6fe24cdbc,True,True
66af4ec3-aa5d-5ac1-97c2-27ef7319a318,06781b7c-a59e-55ec-b974-26278c75051e,9dfc0f98-a925-510d-9393-e7e6fe24cdbc,True,True
66af4ec3-aa5d-5ac1-97c2-27ef7319a318,54761047-11a1-535c-bff9-df28434db248,9dfc0f98-a925-510d-9393-e7e6fe24cdbc,True,True
66af4ec3-aa5d-5ac1-97c2-27ef7319a318,3e0a6978-b9b9-572c-ab33-24574a4575d2,9dfc0f98-a925-510d-9393-e7e6fe24cdbc,True,True
66af4ec3-aa5d-5ac1-97c2-27ef7319a318,b3f6be8a-8340-5ac6-a822-077059aa18fd,9dfc0f98-a925-510d-9393-e7e6fe24cdbc,True,True
66af4ec3-aa5d-5ac1-97c2-27ef7319a318,b12ab859-8517-5e85-89c0-2135e5cab4db,9dfc0f98-a925-510d-9393-e7e6fe24cdbc,True,True
66af4ec3-aa5d-5ac1-97c2-27ef7319a318,b56675df-ce86-5a0f-9288-cc367b54efa6,9dfc0f98-a925-510d-9393-e7e6fe24cdbc,True,True
66af4ec3-aa5d-5ac1-97c2-27ef7319a318,6ce84970-0145-545f-ba0f-b5430f667f9c,9dfc0f98-a925-510d-9393-e7e6fe24cdbc,True,True
66af4ec3-aa5d-5ac1-97c2-27ef7319a318,1f3f2d4e-ea4a-562b-8f9b-b67b17ed73f6,9dfc0f98-a925-510d-9393-e7e6fe24cdbc,True,True
66af4ec3-aa5d-5ac1-97c2-27ef7319a318,d82a71e8-3b6a-5925-beb1-7a013bc619f3,9dfc0f98-a925-510d-9393-e7e6fe24cdbc,True,True
66af4ec3-aa5d-5ac1-97c2-27ef7319a318,ed91c99c-3f9b-5f06-9ee6-b145c04bfdfc,9dfc0f98-a925-510d-9393-e7e6fe24cdbc,True,True
66af4ec3-aa5d-5ac1-97c2-27ef7319a318,3f22235b-77e2-5faa-8665-677e786b6328,9dfc0f98-a925-510d-9393-e7e6fe24cdbc,True,True
66af4ec3-aa5d-5ac1-97c2-27ef7319a318,234e087c-77a2-5a7d-8a4a-900828a56448,9dfc0f98-a925-510d-9393-e7e6fe24cdbc,True,True
66af4ec3-aa5d-5ac1-97c2-27ef7319a318,604a66f8-3513-5923-a6be-7bd6af411b9e,9dfc0f98-a925-510d-9393-e7e6fe24cdbc,True,True
66af4ec3-aa5d-5ac1-97c2-27ef7319a318,f46c238c-c39f-5938-8ac9-636c0f916a6f,9dfc0f98-a925-510d-9393-e7e6fe24cdbc,True,True
66af4ec3-aa5d-5ac1-97c2-27ef7319a318,7dc347b8-dbf9-5e5e-952a-e67943e597f3,9dfc0f98-a925-510d-9393-e7e6fe24cdbc,True,True
66af4ec3-aa5d-5ac1-97c2-27ef7319a318,e9716375-9aca-5511-8918-67c58d64cf6b,9dfc0f98-a925-510d-9393-e7e6fe24cdbc,True,True
66af4ec3-aa5d-5ac1-97c2-27ef7319a318,0441bd62-788d-5f58-a3ab-96f036f4e09a,9dfc0f98-a925-510d-9393-e7e6fe24cdbc,True,True
66af4ec3-aa5d-5ac1-97c2-27ef7319a318,73786e21-a4fd-5e16-b48a-015a20f2049a,9dfc0f98-a925-510d-9393-e7e6fe24cdbc,True,True
66af4ec3-aa5d-5ac1-97c2-27ef7319a318,5a60ead4-1511-55df-924f-0f97c0db1657,9dfc0f98-a925-510d-9393-e7e6fe24cdbc,True,True
66af4ec3-aa5d-5ac1-97c2-27ef7319a318,a6df24b3-1107-53c5-91f2-ba44adabcdf3,9dfc0f98-a925-510d-9393-e7e6fe24cdbc,True,True
66af4ec3-aa5d-5ac1-97c2-27ef7319a318,aaa67f23-7b51-5af5-88d1-af75bb69da69,9dfc0f98-a925-510d-9393-e7e6fe24cdbc,True,True
66af4ec3-aa5d-5ac1-97c2-27ef7319a318,4ca1d241-f4ed-56ac-a5d2-2aee444b4608,9dfc0f98-a925-510d-9393-e7e6fe24cdbc,True,True
66af4ec3-aa5d-5ac1-97c2-27ef7319a318,2bafc807-f1c8-5cb3-8e90-408da5eefd5a,9dfc0f98-a925-510d-9393-e7e6fe24cdbc,True,True
66af4ec3-aa5d-5ac1-97c2-27ef7319a318,f1eb0b04-8caa-53f3-b072-f34af1ba59d7,9dfc0f98-a925-510d-9393-e7e6fe24cdbc,True,True
66af4ec3-aa5d-5ac1-97c2-27ef7319a318,ef4a4f35-5c14-574b-aa4c-cb0b250e1e37,9dfc0f98-a925-510d-9393-e7e6fe24cdbc,True,True
66af4ec3-aa5d-5ac1-97c2-27ef7319a318,3fd1906d-a1f5-53e4-8df0-9b67e5073c02,9dfc0f98-a925-510d-9393-e7e6fe24cdbc,True,True
66af4ec3-aa5d-5ac1-97c2-27ef7319a318,b3299bbd-a51c-5fae-aa42-a961dafe0096,9dfc0f98-a925-510d-9393-e7e6fe24cdbc,True,True
66af4ec3-aa5d-5ac1-97c2-27ef7319a318,c68ee485-1fdc-56d7-ad49-c9375a480410,9dfc0f98-a925-510d-9393-e7e6fe24cdbc,True,True
66af4ec3-aa5d-5ac1-97c2-27ef7319a318,ccc84f27-26a9-5733-990d-679baca5845e,9dfc0f98-a925-510d-9393-e7e6fe24cdbc,True,True
66af4ec3-aa5d-5ac1-97c2-27ef7319a318,c4f76667-dcaf-5a9a-b366-89b82a2cd27c,9dfc0f98-a925-510d-9393-e7e6fe24cdbc,True,True
66af4ec3-aa5d-5ac1-97c2-27ef7319a318,6b179c5c-8a1f-5bcc-8622-2ca8c0225d72,9dfc0f98-a925-510d-9393-e7e6fe24cdbc,True,True
66af4ec3-aa5d-5ac1-97c2-27ef7319a318,83f0d47a-65c1-5553-b78c-ac216621265a,9dfc0f98-a925-510d-9393-e7e6fe24cdbc,True,True
66af4ec3-aa5d-5ac1-97c2-27ef7319a318,be90c522-e26b-5cd1-8c19-655a13e01261,9dfc0f98-a925-510d-9393-e7e6fe24cdbc,True,True
66af4ec3-aa5d-5ac1-97c2-27ef7319a318,e78e87bc-49ed-5ac2-a2c6-2c77fda31161,9dfc0f98-a925-510d-9393-e7e6fe24cdbc,True,True
66af4ec3-aa5d-5ac1-97c2-27ef7319a318,c8f866fa-051f-5837-9281-0a71105fe8ff,9dfc0f98-a925-510d-9393-e7e6fe24cdbc,True,True
66af4ec3-aa5d-5ac1-97c2-27ef7319a318,9cf22f9b-acfa-5ee8-9969-8b947fbe9c1c,9dfc0f98-a925-510d-9393-e7e6fe24cdbc,True,True
66af4ec3-aa5d-5ac1-97c2-27ef7319a318,6eda2acf-f184-5a88-9787-d0763bfa8a85,9dfc0f98-a925-510d-9393-e7e6fe24cdbc,True,True
66af4ec3-aa5d-5ac1-97c2-27ef7319a318,ccfbfbe2-7970-5841-bc99-aceff5b3868a,9dfc0f98-a925-510d-9393-e7e6fe24cdbc,True,True
66af4ec3-aa5d-5ac1-97c2-27ef7319a318,a72b0774-9d9b-59e5-bd8c-876b3642ee80,9dfc0f98-a925-510d-9393-e7e6fe24cdbc,True,True
66af4ec3-aa5d-5ac1-97c2-27ef7319a318,a0be7d55-512a-5307-9755-be898e1d3694,9dfc0f98-a925-510d-9393-e7e6fe24cdbc,True,True
66af4ec3-aa5d-5ac1-97c2-27ef7319a318,557f2bae-78f7-5496-8766-f86849040d0d,9dfc0f98-a925-510d-9393-e7e6fe24cdbc,True,True
66af4ec3-aa5d-5ac1-97c2-27ef7319a318,168dc9bd-4501-5474-bac0-e69cc1dba88e,9dfc0f98-a925-510d-9393-e7e6fe24cdbc,True,True
66af4ec3-aa5d-5ac1-97c2-27ef7319a318,20d2452e-4f85-555d-9769-09615452ec70,9dfc0f98-a925-510d-9393-e7e6fe24cdbc,True,True
66af4ec3-aa5d-5ac1-97c2-27ef7319a318,57108e45-3b79-55a3-8f8e-97eb91333010,9dfc0f98-a925-510d-9393-e7e6fe24cdbc,True,True
66af4ec3-aa5d-5ac1-97c2-27ef7319a318,26ec2529-1751-5634-8a31-adf34e79ea08,9dfc0f98-a925-510d-9393-e7e6fe24cdbc,True,True
66af4ec3-aa5d-5ac1-97c2-27ef7319a318,5e20fd9a-0995-5ea1-bde1-b013bf64b1a2,9dfc0f98-a925-510d-9393-e7e6fe24cdbc,True,True
66af4ec3-aa5d-5ac1-97c2-27ef7319a318,e2eb02f6-36a9-5481-befc-1882f9c5f60c,9dfc0f98-a925-510d-9393-e7e6fe24cdbc,True,True
66af4ec3-aa5d-5ac1-97c2-27ef7319a318,5f62155b-d307-5a0c-bebd-4b34d72f89d5,9dfc0f98-a925-510d-9393-e7e6fe24cdbc,True,True
66af4ec3-aa5d-5ac1-97c2-27ef7319a318,0d331bdb-6e70-553c-99be-e40d60ed6619,9dfc0f98-a925-510d-9393-e7e6fe24cdbc,True,True
66af4ec3-aa5d-5ac1-97c2-27ef7319a318,28d9f7ed-04aa-545a-a031-7e3da60b4cd6,9dfc0f98-a925-510d-9393-e7e6fe24cdbc,True,True
66af4ec3-aa5d-5ac1-97c2-27ef7319a318,7a4a3b72-d79c-5f67-9745-a9babfb79c35,9dfc0f98-a925-510d-9393-e7e6fe24cdbc,True,True
66af4ec3-aa5d-5ac1-97c2-27ef7319a318,50656a51-023a-5aba-967e-e20cecf7923f,9dfc0f98-a925-510d-9393-e7e6fe24cdbc,True,True
66af4ec3-aa5d-5ac1-97c2-27ef7319a318,aab6aa8d-8470-5858-80f2-1abbe489197f,9dfc0f98-a925-510d-9393-e7e6fe24cdbc,True,True
66af4ec3-aa5d-5ac1-97c2-27ef7319a318,b2b43e83-6a37-56db-b5ef-d43983bd501d,9dfc0f98-a925-510d-9393-e7e6fe24cdbc,True,True
66af4ec3-aa5d-5ac1-97c2-27ef7319a318,24f3f9cb-bd1b-574e-afbc-cf2de52aa9b8,9dfc0f98-a925-510d-9393-e7e6fe24cdbc,True,True
66af4ec3-aa5d-5ac1-97c2-27ef7319a318,d1bfa8ca-879f-5a19-828d-98d29db62374,9dfc0f98-a925-510d-9393-e7e6fe24cdbc,True,True
66af4ec3-aa5d-5ac1-97c2-27ef7319a318,909def82-332e-5e90-9471-1119ed2d3d8a,9dfc0f98-a925-510d-9393-e7e6fe24cdbc,True,True
66af4ec3-aa5d-5ac1-97c2-27ef7319a318,c8c7b559-5ba5-5659-ab83-1d8e0c377e4c,9dfc0f98-a925-510d-9393-e7e6fe24cdbc,True,True
66af4ec3-aa5d-5ac1-97c2-27ef7319a318,68e182f5-ae5f-5801-a63a-5341ff9d8209,9dfc0f98-a925-510d-9393-e7e6fe24cdbc,True,True
66af4ec3-aa5d-5ac1-97c2-27ef7319a318,58a0a3a6-39c9-52f1-996e-9f2a4e1cec93,9dfc0f98-a925-510d-9393-e7e6fe24cdbc,True,True
66af4ec3-aa5d-5ac1-97c2-27ef7319a318,b7e9b474-92a4-54e5-9541-cf3a515ec742,9dfc0f98-a925-510d-9393-e7e6fe24cdbc,True,True
66af4ec3-aa5d-5ac1-97c2-27ef7319a318,2ccb330b-6814-5739-bb9b-8a36eaddb594,9dfc0f98-a925-510d-9393-e7e6fe24cdbc,True,True
66af4ec3-aa5d-5ac1-97c2-27ef7319a318,2ed00c78-fb14-5557-9cdf-791052b6945a,9dfc0f98-a925-510d-9393-e7e6fe24cdbc,True,True
66af4ec3-aa5d-5ac1-97c2-27ef7319a318,f80f065d-08b7-5757-962b-408a978c138d,9dfc0f98-a925-510d-9393-e7e6fe24cdbc,True,True
66af4ec3-aa5d-5ac1-97c2-27ef7319a318,e6b39402-83c0-517d-96db-e0fe61e53c83,9dfc0f98-a925-510d-9393-e7e6fe24cdbc,True,True
66af4ec3-aa5d-5ac1-97c2-27ef7319a318,fe4ec44e-18eb-518b-a093-3255178122bc,9dfc0f98-a925-510d-9393-e7e6fe24cdbc,True,True
66af4ec3-aa5d-5ac1-97c2-27ef7319a318,95b2e313-8022-5534-a757-071e762c8563,9dfc0f98-a925-510d-9393-e7e6fe24cdbc,True,True
66af4ec3-aa5d-5ac1-97c2-27ef7319a318,b2873979-9d96-5252-8d83-65779fc262ad,9dfc0f98-a925-510d-9393-e7e6fe24cdbc,True,True
66af4ec3-aa5d-5ac1-97c2-27ef7319a318,c0201d7e-8fd4-5a32-ade9-7ac9d0d05c10,9dfc0f98-a925-510d-9393-e7e6fe24cdbc,True,True
66af4ec3-aa5d-5ac1-97c2-27ef7319a318,dcdcac45-d4f7-5d53-8832-6c8aeed728b6,9dfc0f98-a925-510d-9393-e7e6fe24cdbc,True,True
66af4ec3-aa5d-5ac1-97c2-27ef7319a318,f71fa173-d69d-5296-ba3b-93961291f09e,9dfc0f98-a925-510d-9393-e7e6fe24cdbc,True,True
66af4ec3-aa5d-5ac1-97c2-27ef7319a318,5cac50ba-7fb7-5b91-b821-d0b00a097486,9dfc0f98-a925-510d-9393-e7e6fe24cdbc,True,True
66af4ec3-aa5d-5ac1-97c2-27ef7319a318,adf2bb2c-96f6-5ed8-a09d-5146f9ff5bd8,9dfc0f98-a925-510d-9393-e7e6fe24cdbc,True,True
66af4ec3-aa5d-5ac1-97c2-27ef7319a318,59820c31-79bf-5711-8a13-028031385d55,9dfc0f98-a925-510d-9393-e7e6fe24cdbc,True,True
66af4ec3-aa5d-5ac1-97c2-27ef7319a318,904b773c-6f32-5a1d-8033-f5bd76ca9206,9dfc0f98-a925-510d-9393-e7e6fe24cdbc,True,True
66af4ec3-aa5d-5ac1-97c2-27ef7319a318,c0ad3b3d-4125-51d9-a180-e78b819027d6,9dfc0f98-a925-510d-9393-e7e6fe24cdbc,True,True
66af4ec3-aa5d-5ac1-97c2-27ef7319a318,f39f2116-53d3-560f-bf8e-3fb3fe0c5fd6,9dfc0f98-a925-510d-9393-e7e6fe24cdbc,True,True
66af4ec3-aa5d-5ac1-97c2-27ef7319a318,adbb5a6a-7e57-5e7d-bda1-44cdb963dc0d,9dfc0f98-a925-510d-9393-e7e6fe24cdbc,True,True
66af4ec3-aa5d-5ac1-97c2-27ef7319a318,423f3626-ff71-5cb5-b7e4-60a16be12b4a,9dfc0f98-a925-510d-9393-e7e6fe24cdbc,True,True
66af4ec3-aa5d-5ac1-97c2-27ef7319a318,8da1ce7c-ba3f-5d05-aa7f-f1f8cc82c827,9dfc0f98-a925-510d-9393-e7e6fe24cdbc,True,True
66af4ec3-aa5d-5ac1-97c2-27ef7319a318,4dc94cb2-0507-5174-b4c4-01609a907bd8,9dfc0f98-a925-510d-9393-e7e6fe24cdbc,True,True
66af4ec3-aa5d-5ac1-97c2-27ef7319a318,8c5858f1-6824-5594-93fc-bb55eb743319,9dfc0f98-a925-510d-9393-e7e6fe24cdbc,True,True
66af4ec3-aa5d-5ac1-97c2-27ef7319a318,1972ec4b-8f48-5f72-9d05-52fa887512d6,9dfc0f98-a925-510d-9393-e7e6fe24cdbc,True,True
66af4ec3-aa5d-5ac1-97c2-27ef7319a318,fe995c5c-3fdc-5848-97f5-443da32d0028,9dfc0f98-a925-510d-9393-e7e6fe24cdbc,True,True
66af4ec3-aa5d-5ac1-97c2-27ef7319a318,a0e061ce-c5d7-596f-931b-c36c129ad22a,9dfc0f98-a925-510d-9393-e7e6fe24cdbc,True,True
66af4ec3-aa5d-5ac1-97c2-27ef7319a318,936c6553-d3c5-52d4-bbb2-8ee0a05066ff,9dfc0f98-a925-510d-9393-e7e6fe24cdbc,True,True
66af4ec3-aa5d-5ac1-97c2-27ef7319a318,0df0d2ea-bbab-507a-bc1d-f8624317e0e9,9dfc0f98-a925-510d-9393-e7e6fe24cdbc,True,True
66af4ec3-aa5d-5ac1-97c2-27ef7319a318,87f3cd8d-798b-525f-ba2d-a53fdc752e51,9dfc0f98-a925-510d-9393-e7e6fe24cdbc,True,True
66af4ec3-aa5d-5ac1-97c2-27ef7319a318,12aa915c-ffa1-5334-8fa4-98eb45923370,9dfc0f98-a925-510d-9393-e7e6fe24cdbc,True,True
66af4ec3-aa5d-5ac1-97c2-27ef7319a318,e4feb93c-1703-540d-8c53-7779dbd1835b,9dfc0f98-a925-510d-9393-e7e6fe24cdbc,True,True
66af4ec3-aa5d-5ac1-97c2-27ef7319a318,c5b597c6-1d4b-5dcc-bf0e-d5e7c24948d3,9dfc0f98-a925-510d-9393-e7e6fe24cdbc,True,True
66af4ec3-aa5d-5ac1-97c2-27ef7319a318,ed94642c-38c4-5931-8d32-c5ce8a423a4d,9dfc0f98-a925-510d-9393-e7e6fe24cdbc,True,True
66af4ec3-aa5d-5ac1-97c2-27ef7319a318,d43497a7-0591-5102-9570-0211de6ffd30,9dfc0f98-a925-510d-9393-e7e6fe24cdbc,True,True
66af4ec3-aa5d-5ac1-97c2-27ef7319a318,4262bc50-a722-5fae-8415-496a2e745ead,9dfc0f98-a925-510d-9393-e7e6fe24cdbc,True,True
66af4ec3-aa5d-5ac1-97c2-27ef7319a318,3065a0d0-8395-5ae0-b574-f637e1243b57,9dfc0f98-a925-510d-9393-e7e6fe24cdbc,True,True
66af4ec3-aa5d-5ac1-97c2-27ef7319a318,52344705-4a38-58f8-9baa-e61aac647282,9dfc0f98-a925-510d-9393-e7e6fe24cdbc,True,True
66af4ec3-aa5d-5ac1-97c2-27ef7319a318,d526501e-2d58-5901-800f-a849198616eb,9dfc0f98-a925-510d-9393-e7e6fe24cdbc,True,True
66af4ec3-aa5d-5ac1-97c2-27ef7319a318,0f8a20da-637a-5f6b-b2fb-b798a791d2ab,9dfc0f98-a925-510d-9393-e7e6fe24cdbc,True,True
66af4ec3-aa5d-5ac1-97c2-27ef7319a318,a237497d-ffee-5721-a6d1-11c7e72c9ba9,9dfc0f98-a925-510d-9393-e7e6fe24cdbc,True,True
66af4ec3-aa5d-5ac1-97c2-27ef7319a318,c3daf1e8-62a4-5582-b604-2aed8a487467,9dfc0f98-a925-510d-9393-e7e6fe24cdbc,True,True
66af4ec3-aa5d-5ac1-97c2-27ef7319a318,e1cef76a-a7b6-5253-83d9-8f1275ca9080,9dfc0f98-a925-510d-9393-e7e6fe24cdbc,True,True
66af4ec3-aa5d-5ac1-97c2-27ef7319a318,6c8a6399-b5f1-5095-9d71-f57631ac0b48,9dfc0f98-a925-510d-9393-e7e6fe24cdbc,True,True
66af4ec3-aa5d-5ac1-97c2-27ef7319a318,1f8dd4bd-ba1f-5e12-a344-59c4aa8989d3,9dfc0f98-a925-510d-9393-e7e6fe24cdbc,True,True
66af4ec3-aa5d-5ac1-97c2-27ef7319a318,8ed3bd2b-288b-5890-83cd-1cfd7fededd8,9dfc0f98-a925-510d-9393-e7e6fe24cdbc,True,True
66af4ec3-aa5d-5ac1-97c2-27ef7319a318,47f0c669-4a8e-58de-9041-c5070ba16dc7,9dfc0f98-a925-510d-9393-e7e6fe24cdbc,True,True
66af4ec3-aa5d-5ac1-97c2-27ef7319a318,050ed63a-f7d3-5cb8-8396-3746709a9f66,9dfc0f98-a925-510d-9393-e7e6fe24cdbc,True,True
66af4ec3-aa5d-5ac1-97c2-27ef7319a318,f445a313-984d-5b2b-8560-240d2ea5c680,9dfc0f98-a925-510d-9393-e7e6fe24cdbc,True,True
66af4ec3-aa5d-5ac1-97c2-27ef7319a318,769ec4d0-dc83-5ada-8d9c-268d95b309f3,9dfc0f98-a925-510d-9393-e7e6fe24cdbc,True,True
66af4ec3-aa5d-5ac1-97c2-27ef7319a318,b9b0c778-7d7d-5d89-8242-a799833dfbe6,9dfc0f98-a925-510d-9393-e7e6fe24cdbc,True,True
66af4ec3-aa5d-5ac1-97c2-27ef7319a318,439b5c94-55f3-5828-9337-be6bc46dbb41,9dfc0f98-a925-510d-9393-e7e6fe24cdbc,True,True
66af4ec3-aa5d-5ac1-97c2-27ef7319a318,24ce06f3-4b42-5c92-a8fc-74bba58ebea2,9dfc0f98-a925-510d-9393-e7e6fe24cdbc,True,True
66af4ec3-aa5d-5ac1-97c2-27ef7319a318,fa1fdc01-56e9-5364-927c-e26cb520afee,9dfc0f98-a925-510d-9393-e7e6fe24cdbc,True,True
66af4ec3-aa5d-5ac1-97c2-27ef7319a318,98c86f66-1615-55f6-a40c-4da8b199f3a5,9dfc0f98-a925-510d-9393-e7e6fe24cdbc,True,True
66af4ec3-aa5d-5ac1-97c2-27ef7319a318,bb76b9ab-4273-568a-9a56-508c66ba566f,9dfc0f98-a925-510d-9393-e7e6fe24cdbc,True,True
66af4ec3-aa5d-5ac1-97c2-27ef7319a318,14071112-9b30-56d9-b6c9-12f524e83226,9dfc0f98-a925-510d-9393-e7e6fe24cdbc,True,True
66af4ec3-aa5d-5ac1-97c2-27ef7319a318,45054c9a-65ba-5bf9-9664-69ebda8905c9,9dfc0f98-a925-510d-9393-e7e6fe24cdbc,True,True
66af4ec3-aa5d-5ac1-97c2-27ef7319a318,664363f4-d0f9-530c-beca-f2440a8d760d,9dfc0f98-a925-510d-9393-e7e6fe24cdbc,True,True
66af4ec3-aa5d-5ac1-97c2-27ef7319a318,fbb24b5b-c1c0-5ea3-bd31-7adbaa79c9c0,9dfc0f98-a925-510d-9393-e7e6fe24cdbc,True,True
66af4ec3-aa5d-5ac1-97c2-27ef7319a318,19a14462-eed7-55de-8e54-f7ee9abf496b,9dfc0f98-a925-510d-9393-e7e6fe24cdbc,True,True
66af4ec3-aa5d-5ac1-97c2-27ef7319a318,8ba6c755-fc22-5215-b0a2-133bc3083c32,9dfc0f98-a925-510d-9393-e7e6fe24cdbc,True,True
66af4ec3-aa5d-5ac1-97c2-27ef7319a318,c2d4190e-5e01-57a3-ac9b-e87240b7a43f,9dfc0f98-a925-510d-9393-e7e6fe24cdbc,True,True
66af4ec3-aa5d-5ac1-97c2-27ef7319a318,94bfde65-2882-5e56-8cc0-48092975736b,9dfc0f98-a925-510d-9393-e7e6fe24cdbc,True,True
66af4ec3-aa5d-5ac1-97c2-27ef7319a318,20a7cda3-06d8-5b40-906f-aae258dfd749,9dfc0f98-a925-510d-9393-e7e6fe24cdbc,True,True
66af4ec3-aa5d-5ac1-97c2-27ef7319a318,190498af-8d46-5cc4-9b31-91eea8e50b35,9dfc0f98-a925-510d-9393-e7e6fe24cdbc,True,True
66af4ec3-aa5d-5ac1-97c2-27ef7319a318,4bad244c-3ffe-5525-b255-bf6d416a54c1,9dfc0f98-a925-510d-9393-e7e6fe24cdbc,True,True
66af4ec3-aa5d-5ac1-97c2-27ef7319a318,83517d53-6325-5a7d-8af5-c785c7d313af,9dfc0f98-a925-510d-9393-e7e6fe24cdbc,True,True
66af4ec3-aa5d-5ac1-97c2-27ef7319a318,6c3ff1e5-783c-5593-91e5-464d6b8533f3,9dfc0f98-a925-510d-9393-e7e6fe24cdbc,True,True
66af4ec3-aa5d-5ac1-97c2-27ef7319a318,2d71a44d-3eb0-554c-9b91-f1a1c76930c6,9dfc0f98-a925-510d-9393-e7e6fe24cdbc,True,True
66af4ec3-aa5d-5ac1-97c2-27ef7319a318,70d7179c-3e1d-502f-b86f-80195c6c6f0b,a98614ad-8371-5708-ab8d-d9d02741db6c,True,True
66af4ec3-aa5d-5ac1-97c2-27ef7319a318,ce5cf533-4dd1-5b85-8371-877d9b174f06,a98614ad-8371-5708-ab8d-d9d02741db6c,True,True
66af4ec3-aa5d-5ac1-97c2-27ef7319a318,144d04ed-2530-5e23-8160-3817c5549a67,a98614ad-8371-5708-ab8d-d9d02741db6c,True,True
66af4ec3-aa5d-5ac1-97c2-27ef7319a318,c83bd294-4cf5-54aa-a55b-01d4276ec8b6,a98614ad-8371-5708-ab8d-d9d02741db6c,True,True
66af4ec3-aa5d-5ac1-97c2-27ef7319a318,9f105a1e-bf86-59c4-afcc-f650c76cc216,a98614ad-8371-5708-ab8d-d9d02741db6c,True,True
66af4ec3-aa5d-5ac1-97c2-27ef7319a318,04087d94-f889-5a16-942c-c01db129935d,a98614ad-8371-5708-ab8d-d9d02741db6c,True,True
66af4ec3-aa5d-5ac1-97c2-27ef7319a318,cdeac008-233a-5791-b4e1-17df138f8c27,a98614ad-8371-5708-ab8d-d9d02741db6c,True,True
66af4ec3-aa5d-5ac1-97c2-27ef7319a318,31eb890e-f99c-5ea6-b4e9-1f6f55a03896,a98614ad-8371-5708-ab8d-d9d02741db6c,True,True
66af4ec3-aa5d-5ac1-97c2-27ef7319a318,13398bcb-3ca5-5fff-b1e4-2b7d82646233,a98614ad-8371-5708-ab8d-d9d02741db6c,True,True
66af4ec3-aa5d-5ac1-97c2-27ef7319a318,f6235ac3-b24d-5112-9bfc-472e8ed78d95,a98614ad-8371-5708-ab8d-d9d02741db6c,True,True
66af4ec3-aa5d-5ac1-97c2-27ef7319a318,c1b14a35-db68-5d47-b969-206fe31d4f99,a98614ad-8371-5708-ab8d-d9d02741db6c,True,True
66af4ec3-aa5d-5ac1-97c2-27ef7319a318,27caa49a-df0a-5f2b-8423-ad5d5b71b422,a98614ad-8371-5708-ab8d-d9d02741db6c,True,True
66af4ec3-aa5d-5ac1-97c2-27ef7319a318,ab1e7e23-a502-5ccc-82f0-c829c71f0b49,a98614ad-8371-5708-ab8d-d9d02741db6c,True,True
66af4ec3-aa5d-5ac1-97c2-27ef7319a318,3e02a714-a52f-5288-9742-f6817119d1e6,a98614ad-8371-5708-ab8d-d9d02741db6c,True,True
66af4ec3-aa5d-5ac1-97c2-27ef7319a318,dfd815cb-5b36-50de-a61c-e639cb4cf078,a98614ad-8371-5708-ab8d-d9d02741db6c,True,True
66af4ec3-aa5d-5ac1-97c2-27ef7319a318,885d199e-0f96-58e3-bf3d-091bb20170db,a98614ad-8371-5708-ab8d-d9d02741db6c,True,True
66af4ec3-aa5d-5ac1-97c2-27ef7319a318,f7caa364-0f7b-5942-8e59-858c9fdb4792,a98614ad-8371-5708-ab8d-d9d02741db6c,True,True
66af4ec3-aa5d-5ac1-97c2-27ef7319a318,46c37681-087a-549b-b537-6d7de296ef0a,a98614ad-8371-5708-ab8d-d9d02741db6c,True,True
66af4ec3-aa5d-5ac1-97c2-27ef7319a318,7c4580e9-f0d7-5b90-9d2a-b0fbf194664f,a98614ad-8371-5708-ab8d-d9d02741db6c,True,True
66af4ec3-aa5d-5ac1-97c2-27ef7319a318,5b0b23e8-1b0d-530d-ae63-60ac828e3f39,a98614ad-8371-5708-ab8d-d9d02741db6c,True,True
66af4ec3-aa5d-5ac1-97c2-27ef7319a318,d3a47605-a970-5708-8558-98ce12eb3b00,a98614ad-8371-5708-ab8d-d9d02741db6c,True,True
66af4ec3-aa5d-5ac1-97c2-27ef7319a318,6d14e77e-c602-5c2c-a9c9-cde42119d65d,a98614ad-8371-5708-ab8d-d9d02741db6c,True,True
66af4ec3-aa5d-5ac1-97c2-27ef7319a318,9ecb850e-9412-5665-86f6-549b5719c963,a98614ad-8371-5708-ab8d-d9d02741db6c,True,True
66af4ec3-aa5d-5ac1-97c2-27ef7319a318,7fccae01-5cbc-5582-9d51-11dea82fcac5,a98614ad-8371-5708-ab8d-d9d02741db6c,True,True
66af4ec3-aa5d-5ac1-97c2-27ef7319a318,631d9134-5c92-5239-b649-a4db583f9de1,a98614ad-8371-5708-ab8d-d9d02741db6c,True,True
66af4ec3-aa5d-5ac1-97c2-27ef7319a318,8e695591-2141-513f-86c0-6879f6c158f0,a98614ad-8371-5708-ab8d-d9d02741db6c,True,True
66af4ec3-aa5d-5ac1-97c2-27ef7319a318,2e4cbb9d-f77c-5bc3-aaa4-11ae038c7e66,a98614ad-8371-5708-ab8d-d9d02741db6c,True,True
66af4ec3-aa5d-5ac1-97c2-27ef7319a318,a1b053d1-ba00-56a8-879f-5cc7bfb3b0cc,a98614ad-8371-5708-ab8d-d9d02741db6c,True,True
66af4ec3-aa5d-5ac1-97c2-27ef7319a318,395057d6-5678-5b84-9a58-fb2ceabaa540,a98614ad-8371-5708-ab8d-d9d02741db6c,True,True
66af4ec3-aa5d-5ac1-97c2-27ef7319a318,265d5f3a-eed5-54f4-acde-984782074aa7,a98614ad-8371-5708-ab8d-d9d02741db6c,True,True
66af4ec3-aa5d-5ac1-97c2-27ef7319a318,0565f351-fc41-5836-b233-f43ebc465fa8,a98614ad-8371-5708-ab8d-d9d02741db6c,True,True
66af4ec3-aa5d-5ac1-97c2-27ef7319a318,2fa87166-979a-57b3-98ca-91224b5eaada,a98614ad-8371-5708-ab8d-d9d02741db6c,True,True
66af4ec3-aa5d-5ac1-97c2-27ef7319a318,a6320285-b10b-5acb-99f3-8b25bcf25e0a,a98614ad-8371-5708-ab8d-d9d02741db6c,True,True
66af4ec3-aa5d-5ac1-97c2-27ef7319a318,200e4b62-d366-56c9-81e6-c96e0680cd22,a98614ad-8371-5708-ab8d-d9d02741db6c,True,True
66af4ec3-aa5d-5ac1-97c2-27ef7319a318,b1074f46-faac-52fe-b71e-54d68587bb7e,a98614ad-8371-5708-ab8d-d9d02741db6c,True,True
66af4ec3-aa5d-5ac1-97c2-27ef7319a318,a31bd5ea-7b3e-5872-b0ef-cdd135c32637,a98614ad-8371-5708-ab8d-d9d02741db6c,True,True
66af4ec3-aa5d-5ac1-97c2-27ef7319a318,826bd8c5-d1dc-5033-a665-89e5f54800eb,a98614ad-8371-5708-ab8d-d9d02741db6c,True,True
66af4ec3-aa5d-5ac1-97c2-27ef7319a318,a4664552-8119-596f-83ee-eb0951c4f9c2,a98614ad-8371-5708-ab8d-d9d02741db6c,True,True
66af4ec3-aa5d-5ac1-97c2-27ef7319a318,9c6591e9-ea2f-5c27-84c1-24ab8889f982,a98614ad-8371-5708-ab8d-d9d02741db6c,True,True
66af4ec3-aa5d-5ac1-97c2-27ef7319a318,c0a3029b-5591-5b12-9eae-5437589addff,a98614ad-8371-5708-ab8d-d9d02741db6c,True,True
66af4ec3-aa5d-5ac1-97c2-27ef7319a318,a3a5ba8f-48c8-59c2-8525-2c12bfe354ad,a98614ad-8371-5708-ab8d-d9d02741db6c,True,True
66af4ec3-aa5d-5ac1-97c2-27ef7319a318,62f7d4db-7745-589b-86e3-ccf76b8b9cd3,a98614ad-8371-5708-ab8d-d9d02741db6c,True,True
66af4ec3-aa5d-5ac1-97c2-27ef7319a318,eb81de54-3871-5b49-ba5c-0a500aa06431,a98614ad-8371-5708-ab8d-d9d02741db6c,True,True
66af4ec3-aa5d-5ac1-97c2-27ef7319a318,b375f909-8885-5a2e-bd56-f24c71b036cd,a98614ad-8371-5708-ab8d-d9d02741db6c,True,True
66af4ec3-aa5d-5ac1-97c2-27ef7319a318,53205fc7-923d-58c3-81d7-24c65bb7cb58,a98614ad-8371-5708-ab8d-d9d02741db6c,True,True
66af4ec3-aa5d-5ac1-97c2-27ef7319a318,4e589db9-0cd4-5481-a147-82afde1bd6e8,a98614ad-8371-5708-ab8d-d9d02741db6c,True,True
66af4ec3-aa5d-5ac1-97c2-27ef7319a318,204ed336-190d-5c59-9513-6867409a7dae,a98614ad-8371-5708-ab8d-d9d02741db6c,True,True
66af4ec3-aa5d-5ac1-97c2-27ef7319a318,4ad98445-d635-52ac-b5d4-6ef384783af2,a98614ad-8371-5708-ab8d-d9d02741db6c,True,True
66af4ec3-aa5d-5ac1-97c2-27ef7319a318,0382bd50-d3f7-586d-ba0e-9cc7dbb9f8bb,a98614ad-8371-5708-ab8d-d9d02741db6c,True,True
66af4ec3-aa5d-5ac1-97c2-27ef7319a318,ae4d45fe-a0f7-537c-a832-bff52991cd96,a98614ad-8371-5708-ab8d-d9d02741db6c,True,True
66af4ec3-aa5d-5ac1-97c2-27ef7319a318,313bceb9-0ce0-54e2-bb17-c97886c056c1,a98614ad-8371-5708-ab8d-d9d02741db6c,True,True
66af4ec3-aa5d-5ac1-97c2-27ef7319a318,e1ad74dc-4556-52e2-8d84-dc08581d8d63,a98614ad-8371-5708-ab8d-d9d02741db6c,True,True
66af4ec3-aa5d-5ac1-97c2-27ef7319a318,910a0f77-fa9f-5ddc-8dbe-25de82282023,a98614ad-8371-5708-ab8d-d9d02741db6c,True,True
66af4ec3-aa5d-5ac1-97c2-27ef7319a318,b753c8b5-a9e3-57a4-836a-31ad54f196fe,a98614ad-8371-5708-ab8d-d9d02741db6c,True,True
66af4ec3-aa5d-5ac1-97c2-27ef7319a318,03d9c7af-5efb-56e8-b1cb-d63826eaa15a,a98614ad-8371-5708-ab8d-d9d02741db6c,True,True
66af4ec3-aa5d-5ac1-97c2-27ef7319a318,10eee9af-d7ae-5158-92a0-3abf65bb3243,a98614ad-8371-5708-ab8d-d9d02741db6c,True,True
66af4ec3-aa5d-5ac1-97c2-27ef7319a318,ef8c67cf-e56c-55ef-919e-c3e9408ef6f2,a98614ad-8371-5708-ab8d-d9d02741db6c,True,True
66af4ec3-aa5d-5ac1-97c2-27ef7319a318,6df9ef2f-ee93-5136-b045-61dca2947ed5,a98614ad-8371-5708-ab8d-d9d02741db6c,True,True
66af4ec3-aa5d-5ac1-97c2-27ef7319a318,0eb6787f-47fd-5127-a7dc-bd92c7e8015c,a98614ad-8371-5708-ab8d-d9d02741db6c,True,True
66af4ec3-aa5d-5ac1-97c2-27ef7319a318,1d39eafa-2fac-506c-a665-27f7988c1753,a98614ad-8371-5708-ab8d-d9d02741db6c,True,True
66af4ec3-aa5d-5ac1-97c2-27ef7319a318,2b7ad485-43da-5c31-8ee5-6b4deb0ca84a,a98614ad-8371-5708-ab8d-d9d02741db6c,True,True
66af4ec3-aa5d-5ac1-97c2-27ef7319a318,eb5c1fe2-abd7-58ba-8180-985a9b06de00,a98614ad-8371-5708-ab8d-d9d02741db6c,True,True
66af4ec3-aa5d-5ac1-97c2-27ef7319a318,b695f38d-b7cc-594b-bf7c-a6848bdc0a83,a98614ad-8371-5708-ab8d-d9d02741db6c,True,True
66af4ec3-aa5d-5ac1-97c2-27ef7319a318,9869c9b3-e263-5786-8d10-a582c48abd03,a98614ad-8371-5708-ab8d-d9d02741db6c,True,True
66af4ec3-aa5d-5ac1-97c2-27ef7319a318,3e1aad0e-19ef-56d9-acd3-3aa866b6797c,a98614ad-8371-5708-ab8d-d9d02741db6c,True,True
66af4ec3-aa5d-5ac1-97c2-27ef7319a318,6f055c3a-c89a-5fdb-82ca-d69d1de2650c,a98614ad-8371-5708-ab8d-d9d02741db6c,True,True
66af4ec3-aa5d-5ac1-97c2-27ef7319a318,163f03dd-4b28-599e-8a10-6ad8e2de3c9c,a98614ad-8371-5708-ab8d-d9d02741db6c,True,True
66af4ec3-aa5d-5ac1-97c2-27ef7319a318,84747069-31bf-58aa-adcd-c6e840e9c700,a98614ad-8371-5708-ab8d-d9d02741db6c,True,True
66af4ec3-aa5d-5ac1-97c2-27ef7319a318,c2c1e45f-42ad-530b-b804-15839390f237,a98614ad-8371-5708-ab8d-d9d02741db6c,True,True
66af4ec3-aa5d-5ac1-97c2-27ef7319a318,37c4326f-1a64-557e-ba2d-4f41d8acdc4f,a98614ad-8371-5708-ab8d-d9d02741db6c,True,True
66af4ec3-aa5d-5ac1-97c2-27ef7319a318,8c7a81e5-b9cb-548f-9875-824b8b0c8f3a,a98614ad-8371-5708-ab8d-d9d02741db6c,True,True
66af4ec3-aa5d-5ac1-97c2-27ef7319a318,f8ac6335-a790-5b66-818f-4ec0f70a4f77,a98614ad-8371-5708-ab8d-d9d02741db6c,True,True
66af4ec3-aa5d-5ac1-97c2-27ef7319a318,f51d34f9-5938-5e98-9522-ef3b266726f7,a98614ad-8371-5708-ab8d-d9d02741db6c,True,True
66af4ec3-aa5d-5ac1-97c2-27ef7319a318,994f97ab-c3d3-51e4-b669-06726dde7f81,a98614ad-8371-5708-ab8d-d9d02741db6c,True,True
66af4ec3-aa5d-5ac1-97c2-27ef7319a318,0ad24871-703a-5820-aaa0-54c5382a5cca,a98614ad-8371-5708-ab8d-d9d02741db6c,True,True
66af4ec3-aa5d-5ac1-97c2-27ef7319a318,a5daaae3-58f7-5c05-be53-52f2e5413292,a98614ad-8371-5708-ab8d-d9d02741db6c,True,True
66af4ec3-aa5d-5ac1-97c2-27ef7319a318,47856ee6-a5c3-50e4-8933-51f13efc5517,a98614ad-8371-5708-ab8d-d9d02741db6c,True,True
66af4ec3-aa5d-5ac1-97c2-27ef7319a318,2e3235ad-d287-525e-ac52-c5769d62cb52,a98614ad-8371-5708-ab8d-d9d02741db6c,True,True
66af4ec3-aa5d-5ac1-97c2-27ef7319a318,38de7de2-f6b5-54bf-835d-e6a52c6db245,a98614ad-8371-5708-ab8d-d9d02741db6c,True,True
66af4ec3-aa5d-5ac1-97c2-27ef7319a318,80540686-2c21-5fab-90b8-8ec2d120078a,a98614ad-8371-5708-ab8d-d9d02741db6c,True,True
66af4ec3-aa5d-5ac1-97c2-27ef7319a318,562e5871-8352-5809-92b2-57d3b1b0f21a,a98614ad-8371-5708-ab8d-d9d02741db6c,True,True
66af4ec3-aa5d-5ac1-97c2-27ef7319a318,62bbbfde-12b0-5cb0-9c24-a9b30d7c16f1,a98614ad-8371-5708-ab8d-d9d02741db6c,True,True
66af4ec3-aa5d-5ac1-97c2-27ef7319a318,c529fbbe-7f63-5e78-8603-abfebdb1b570,a98614ad-8371-5708-ab8d-d9d02741db6c,True,True
66af4ec3-aa5d-5ac1-97c2-27ef7319a318,ac7c6046-4d57-5ce1-90f2-c3dee723fd44,a98614ad-8371-5708-ab8d-d9d02741db6c,True,True
66af4ec3-aa5d-5ac1-97c2-27ef7319a318,661bb932-57cc-500a-9906-49260a1e8fea,a98614ad-8371-5708-ab8d-d9d02741db6c,True,True
66af4ec3-aa5d-5ac1-97c2-27ef7319a318,01ce825c-f7eb-53a0-9529-8eafa3abdaf4,a98614ad-8371-5708-ab8d-d9d02741db6c,True,True
66af4ec3-aa5d-5ac1-97c2-27ef7319a318,b57f9665-eacb-558f-a383-47625564e70c,a98614ad-8371-5708-ab8d-d9d02741db6c,True,True
66af4ec3-aa5d-5ac1-97c2-27ef7319a318,231064a3-664d-5f16-adee-87c3aa9ed638,a98614ad-8371-5708-ab8d-d9d02741db6c,True,True
66af4ec3-aa5d-5ac1-97c2-27ef7319a318,6333dc44-8fd6-5fba-a12a-5700495b8fdb,a98614ad-8371-5708-ab8d-d9d02741db6c,True,True
66af4ec3-aa5d-5ac1-97c2-27ef7319a318,9d42d89b-e25f-50e3-9965-2249b9974f4b,a98614ad-8371-5708-ab8d-d9d02741db6c,True,True
66af4ec3-aa5d-5ac1-97c2-27ef7319a318,f58ab212-e751-5e1c-9d2c-3d485b0610e5,a98614ad-8371-5708-ab8d-d9d02741db6c,True,True
66af4ec3-aa5d-5ac1-97c2-27ef7319a318,f7c46c36-8513-58b4-a152-fea8979093eb,a98614ad-8371-5708-ab8d-d9d02741db6c,True,True
66af4ec3-aa5d-5ac1-97c2-27ef7319a318,e72b3cf2-811f-5f8d-817b-d0963ffe604b,a98614ad-8371-5708-ab8d-d9d02741db6c,True,True
66af4ec3-aa5d-5ac1-97c2-27ef7319a318,52f5ebc4-0152-5c8d-a9ac-ea6b5904b423,a98614ad-8371-5708-ab8d-d9d02741db6c,True,True
66af4ec3-aa5d-5ac1-97c2-27ef7319a318,4b9d593b-4632-5541-93e8-41a1ec56d966,a98614ad-8371-5708-ab8d-d9d02741db6c,True,True
66af4ec3-aa5d-5ac1-97c2-27ef7319a318,44e636f4-c076-5576-8c93-4d01cc810326,a98614ad-8371-5708-ab8d-d9d02741db6c,True,True
66af4ec3-aa5d-5ac1-97c2-27ef7319a318,fd6bc4e0-1db2-5e5a-866e-6f9c96350850,a98614ad-8371-5708-ab8d-d9d02741db6c,True,True
66af4ec3-aa5d-5ac1-97c2-27ef7319a318,af9f2493-aa75-5ab2-8c2e-c1f7f5e57121,a98614ad-8371-5708-ab8d-d9d02741db6c,True,True
66af4ec3-aa5d-5ac1-97c2-27ef7319a318,148dc9bb-4858-5305-923a-2fbfa78b5318,a98614ad-8371-5708-ab8d-d9d02741db6c,True,True
66af4ec3-aa5d-5ac1-97c2-27ef7319a318,a5fc4bdc-91e1-5384-bc44-fdfc3f2b3ba3,a98614ad-8371-5708-ab8d-d9d02741db6c,True,True
66af4ec3-aa5d-5ac1-97c2-27ef7319a318,c7cf2fe9-dab7-577e-89e5-4eefde0a01a6,a98614ad-8371-5708-ab8d-d9d02741db6c,True,True
66af4ec3-aa5d-5ac1-97c2-27ef7319a318,81dc8bc2-8a74-5e43-8c29-7a6e6ff957ae,a98614ad-8371-5708-ab8d-d9d02741db6c,True,True
66af4ec3-aa5d-5ac1-97c2-27ef7319a318,26470843-a607-5fb4-9d16-464c63a10404,a98614ad-8371-5708-ab8d-d9d02741db6c,True,True
66af4ec3-aa5d-5ac1-97c2-27ef7319a318,3d4a5663-9f68-57a7-bb38-c72c8edce06c,a98614ad-8371-5708-ab8d-d9d02741db6c,True,True
66af4ec3-aa5d-5ac1-97c2-27ef7319a318,dd94f590-d2c1-5ba3-9c14-61b0f2e15c7d,a98614ad-8371-5708-ab8d-d9d02741db6c,True,True
66af4ec3-aa5d-5ac1-97c2-27ef7319a318,043aab1e-e8d6-517e-9360-7bc0f22acb2e,a98614ad-8371-5708-ab8d-d9d02741db6c,True,True
66af4ec3-aa5d-5ac1-97c2-27ef7319a318,9d127b40-5292-550c-8033-5605507751da,a98614ad-8371-5708-ab8d-d9d02741db6c,True,True
66af4ec3-aa5d-5ac1-97c2-27ef7319a318,d71d2c03-ad67-528c-8209-a13d27bbc88a,a98614ad-8371-5708-ab8d-d9d02741db6c,True,True
66af4ec3-aa5d-5ac1-97c2-27ef7319a318,4babcb6a-7a9a-5c86-b0c2-9d8986b59d3b,a98614ad-8371-5708-ab8d-d9d02741db6c,True,True
66af4ec3-aa5d-5ac1-97c2-27ef7319a318,cd4787d3-5b03-5c43-af58-4581103ef9c7,a98614ad-8371-5708-ab8d-d9d02741db6c,True,True
66af4ec3-aa5d-5ac1-97c2-27ef7319a318,c222beba-2efa-5dcf-9d46-99a3e7f01798,a98614ad-8371-5708-ab8d-d9d02741db6c,True,True
66af4ec3-aa5d-5ac1-97c2-27ef7319a318,cbabbaa3-13a4-53c9-9fab-9904753cd129,a98614ad-8371-5708-ab8d-d9d02741db6c,True,True
66af4ec3-aa5d-5ac1-97c2-27ef7319a318,01ff2e72-4de7-56ba-b4ca-c487474820e4,a98614ad-8371-5708-ab8d-d9d02741db6c,True,True
66af4ec3-aa5d-5ac1-97c2-27ef7319a318,8edd35b3-36cd-542a-b91c-bdc8b5e280b1,a98614ad-8371-5708-ab8d-d9d02741db6c,True,True
66af4ec3-aa5d-5ac1-97c2-27ef7319a318,49774a69-7706-5d7d-bfd1-310a8a44d0eb,a98614ad-8371-5708-ab8d-d9d02741db6c,True,True
66af4ec3-aa5d-5ac1-97c2-27ef7319a318,39236f69-a5d9-5ebc-a833-8d04a04632e9,a98614ad-8371-5708-ab8d-d9d02741db6c,True,True
66af4ec3-aa5d-5ac1-97c2-27ef7319a318,bffaa089-1224-5dbd-a7a3-2c2d1bc6e241,a98614ad-8371-5708-ab8d-d9d02741db6c,True,True
66af4ec3-aa5d-5ac1-97c2-27ef7319a318,d7514254-6c5d-5b21-a8f5-2584ee58e92e,a98614ad-8371-5708-ab8d-d9d02741db6c,True,True
66af4ec3-aa5d-5ac1-97c2-27ef7319a318,0a6b893f-21de-5f08-b425-55553a0112cf,a98614ad-8371-5708-ab8d-d9d02741db6c,True,True
66af4ec3-aa5d-5ac1-97c2-27ef7319a318,3da10b76-2b44-54bf-9e22-f87ead2271b5,a98614ad-8371-5708-ab8d-d9d02741db6c,True,True
66af4ec3-aa5d-5ac1-97c2-27ef7319a318,c0415e63-d258-5531-95fb-17273fbdef0b,a98614ad-8371-5708-ab8d-d9d02741db6c,True,True
66af4ec3-aa5d-5ac1-97c2-27ef7319a318,1b67a32e-5e79-5ccb-974b-42bd2d211f17,a98614ad-8371-5708-ab8d-d9d02741db6c,True,True
66af4ec3-aa5d-5ac1-97c2-27ef7319a318,1dbdc1c7-ed10-5ec9-9b81-4c02e0d877d2,a98614ad-8371-5708-ab8d-d9d02741db6c,True,True
66af4ec3-aa5d-5ac1-97c2-27ef7319a318,1403b3fd-c4ec-58f5-873d-0caab390b17c,a98614ad-8371-5708-ab8d-d9d02741db6c,True,True
66af4ec3-aa5d-5ac1-97c2-27ef7319a318,995289e1-b81d-596f-8909-6123e67ad2f1,a98614ad-8371-5708-ab8d-d9d02741db6c,True,True
66af4ec3-aa5d-5ac1-97c2-27ef7319a318,1634934d-1078-5570-a8cc-cfda986fd077,a98614ad-8371-5708-ab8d-d9d02741db6c,True,True
66af4ec3-aa5d-5ac1-97c2-27ef7319a318,050889e0-1890-5eb7-ae36-2c6736ef60a2,a98614ad-8371-5708-ab8d-d9d02741db6c,True,True
66af4ec3-aa5d-5ac1-97c2-27ef7319a318,2f72f813-f397-5747-8b96-4bb6199f0562,a98614ad-8371-5708-ab8d-d9d02741db6c,True,True
66af4ec3-aa5d-5ac1-97c2-27ef7319a318,b591ac44-b611-59e6-95aa-2963e128a061,a98614ad-8371-5708-ab8d-d9d02741db6c,True,True
66af4ec3-aa5d-5ac1-97c2-27ef7319a318,b03650fb-4f61-55eb-832a-8ffeb46ca938,a98614ad-8371-5708-ab8d-d9d02741db6c,True,True
66af4ec3-aa5d-5ac1-97c2-27ef7319a318,c123c9f4-a5c9-56df-aca2-bbaf2f0f2ec0,a98614ad-8371-5708-ab8d-d9d02741db6c,True,True
66af4ec3-aa5d-5ac1-97c2-27ef7319a318,0d794c51-bc0c-5b17-a485-fc30d023d057,a98614ad-8371-5708-ab8d-d9d02741db6c,True,True
66af4ec3-aa5d-5ac1-97c2-27ef7319a318,ad7c0154-c61d-536b-be38-b9542b6201ad,a98614ad-8371-5708-ab8d-d9d02741db6c,True,True
66af4ec3-aa5d-5ac1-97c2-27ef7319a318,77f95f0f-3407-5aaf-bf90-e170bfce62b5,a98614ad-8371-5708-ab8d-d9d02741db6c,True,True
66af4ec3-aa5d-5ac1-97c2-27ef7319a318,b8cff815-4e28-56dc-8041-d4188e102e09,a98614ad-8371-5708-ab8d-d9d02741db6c,True,True
66af4ec3-aa5d-5ac1-97c2-27ef7319a318,42e07942-6f3e-54cb-bde9-22f8b996f9bc,a98614ad-8371-5708-ab8d-d9d02741db6c,True,True
66af4ec3-aa5d-5ac1-97c2-27ef7319a318,8400f523-3c33-57c9-96ff-4f3a35e61ef5,a98614ad-8371-5708-ab8d-d9d02741db6c,True,True
66af4ec3-aa5d-5ac1-97c2-27ef7319a318,1f799fd2-ca41-574b-90c1-1d60ac32977c,a98614ad-8371-5708-ab8d-d9d02741db6c,True,True
66af4ec3-aa5d-5ac1-97c2-27ef7319a318,8f943956-73fb-5a07-8d9a-948f0348c1ef,a98614ad-8371-5708-ab8d-d9d02741db6c,True,True
66af4ec3-aa5d-5ac1-97c2-27ef7319a318,85f8f3d7-10fe-519b-a252-c6a7dcd18abe,a98614ad-8371-5708-ab8d-d9d02741db6c,True,True
66af4ec3-aa5d-5ac1-97c2-27ef7319a318,c82a42fa-1ab1-5e26-b8da-a68cd48aac46,a98614ad-8371-5708-ab8d-d9d02741db6c,True,True
66af4ec3-aa5d-5ac1-97c2-27ef7319a318,4fa93271-367a-563d-8fc8-e1ef41b4b088,a98614ad-8371-5708-ab8d-d9d02741db6c,True,True
66af4ec3-aa5d-5ac1-97c2-27ef7319a318,2b112064-7de4-52e2-abfc-60950cdac5a1,a98614ad-8371-5708-ab8d-d9d02741db6c,True,True
66af4ec3-aa5d-5ac1-97c2-27ef7319a318,00f6fe58-36d7-5f45-9c89-7a4c7777c337,a98614ad-8371-5708-ab8d-d9d02741db6c,True,True
66af4ec3-aa5d-5ac1-97c2-27ef7319a318,a117ba84-62c0-5334-8927-add8b91a23ff,a98614ad-8371-5708-ab8d-d9d02741db6c,True,True
66af4ec3-aa5d-5ac1-97c2-27ef7319a318,ffdc5f52-ecde-5eef-aaca-444310aea421,a98614ad-8371-5708-ab8d-d9d02741db6c,True,True
66af4ec3-aa5d-5ac1-97c2-27ef7319a318,7be8b6b0-20a0-5eb0-8c34-568d58ca20ba,a98614ad-8371-5708-ab8d-d9d02741db6c,True,True
66af4ec3-aa5d-5ac1-97c2-27ef7319a318,1be22476-3167-5622-b017-3227f5958f1b,a98614ad-8371-5708-ab8d-d9d02741db6c,True,True
66af4ec3-aa5d-5ac1-97c2-27ef7319a318,5d1eded5-1970-5cd8-bb28-e399439b400e,a98614ad-8371-5708-ab8d-d9d02741db6c,True,True
66af4ec3-aa5d-5ac1-97c2-27ef7319a318,6ef154de-78c9-5ef7-b267-839b96ded744,a98614ad-8371-5708-ab8d-d9d02741db6c,True,True
66af4ec3-aa5d-5ac1-97c2-27ef7319a318,9d34158b-076b-58db-a979-5f2644774db2,a98614ad-8371-5708-ab8d-d9d02741db6c,True,True
66af4ec3-aa5d-5ac1-97c2-27ef7319a318,9eebcfba-fc72-5603-92ba-91ed3f0df457,a98614ad-8371-5708-ab8d-d9d02741db6c,True,True
66af4ec3-aa5d-5ac1-97c2-27ef7319a318,289f68db-83e6-59bc-aa94-02e2d9c0d321,a98614ad-8371-5708-ab8d-d9d02741db6c,True,True
66af4ec3-aa5d-5ac1-97c2-27ef7319a318,822e257b-f5dd-5e4c-a455-0f151bc21248,a98614ad-8371-5708-ab8d-d9d02741db6c,True,True
66af4ec3-aa5d-5ac1-97c2-27ef7319a318,f1b24d0e-48de-5775-9fa0-576a9b28c195,a98614ad-8371-5708-ab8d-d9d02741db6c,True,True
66af4ec3-aa5d-5ac1-97c2-27ef7319a318,d2274c73-9bf7-5c3c-a2c5-367712a0c91e,a98614ad-8371-5708-ab8d-d9d02741db6c,True,True
66af4ec3-aa5d-5ac1-97c2-27ef7319a318,2a82dde8-4860-5eeb-ae92-cb0dc353659c,a98614ad-8371-5708-ab8d-d9d02741db6c,True,True
66af4ec3-aa5d-5ac1-97c2-27ef7319a318,1f07a70a-b258-5f34-9224-db6eb1843f7a,a98614ad-8371-5708-ab8d-d9d02741db6c,True,True
66af4ec3-aa5d-5ac1-97c2-27ef7319a318,8a7c9250-132c-599b-82fa-8feb9b6adaa1,a98614ad-8371-5708-ab8d-d9d02741db6c,True,True
66af4ec3-aa5d-5ac1-97c2-27ef7319a318,f5e95c22-2c1d-5258-96fb-3f90a111443f,a98614ad-8371-5708-ab8d-d9d02741db6c,True,True
66af4ec3-aa5d-5ac1-97c2-27ef7319a318,60f65ec9-9811-57c2-a961-02036d0800d7,a98614ad-8371-5708-ab8d-d9d02741db6c,True,True
66af4ec3-aa5d-5ac1-97c2-27ef7319a318,adcc1873-acf3-52ba-9902-378f42ce3855,a98614ad-8371-5708-ab8d-d9d02741db6c,True,True
66af4ec3-aa5d-5ac1-97c2-27ef7319a318,9649a14e-f592-55e6-bdc6-16651f0cd740,a98614ad-8371-5708-ab8d-d9d02741db6c,True,True
66af4ec3-aa5d-5ac1-97c2-27ef7319a318,2522a2ad-3d52-5365-b82f-5a666072395a,a98614ad-8371-5708-ab8d-d9d02741db6c,True,True
66af4ec3-aa5d-5ac1-97c2-27ef7319a318,81845153-5651-5905-b3ab-6582f8c645cb,a98614ad-8371-5708-ab8d-d9d02741db6c,True,True
66af4ec3-aa5d-5ac1-97c2-27ef7319a318,a1816c8b-6a02-534b-88dd-1d3e4d2d782b,a98614ad-8371-5708-ab8d-d9d02741db6c,True,True
66af4ec3-aa5d-5ac1-97c2-27ef7319a318,11a580f2-0da8-59ad-9e4a-5708671a2b58,a98614ad-8371-5708-ab8d-d9d02741db6c,True,True
66af4ec3-aa5d-5ac1-97c2-27ef7319a318,66e29e6a-a93b-58d2-b503-70015e0b8b2c,a98614ad-8371-5708-ab8d-d9d02741db6c,True,True
66af4ec3-aa5d-5ac1-97c2-27ef7319a318,f89b6060-8358-5e78-9288-c20ca81cb4a3,a98614ad-8371-5708-ab8d-d9d02741db6c,True,True
66af4ec3-aa5d-5ac1-97c2-27ef7319a318,7ea9b7f0-fa13-5e67-aa7d-7ec9f9bbaafb,a98614ad-8371-5708-ab8d-d9d02741db6c,True,True
66af4ec3-aa5d-5ac1-97c2-27ef7319a318,0e8dfa86-f5a9-5b93-9081-f2bb6bb85e98,a98614ad-8371-5708-ab8d-d9d02741db6c,True,True
66af4ec3-aa5d-5ac1-97c2-27ef7319a318,922cd480-ec6b-5e19-a171-ffbd443a63b2,a98614ad-8371-5708-ab8d-d9d02741db6c,True,True
66af4ec3-aa5d-5ac1-97c2-27ef7319a318,0bac5a18-936b-5bda-9b09-97268fa8556c,a98614ad-8371-5708-ab8d-d9d02741db6c,True,True
66af4ec3-aa5d-5ac1-97c2-27ef7319a318,635988e0-821d-5408-ac86-bee3659290b8,a98614ad-8371-5708-ab8d-d9d02741db6c,True,True
66af4ec3-aa5d-5ac1-97c2-27ef7319a318,7e5d89ed-c8ad-55f3-b790-095e3334b87f,a98614ad-8371-5708-ab8d-d9d02741db6c,True,True
66af4ec3-aa5d-5ac1-97c2-27ef7319a318,22cf3e9b-b1de-5dc6-93ea-1327ce5821e2,a98614ad-8371-5708-ab8d-d9d02741db6c,True,True
66af4ec3-aa5d-5ac1-97c2-27ef7319a318,9bf4c59b-417f-56c3-9c31-c6ac0e0fccca,a98614ad-8371-5708-ab8d-d9d02741db6c,True,True
66af4ec3-aa5d-5ac1-97c2-27ef7319a318,5e79f70f-9240-56aa-a328-869dbdef35f3,a98614ad-8371-5708-ab8d-d9d02741db6c,True,True
66af4ec3-aa5d-5ac1-97c2-27ef7319a318,6d8edab1-9278-542f-8ae8-774c9e3f6807,a98614ad-8371-5708-ab8d-d9d02741db6c,True,True
66af4ec3-aa5d-5ac1-97c2-27ef7319a318,c217ce84-22f5-5e22-b883-e2ee14512e8e,a98614ad-8371-5708-ab8d-d9d02741db6c,True,True
66af4ec3-aa5d-5ac1-97c2-27ef7319a318,49a8a273-4390-54c5-9485-2b38ea52213d,a98614ad-8371-5708-ab8d-d9d02741db6c,True,True
66af4ec3-aa5d-5ac1-97c2-27ef7319a318,75a2eeb2-e778-5ee6-9973-b83162093df5,a98614ad-8371-5708-ab8d-d9d02741db6c,True,True
66af4ec3-aa5d-5ac1-97c2-27ef7319a318,75b17dd6-741e-560f-98ed-23d1951ade1f,a98614ad-8371-5708-ab8d-d9d02741db6c,True,True
66af4ec3-aa5d-5ac1-97c2-27ef7319a318,c4feda54-b58a-5074-a4a7-87a7cfa2b983,a98614ad-8371-5708-ab8d-d9d02741db6c,True,True
66af4ec3-aa5d-5ac1-97c2-27ef7319a318,1c71747c-c5e2-56c8-b444-dace560b5981,a98614ad-8371-5708-ab8d-d9d02741db6c,True,True
66af4ec3-aa5d-5ac1-97c2-27ef7319a318,bda7ff4a-4d49-5614-9eec-9580a9155196,a98614ad-8371-5708-ab8d-d9d02741db6c,True,True
66af4ec3-aa5d-5ac1-97c2-27ef7319a318,0936a384-b8cb-57c6-bbd9-4e7e5407eb24,a98614ad-8371-5708-ab8d-d9d02741db6c,True,True
66af4ec3-aa5d-5ac1-97c2-27ef7319a318,c3f983c8-c78a-5102-adfc-1e152d951804,a98614ad-8371-5708-ab8d-d9d02741db6c,True,True
66af4ec3-aa5d-5ac1-97c2-27ef7319a318,fa599ce6-0616-58d0-a52e-573d0f20d340,a98614ad-8371-5708-ab8d-d9d02741db6c,True,True
66af4ec3-aa5d-5ac1-97c2-27ef7319a318,cfef7c6b-91d7-5464-be08-c754eecdd8be,a98614ad-8371-5708-ab8d-d9d02741db6c,True,True
66af4ec3-aa5d-5ac1-97c2-27ef7319a318,e37a2073-b50b-510a-9e13-95918cd16ddd,a98614ad-8371-5708-ab8d-d9d02741db6c,True,True
66af4ec3-aa5d-5ac1-97c2-27ef7319a318,3f5c9ab2-c1fa-5ba6-9cc7-f1c10397691b,a98614ad-8371-5708-ab8d-d9d02741db6c,True,True
66af4ec3-aa5d-5ac1-97c2-27ef7319a318,6ff0a7e4-0e6b-53f9-b5cf-7f1fc846a14a,a98614ad-8371-5708-ab8d-d9d02741db6c,True,True
66af4ec3-aa5d-5ac1-97c2-27ef7319a318,5e4bbd02-f84d-5f23-868c-38973a8f7117,a98614ad-8371-5708-ab8d-d9d02741db6c,True,True
66af4ec3-aa5d-5ac1-97c2-27ef7319a318,15374556-f094-53f1-9274-8a2840df48ff,a98614ad-8371-5708-ab8d-d9d02741db6c,True,True
66af4ec3-aa5d-5ac1-97c2-27ef7319a318,134a83f4-0d5d-5503-99ec-6d7e2c9fc611,a98614ad-8371-5708-ab8d-d9d02741db6c,True,True
66af4ec3-aa5d-5ac1-97c2-27ef7319a318,009e22d3-0b48-5644-b118-450a9f6eb301,a98614ad-8371-5708-ab8d-d9d02741db6c,True,True
66af4ec3-aa5d-5ac1-97c2-27ef7319a318,2c82f358-95a9-5d38-90ba-01dfb7e2ec88,a98614ad-8371-5708-ab8d-d9d02741db6c,True,True
66af4ec3-aa5d-5ac1-97c2-27ef7319a318,86145650-5101-5865-9c4c-15f3bc643661,a98614ad-8371-5708-ab8d-d9d02741db6c,True,True
66af4ec3-aa5d-5ac1-97c2-27ef7319a318,82186d11-4fe7-5d75-9f69-4018b82bbdbe,a98614ad-8371-5708-ab8d-d9d02741db6c,True,True
66af4ec3-aa5d-5ac1-97c2-27ef7319a318,8f1459ea-043f-55eb-a0f3-45cd74b5d874,a98614ad-8371-5708-ab8d-d9d02741db6c,True,True
66af4ec3-aa5d-5ac1-97c2-27ef7319a318,95c10f83-5238-5320-b681-79fbd40b2400,a98614ad-8371-5708-ab8d-d9d02741db6c,True,True
66af4ec3-aa5d-5ac1-97c2-27ef7319a318,b91621ad-b6c5-5860-8b02-e5d3c0cae17f,a98614ad-8371-5708-ab8d-d9d02741db6c,True,True
66af4ec3-aa5d-5ac1-97c2-27ef7319a318,2ea2c782-ded3-5bf4-a518-b2e156bc6f0e,a98614ad-8371-5708-ab8d-d9d02741db6c,True,True
66af4ec3-aa5d-5ac1-97c2-27ef7319a318,533f3ba8-f470-5fdb-b99e-cef0538993d9,a98614ad-8371-5708-ab8d-d9d02741db6c,True,True
66af4ec3-aa5d-5ac1-97c2-27ef7319a318,6efc4621-8e2e-58c0-8930-ca1efaae1477,a98614ad-8371-5708-ab8d-d9d02741db6c,True,True
66af4ec3-aa5d-5ac1-97c2-27ef7319a318,7923713d-73bc-5141-b510-7e609ba0f05f,a98614ad-8371-5708-ab8d-d9d02741db6c,True,True
66af4ec3-aa5d-5ac1-97c2-27ef7319a318,a6729edc-0508-58d0-8afa-f3bbe7be8442,a98614ad-8371-5708-ab8d-d9d02741db6c,True,True
66af4ec3-aa5d-5ac1-97c2-27ef7319a318,3ba7d012-1d9e-5b09-ba50-c46b1d105a41,a98614ad-8371-5708-ab8d-d9d02741db6c,True,True
66af4ec3-aa5d-5ac1-97c2-27ef7319a318,3f8c5f76-5a91-5167-b70b-2407260ed0ff,a98614ad-8371-5708-ab8d-d9d02741db6c,True,True
66af4ec3-aa5d-5ac1-97c2-27ef7319a318,150053f5-b575-529f-885c-1d69b8d34453,a98614ad-8371-5708-ab8d-d9d02741db6c,True,True
66af4ec3-aa5d-5ac1-97c2-27ef7319a318,56777fc6-92d1-533a-91b9-12d14218bd28,a98614ad-8371-5708-ab8d-d9d02741db6c,True,True
66af4ec3-aa5d-5ac1-97c2-27ef7319a318,15ba8b1b-6ab5-59fa-b443-5b68820fdf7d,a98614ad-8371-5708-ab8d-d9d02741db6c,True,True
66af4ec3-aa5d-5ac1-97c2-27ef7319a318,06ab9e85-a5f0-50a8-b1c0-a1b55d07f895,a98614ad-8371-5708-ab8d-d9d02741db6c,True,True
66af4ec3-aa5d-5ac1-97c2-27ef7319a318,62dd5df0-4b7b-536b-a7c5-46ec46012f5a,a98614ad-8371-5708-ab8d-d9d02741db6c,True,True
66af4ec3-aa5d-5ac1-97c2-27ef7319a318,13d02968-708f-5e17-a212-9129e2ccf5eb,a98614ad-8371-5708-ab8d-d9d02741db6c,True,True
66af4ec3-aa5d-5ac1-97c2-27ef7319a318,c9727546-54e5-5ecd-a03c-a320d1c2b859,a98614ad-8371-5708-ab8d-d9d02741db6c,True,True
66af4ec3-aa5d-5ac1-97c2-27ef7319a318,e1a9e7c6-1e93-5fdb-adfa-302d41c24c13,a98614ad-8371-5708-ab8d-d9d02741db6c,True,True
66af4ec3-aa5d-5ac1-97c2-27ef7319a318,943e2500-cfac-5f43-9b24-d666a0e6aa7d,a98614ad-8371-5708-ab8d-d9d02741db6c,True,True
66af4ec3-aa5d-5ac1-97c2-27ef7319a318,a03f3356-3d8b-535a-a6aa-b97fb4916bb4,a98614ad-8371-5708-ab8d-d9d02741db6c,True,True
66af4ec3-aa5d-5ac1-97c2-27ef7319a318,582891ad-36c4-510b-90a9-d76bd2a2893c,a98614ad-8371-5708-ab8d-d9d02741db6c,True,True
66af4ec3-aa5d-5ac1-97c2-27ef7319a318,fb45307b-56b4-5adb-8a86-b18553cc6597,a98614ad-8371-5708-ab8d-d9d02741db6c,True,True
66af4ec3-aa5d-5ac1-97c2-27ef7319a318,cfa032e6-9311-5f19-b8a6-41bee10bd7cf,a98614ad-8371-5708-ab8d-d9d02741db6c,True,True
66af4ec3-aa5d-5ac1-97c2-27ef7319a318,b0389024-e92d-517c-9b56-b02cdfdab088,a98614ad-8371-5708-ab8d-d9d02741db6c,True,True
66af4ec3-aa5d-5ac1-97c2-27ef7319a318,c4a3c848-59ae-5d5b-9734-0bd821baf660,a98614ad-8371-5708-ab8d-d9d02741db6c,True,True
66af4ec3-aa5d-5ac1-97c2-27ef7319a318,dd9d1502-81c3-50eb-b948-a6f363877eba,a98614ad-8371-5708-ab8d-d9d02741db6c,True,True
66af4ec3-aa5d-5ac1-97c2-27ef7319a318,a54ef7bc-8719-59df-8e35-45c687972d36,a98614ad-8371-5708-ab8d-d9d02741db6c,True,True
66af4ec3-aa5d-5ac1-97c2-27ef7319a318,4b38ef03-9618-58c3-91f8-d95a88d5a651,a98614ad-8371-5708-ab8d-d9d02741db6c,True,True
66af4ec3-aa5d-5ac1-97c2-27ef7319a318,d1fe8036-317d-5fe5-95a8-898e87e5cdbc,a98614ad-8371-5708-ab8d-d9d02741db6c,True,True
66af4ec3-aa5d-5ac1-97c2-27ef7319a318,3603e445-26fc-5df2-b2e3-3f676295e52a,b2f53c06-b0c9-5c70-a611-7fbe7ad5beda,True,True
66af4ec3-aa5d-5ac1-97c2-27ef7319a318,0b755d3a-b328-531f-aa54-b1cb07eacfcf,b2f53c06-b0c9-5c70-a611-7fbe7ad5beda,True,True
66af4ec3-aa5d-5ac1-97c2-27ef7319a318,1c0cd2ed-ba2f-5379-bb84-e4f7cce4173f,b2f53c06-b0c9-5c70-a611-7fbe7ad5beda,True,True
66af4ec3-aa5d-5ac1-97c2-27ef7319a318,8fae0464-7eed-5ddb-a754-3a403336c7de,b2f53c06-b0c9-5c70-a611-7fbe7ad5beda,True,True
66af4ec3-aa5d-5ac1-97c2-27ef7319a318,00da84e3-95c6-5015-ae6a-fb2f51531de9,b2f53c06-b0c9-5c70-a611-7fbe7ad5beda,True,True
66af4ec3-aa5d-5ac1-97c2-27ef7319a318,7950f073-6728-5851-b573-fa6f8f1d7a9f,b2f53c06-b0c9-5c70-a611-7fbe7ad5beda,True,True
66af4ec3-aa5d-5ac1-97c2-27ef7319a318,1ef8b445-28db-5019-a0f4-dbe9038ff990,b2f53c06-b0c9-5c70-a611-7fbe7ad5beda,True,True
66af4ec3-aa5d-5ac1-97c2-27ef7319a318,57fdbb36-9844-5f63-b38e-a15b9c2ab800,b2f53c06-b0c9-5c70-a611-7fbe7ad5beda,True,True
66af4ec3-aa5d-5ac1-97c2-27ef7319a318,b88fbd61-039d-5e16-b917-752f43c453cf,b2f53c06-b0c9-5c70-a611-7fbe7ad5beda,True,True
66af4ec3-aa5d-5ac1-97c2-27ef7319a318,863af6e6-a0d3-5710-b455-c9f0b85423af,b2f53c06-b0c9-5c70-a611-7fbe7ad5beda,True,True
66af4ec3-aa5d-5ac1-97c2-27ef7319a318,a8917586-f205-5d4b-a53b-3d984208fef4,b2f53c06-b0c9-5c70-a611-7fbe7ad5beda,True,True
66af4ec3-aa5d-5ac1-97c2-27ef7319a318,bc0ea17a-0a0d-5f86-8d29-8fd0467511ea,b2f53c06-b0c9-5c70-a611-7fbe7ad5beda,True,True
66af4ec3-aa5d-5ac1-97c2-27ef7319a318,562e5e25-8114-5bdc-8cbf-3758e81f7297,b2f53c06-b0c9-5c70-a611-7fbe7ad5beda,True,True
66af4ec3-aa5d-5ac1-97c2-27ef7319a318,b813c0e0-fa90-52e6-a466-5b5aeed5b835,b2f53c06-b0c9-5c70-a611-7fbe7ad5beda,True,True
66af4ec3-aa5d-5ac1-97c2-27ef7319a318,bff43141-e07d-5c61-8c46-87cc9b263556,b2f53c06-b0c9-5c70-a611-7fbe7ad5beda,True,True
66af4ec3-aa5d-5ac1-97c2-27ef7319a318,35c082c2-feca-5c69-9763-c5e2d33ac0a9,b2f53c06-b0c9-5c70-a611-7fbe7ad5beda,True,True
66af4ec3-aa5d-5ac1-97c2-27ef7319a318,978e8ec4-b336-58b6-a024-ff2e3f91d954,b2f53c06-b0c9-5c70-a611-7fbe7ad5beda,True,True
66af4ec3-aa5d-5ac1-97c2-27ef7319a318,22663861-6c9a-5950-b17a-e86f5e6c2819,b2f53c06-b0c9-5c70-a611-7fbe7ad5beda,True,True
66af4ec3-aa5d-5ac1-97c2-27ef7319a318,cd0a883b-2090-5ef6-888e-fd56bed7e15a,b2f53c06-b0c9-5c70-a611-7fbe7ad5beda,True,True
66af4ec3-aa5d-5ac1-97c2-27ef7319a318,14b67bc2-00b6-5eef-8b23-f5daae8841c2,b2f53c06-b0c9-5c70-a611-7fbe7ad5beda,True,True
66af4ec3-aa5d-5ac1-97c2-27ef7319a318,67560c91-b472-5b04-ab68-915e470f37ab,b2f53c06-b0c9-5c70-a611-7fbe7ad5beda,True,True
66af4ec3-aa5d-5ac1-97c2-27ef7319a318,2e506f9c-f50d-53be-9b42-50cc191d2cb7,b2f53c06-b0c9-5c70-a611-7fbe7ad5beda,True,True
66af4ec3-aa5d-5ac1-97c2-27ef7319a318,649c47fe-2f7f-5931-aaed-2cef2770b996,b2f53c06-b0c9-5c70-a611-7fbe7ad5beda,True,True
66af4ec3-aa5d-5ac1-97c2-27ef7319a318,c53930c3-ea6d-500a-8f83-2198cef83009,b2f53c06-b0c9-5c70-a611-7fbe7ad5beda,True,True
66af4ec3-aa5d-5ac1-97c2-27ef7319a318,1ce62596-bdbf-565d-8da3-e9b2119097b3,b2f53c06-b0c9-5c70-a611-7fbe7ad5beda,True,True
66af4ec3-aa5d-5ac1-97c2-27ef7319a318,e603a347-397d-5b00-b858-a30b7ce73543,b2f53c06-b0c9-5c70-a611-7fbe7ad5beda,True,True
66af4ec3-aa5d-5ac1-97c2-27ef7319a318,9c0bbd35-23ed-5d1a-87f6-5bbc16579080,b2f53c06-b0c9-5c70-a611-7fbe7ad5beda,True,True
66af4ec3-aa5d-5ac1-97c2-27ef7319a318,56f0024d-d3b4-50d9-ba79-dc8369c77c9f,b2f53c06-b0c9-5c70-a611-7fbe7ad5beda,True,True
66af4ec3-aa5d-5ac1-97c2-27ef7319a318,5e9c45b3-d787-539c-a6b9-d8e11081c6a3,b2f53c06-b0c9-5c70-a611-7fbe7ad5beda,True,True
66af4ec3-aa5d-5ac1-97c2-27ef7319a318,2850f9e6-23d6-5efd-a7e9-79d73b959158,b2f53c06-b0c9-5c70-a611-7fbe7ad5beda,True,True
66af4ec3-aa5d-5ac1-97c2-27ef7319a318,60919b0c-fff0-54db-9560-7ca95d7d4044,b2f53c06-b0c9-5c70-a611-7fbe7ad5beda,True,True
66af4ec3-aa5d-5ac1-97c2-27ef7319a318,51e2bc52-6527-5215-a93c-fdc6648b4788,b2f53c06-b0c9-5c70-a611-7fbe7ad5beda,True,True
66af4ec3-aa5d-5ac1-97c2-27ef7319a318,07d76b1b-95a8-5558-ba62-520adc3546f0,b2f53c06-b0c9-5c70-a611-7fbe7ad5beda,True,True
66af4ec3-aa5d-5ac1-97c2-27ef7319a318,9d3486ef-b52a-5a22-ab9f-e8caff34babd,b2f53c06-b0c9-5c70-a611-7fbe7ad5beda,True,True
66af4ec3-aa5d-5ac1-97c2-27ef7319a318,528d103c-b9cd-5e1d-8c73-0b339efa703c,b2f53c06-b0c9-5c70-a611-7fbe7ad5beda,True,True
66af4ec3-aa5d-5ac1-97c2-27ef7319a318,09ab19e5-bbfc-5b4e-85f8-376aaaedb459,b2f53c06-b0c9-5c70-a611-7fbe7ad5beda,True,True
66af4ec3-aa5d-5ac1-97c2-27ef7319a318,910927d8-6588-5801-a06a-1872678cc77f,b2f53c06-b0c9-5c70-a611-7fbe7ad5beda,True,True
66af4ec3-aa5d-5ac1-97c2-27ef7319a318,be112754-fc6b-5183-8c56-12eed58c348c,b2f53c06-b0c9-5c70-a611-7fbe7ad5beda,True,True
66af4ec3-aa5d-5ac1-97c2-27ef7319a318,0bd816f1-fce4-5f44-9c29-42968a2b77b7,b2f53c06-b0c9-5c70-a611-7fbe7ad5beda,True,True
66af4ec3-aa5d-5ac1-97c2-27ef7319a318,f295eb9f-6cf7-532a-add4-1a7a8bb071a1,b2f53c06-b0c9-5c70-a611-7fbe7ad5beda,True,True
66af4ec3-aa5d-5ac1-97c2-27ef7319a318,5958fa98-b6a8-57c6-9c4f-3c4fe89b29bd,b2f53c06-b0c9-5c70-a611-7fbe7ad5beda,True,True
66af4ec3-aa5d-5ac1-97c2-27ef7319a318,a67344ba-4ea4-5b67-add2-851e65a6c31f,b2f53c06-b0c9-5c70-a611-7fbe7ad5beda,True,True
66af4ec3-aa5d-5ac1-97c2-27ef7319a318,a398201e-33d5-5f8e-92d2-fcd387dc30ff,b2f53c06-b0c9-5c70-a611-7fbe7ad5beda,True,True
66af4ec3-aa5d-5ac1-97c2-27ef7319a318,1beefee9-4d4b-5ac8-bbf9-48f84d4f5d0f,b2f53c06-b0c9-5c70-a611-7fbe7ad5beda,True,True
66af4ec3-aa5d-5ac1-97c2-27ef7319a318,963ff5c9-5aad-5279-8392-cd3b5d4bad06,b2f53c06-b0c9-5c70-a611-7fbe7ad5beda,True,True
66af4ec3-aa5d-5ac1-97c2-27ef7319a318,64f65d7e-cdf4-5f9e-a4e0-f2db09a7ecc2,b2f53c06-b0c9-5c70-a611-7fbe7ad5beda,True,True
66af4ec3-aa5d-5ac1-97c2-27ef7319a318,4e9f2ed5-b665-54d3-884f-538ce43ca2c5,b2f53c06-b0c9-5c70-a611-7fbe7ad5beda,True,True
66af4ec3-aa5d-5ac1-97c2-27ef7319a318,26aeb19a-9459-58f7-9e36-11dbba19555c,b2f53c06-b0c9-5c70-a611-7fbe7ad5beda,True,True
66af4ec3-aa5d-5ac1-97c2-27ef7319a318,c85b922b-b4c9-5f98-adca-1038cf9ec4c5,b2f53c06-b0c9-5c70-a611-7fbe7ad5beda,True,True
66af4ec3-aa5d-5ac1-97c2-27ef7319a318,ee5ad27b-8961-5427-997d-3b830e86486a,b2f53c06-b0c9-5c70-a611-7fbe7ad5beda,True,True
66af4ec3-aa5d-5ac1-97c2-27ef7319a318,bff255e7-6d65-595f-9ef2-e04790a42f0f,b2f53c06-b0c9-5c70-a611-7fbe7ad5beda,True,True
66af4ec3-aa5d-5ac1-97c2-27ef7319a318,584bbaf6-eaf0-5f89-b939-060da6ba265f,b2f53c06-b0c9-5c70-a611-7fbe7ad5beda,True,True
66af4ec3-aa5d-5ac1-97c2-27ef7319a318,d27012c9-ec68-5fbc-be41-dc12f82c9cd9,b2f53c06-b0c9-5c70-a611-7fbe7ad5beda,True,True
66af4ec3-aa5d-5ac1-97c2-27ef7319a318,52682751-d1b7-535a-8997-49aea0f52754,b2f53c06-b0c9-5c70-a611-7fbe7ad5beda,True,True
66af4ec3-aa5d-5ac1-97c2-27ef7319a318,8b82fa90-65f5-5beb-b7b7-436ce8b9e67f,b2f53c06-b0c9-5c70-a611-7fbe7ad5beda,True,True
66af4ec3-aa5d-5ac1-97c2-27ef7319a318,3ee580cf-3960-599a-b355-fe944421f069,b2f53c06-b0c9-5c70-a611-7fbe7ad5beda,True,True
66af4ec3-aa5d-5ac1-97c2-27ef7319a318,d22263be-a0c3-5243-9e84-1c45dc803f26,b2f53c06-b0c9-5c70-a611-7fbe7ad5beda,True,True
66af4ec3-aa5d-5ac1-97c2-27ef7319a318,90f92024-e95a-5f5e-869d-e0d982239816,b2f53c06-b0c9-5c70-a611-7fbe7ad5beda,True,True
66af4ec3-aa5d-5ac1-97c2-27ef7319a318,93e2d76e-b38f-582c-addf-f2e74f5b97aa,b2f53c06-b0c9-5c70-a611-7fbe7ad5beda,True,True
66af4ec3-aa5d-5ac1-97c2-27ef7319a318,abf5e35c-703b-57a3-b199-5bb2b4290337,b2f53c06-b0c9-5c70-a611-7fbe7ad5beda,True,True
66af4ec3-aa5d-5ac1-97c2-27ef7319a318,545965b1-d055-543d-a4a0-8fa9c67e3255,b2f53c06-b0c9-5c70-a611-7fbe7ad5beda,True,True
66af4ec3-aa5d-5ac1-97c2-27ef7319a318,c8266aa4-db47-515b-8deb-6d6791dffe23,b2f53c06-b0c9-5c70-a611-7fbe7ad5beda,True,True
66af4ec3-aa5d-5ac1-97c2-27ef7319a318,40c35470-b428-582f-98fe-621c191189d3,b2f53c06-b0c9-5c70-a611-7fbe7ad5beda,True,True
66af4ec3-aa5d-5ac1-97c2-27ef7319a318,67857188-5cf0-5c9e-aae6-437c5febff37,b2f53c06-b0c9-5c70-a611-7fbe7ad5beda,True,True
66af4ec3-aa5d-5ac1-97c2-27ef7319a318,0d02704e-9c24-5ff6-8d5c-4c3c2e4d8067,b2f53c06-b0c9-5c70-a611-7fbe7ad5beda,True,True
66af4ec3-aa5d-5ac1-97c2-27ef7319a318,6a760f02-6187-51c7-82c4-5bf3c9f05076,b2f53c06-b0c9-5c70-a611-7fbe7ad5beda,True,True
66af4ec3-aa5d-5ac1-97c2-27ef7319a318,b7d473a6-a0a4-5d62-b106-5c61ff44d506,b2f53c06-b0c9-5c70-a611-7fbe7ad5beda,True,True
66af4ec3-aa5d-5ac1-97c2-27ef7319a318,9582dfde-c182-512e-98dd-2d9cb1887480,b2f53c06-b0c9-5c70-a611-7fbe7ad5beda,True,True
66af4ec3-aa5d-5ac1-97c2-27ef7319a318,1762b64c-653e-567d-a7cf-d498989533e2,b2f53c06-b0c9-5c70-a611-7fbe7ad5beda,True,True
66af4ec3-aa5d-5ac1-97c2-27ef7319a318,075fc52a-88e1-5522-9074-3fe4afb5ad98,b2f53c06-b0c9-5c70-a611-7fbe7ad5beda,True,True
66af4ec3-aa5d-5ac1-97c2-27ef7319a318,2c726e75-0266-510c-8476-2a3a508dfff3,b2f53c06-b0c9-5c70-a611-7fbe7ad5beda,True,True
66af4ec3-aa5d-5ac1-97c2-27ef7319a318,74d1ebbe-f7d6-5a8a-a6df-fe39607dba53,b2f53c06-b0c9-5c70-a611-7fbe7ad5beda,True,True
66af4ec3-aa5d-5ac1-97c2-27ef7319a318,327a076a-470e-5428-a700-9566e2779387,b2f53c06-b0c9-5c70-a611-7fbe7ad5beda,True,True
66af4ec3-aa5d-5ac1-97c2-27ef7319a318,f05082ac-c187-5744-8882-50bf600206a6,b2f53c06-b0c9-5c70-a611-7fbe7ad5beda,True,True
66af4ec3-aa5d-5ac1-97c2-27ef7319a318,11853466-ee39-58c2-913e-34f9bbe5cdce,b2f53c06-b0c9-5c70-a611-7fbe7ad5beda,True,True
66af4ec3-aa5d-5ac1-97c2-27ef7319a318,5db05719-3171-5117-a1d3-a60933ecde5d,b2f53c06-b0c9-5c70-a611-7fbe7ad5beda,True,True
66af4ec3-aa5d-5ac1-97c2-27ef7319a318,088ef6e5-42d1-5825-8034-dfa53a70074d,b2f53c06-b0c9-5c70-a611-7fbe7ad5beda,True,True
66af4ec3-aa5d-5ac1-97c2-27ef7319a318,11c937a9-7c6f-5983-9bd4-3bd00f6584e6,b2f53c06-b0c9-5c70-a611-7fbe7ad5beda,True,True
66af4ec3-aa5d-5ac1-97c2-27ef7319a318,d1ce9af5-258d-5a40-8b2f-6568053f774c,b2f53c06-b0c9-5c70-a611-7fbe7ad5beda,True,True
66af4ec3-aa5d-5ac1-97c2-27ef7319a318,3e060858-2b55-5700-86fa-182b0f0ea3c8,b2f53c06-b0c9-5c70-a611-7fbe7ad5beda,True,True
66af4ec3-aa5d-5ac1-97c2-27ef7319a318,e903f3c1-762c-5d36-b37a-b2836bd5cce5,b2f53c06-b0c9-5c70-a611-7fbe7ad5beda,True,True
66af4ec3-aa5d-5ac1-97c2-27ef7319a318,554f22bc-5876-5c42-8f02-87bede51cec1,b2f53c06-b0c9-5c70-a611-7fbe7ad5beda,True,True
66af4ec3-aa5d-5ac1-97c2-27ef7319a318,f4fc61f0-56e4-531f-90b7-e50a5c3e56c3,b2f53c06-b0c9-5c70-a611-7fbe7ad5beda,True,True
66af4ec3-aa5d-5ac1-97c2-27ef7319a318,4bd7b3e0-a258-5883-ad89-c1da41bde1d0,b2f53c06-b0c9-5c70-a611-7fbe7ad5beda,True,True
66af4ec3-aa5d-5ac1-97c2-27ef7319a318,985e146b-a624-5061-aa12-cab02c53638a,b2f53c06-b0c9-5c70-a611-7fbe7ad5beda,True,True
66af4ec3-aa5d-5ac1-97c2-27ef7319a318,5caf23a4-fb01-55eb-90b1-250e47247a97,b2f53c06-b0c9-5c70-a611-7fbe7ad5beda,True,True
66af4ec3-aa5d-5ac1-97c2-27ef7319a318,468579dd-dfa7-5779-9497-e39176c2171f,b2f53c06-b0c9-5c70-a611-7fbe7ad5beda,True,True
66af4ec3-aa5d-5ac1-97c2-27ef7319a318,7760e654-1068-53ec-8915-7a42723df73e,b2f53c06-b0c9-5c70-a611-7fbe7ad5beda,True,True
66af4ec3-aa5d-5ac1-97c2-27ef7319a318,b33346cd-c205-5a92-b007-924532fcaf94,b2f53c06-b0c9-5c70-a611-7fbe7ad5beda,True,True
66af4ec3-aa5d-5ac1-97c2-27ef7319a318,21add787-96a7-56fe-a096-2a90e6a79095,b2f53c06-b0c9-5c70-a611-7fbe7ad5beda,True,True
66af4ec3-aa5d-5ac1-97c2-27ef7319a318,7583f1fb-2ee2-57aa-b80b-74267282afcb,b2f53c06-b0c9-5c70-a611-7fbe7ad5beda,True,True
66af4ec3-aa5d-5ac1-97c2-27ef7319a318,acbd17a7-b0c7-5315-8364-558914bd2d97,b2f53c06-b0c9-5c70-a611-7fbe7ad5beda,True,True
66af4ec3-aa5d-5ac1-97c2-27ef7319a318,4a486961-aeaf-5166-a67c-7131d4084fac,b2f53c06-b0c9-5c70-a611-7fbe7ad5beda,True,True
66af4ec3-aa5d-5ac1-97c2-27ef7319a318,65a31fef-6e06-5be7-8707-e08ee00dddff,b2f53c06-b0c9-5c70-a611-7fbe7ad5beda,True,True
66af4ec3-aa5d-5ac1-97c2-27ef7319a318,79c7ce39-bf14-5f62-8a8d-ce0d9218255e,b2f53c06-b0c9-5c70-a611-7fbe7ad5beda,True,True
66af4ec3-aa5d-5ac1-97c2-27ef7319a318,000b3347-4ab4-51d3-a1c1-f793b876ddb1,b2f53c06-b0c9-5c70-a611-7fbe7ad5beda,True,True
66af4ec3-aa5d-5ac1-97c2-27ef7319a318,17e937a6-e750-5f2f-92cf-03c01307aed1,b2f53c06-b0c9-5c70-a611-7fbe7ad5beda,True,True
66af4ec3-aa5d-5ac1-97c2-27ef7319a318,cfc005a4-8b46-5830-ace5-1891043dc634,b2f53c06-b0c9-5c70-a611-7fbe7ad5beda,True,True
66af4ec3-aa5d-5ac1-97c2-27ef7319a318,caee7387-8ca4-58fe-90ed-513b2c699cc4,b2f53c06-b0c9-5c70-a611-7fbe7ad5beda,True,True
66af4ec3-aa5d-5ac1-97c2-27ef7319a318,c455726c-a3b8-5cbe-bff2-f352601dc9f4,b2f53c06-b0c9-5c70-a611-7fbe7ad5beda,True,True
66af4ec3-aa5d-5ac1-97c2-27ef7319a318,37caaee5-13dc-5907-b543-7ea8b3ad8b8b,b2f53c06-b0c9-5c70-a611-7fbe7ad5beda,True,True
66af4ec3-aa5d-5ac1-97c2-27ef7319a318,27992060-ce28-5458-b042-f52880eaea06,b2f53c06-b0c9-5c70-a611-7fbe7ad5beda,True,True
66af4ec3-aa5d-5ac1-97c2-27ef7319a318,e19d90b5-be75-5e5d-851b-5afa140b1a9e,b2f53c06-b0c9-5c70-a611-7fbe7ad5beda,True,True
66af4ec3-aa5d-5ac1-97c2-27ef7319a318,00db2ded-f4b4-51c7-93ed-16b16fa918dc,b2f53c06-b0c9-5c70-a611-7fbe7ad5beda,True,True
66af4ec3-aa5d-5ac1-97c2-27ef7319a318,29c2599d-12c4-5356-a031-9f5d365749b0,b2f53c06-b0c9-5c70-a611-7fbe7ad5beda,True,True
66af4ec3-aa5d-5ac1-97c2-27ef7319a318,bd36be24-6d11-53c0-82e4-1ae0c44fcd86,b2f53c06-b0c9-5c70-a611-7fbe7ad5beda,True,True
66af4ec3-aa5d-5ac1-97c2-27ef7319a318,7d1551ad-8ad9-554a-854a-5bb2532bb417,b2f53c06-b0c9-5c70-a611-7fbe7ad5beda,True,True
66af4ec3-aa5d-5ac1-97c2-27ef7319a318,daf2ee4d-1396-5348-8243-127fe915e635,b2f53c06-b0c9-5c70-a611-7fbe7ad5beda,True,True
66af4ec3-aa5d-5ac1-97c2-27ef7319a318,a73eef32-e5d4-5063-959b-c6629c883e6c,b2f53c06-b0c9-5c70-a611-7fbe7ad5beda,True,True
66af4ec3-aa5d-5ac1-97c2-27ef7319a318,c96d2c65-6d29-5579-9795-7a3b0d90deae,b2f53c06-b0c9-5c70-a611-7fbe7ad5beda,True,True
66af4ec3-aa5d-5ac1-97c2-27ef7319a318,8119896b-6023-5c4d-8487-b52aea5783f7,b2f53c06-b0c9-5c70-a611-7fbe7ad5beda,True,True
66af4ec3-aa5d-5ac1-97c2-27ef7319a318,0b3b2188-ec95-55df-a1cc-d766d9a90af1,b2f53c06-b0c9-5c70-a611-7fbe7ad5beda,True,True
66af4ec3-aa5d-5ac1-97c2-27ef7319a318,86c0e426-e1f5-5f1b-a3da-9aa8f33f67d7,b2f53c06-b0c9-5c70-a611-7fbe7ad5beda,True,True
66af4ec3-aa5d-5ac1-97c2-27ef7319a318,939e69cc-3849-51d8-92a3-55407e4d6596,b2f53c06-b0c9-5c70-a611-7fbe7ad5beda,True,True
66af4ec3-aa5d-5ac1-97c2-27ef7319a318,2c1acbda-893b-5c66-a62e-9b76b2a2885d,b2f53c06-b0c9-5c70-a611-7fbe7ad5beda,True,True
66af4ec3-aa5d-5ac1-97c2-27ef7319a318,2983b8a2-700e-5ec3-b148-fd014ec06062,b2f53c06-b0c9-5c70-a611-7fbe7ad5beda,True,True
66af4ec3-aa5d-5ac1-97c2-27ef7319a318,117e656e-9284-577a-85bd-c278a8eb783a,b2f53c06-b0c9-5c70-a611-7fbe7ad5beda,True,True
66af4ec3-aa5d-5ac1-97c2-27ef7319a318,791e01a5-29b7-5c57-89e5-6a8a91497ef5,b2f53c06-b0c9-5c70-a611-7fbe7ad5beda,True,True
66af4ec3-aa5d-5ac1-97c2-27ef7319a318,e2db3b5e-8c1b-5720-9343-2acf67720622,b2f53c06-b0c9-5c70-a611-7fbe7ad5beda,True,True
66af4ec3-aa5d-5ac1-97c2-27ef7319a318,f915e822-e7c9-59e1-8f03-5e08fc392be0,b2f53c06-b0c9-5c70-a611-7fbe7ad5beda,True,True
66af4ec3-aa5d-5ac1-97c2-27ef7319a318,3a5b7dab-ab95-5a36-8e35-c278bc5a23f2,b2f53c06-b0c9-5c70-a611-7fbe7ad5beda,True,True
66af4ec3-aa5d-5ac1-97c2-27ef7319a318,44006957-94dc-5af5-88d3-b7c14085dd4e,b2f53c06-b0c9-5c70-a611-7fbe7ad5beda,True,True
66af4ec3-aa5d-5ac1-97c2-27ef7319a318,1e095715-2491-5e48-8789-2b50d176bce7,b2f53c06-b0c9-5c70-a611-7fbe7ad5beda,True,True
66af4ec3-aa5d-5ac1-97c2-27ef7319a318,6f7eade8-255e-59f2-b840-ac881d18898b,b2f53c06-b0c9-5c70-a611-7fbe7ad5beda,True,True
66af4ec3-aa5d-5ac1-97c2-27ef7319a318,70de61a4-c3aa-5631-a70b-b3151eb76afd,b2f53c06-b0c9-5c70-a611-7fbe7ad5beda,True,True
66af4ec3-aa5d-5ac1-97c2-27ef7319a318,4e2e7bd9-583c-5912-8f86-0d2b04bdd859,b2f53c06-b0c9-5c70-a611-7fbe7ad5beda,True,True
66af4ec3-aa5d-5ac1-97c2-27ef7319a318,1f7255b4-2ee2-5ad0-98e4-5ae5cc335824,b2f53c06-b0c9-5c70-a611-7fbe7ad5beda,True,True
66af4ec3-aa5d-5ac1-97c2-27ef7319a318,7c716f9b-e2fd-5ac2-9571-ccb4a608c317,b2f53c06-b0c9-5c70-a611-7fbe7ad5beda,True,True
66af4ec3-aa5d-5ac1-97c2-27ef7319a318,fb6859f5-9056-5b44-8eb1-0dda95d55972,b2f53c06-b0c9-5c70-a611-7fbe7ad5beda,True,True
66af4ec3-aa5d-5ac1-97c2-27ef7319a318,94663e42-74b4-55cb-a371-5bca1c22de8b,b2f53c06-b0c9-5c70-a611-7fbe7ad5beda,True,True
66af4ec3-aa5d-5ac1-97c2-27ef7319a318,023f754a-8855-59e8-9fb6-f1447dccd8bc,b2f53c06-b0c9-5c70-a611-7fbe7ad5beda,True,True
66af4ec3-aa5d-5ac1-97c2-27ef7319a318,f3711c3a-21ce-52ed-b965-a828feb71a54,b2f53c06-b0c9-5c70-a611-7fbe7ad5beda,True,True
66af4ec3-aa5d-5ac1-97c2-27ef7319a318,04a2b640-4bb4-5866-8737-0620bb2fefa5,b2f53c06-b0c9-5c70-a611-7fbe7ad5beda,True,True
66af4ec3-aa5d-5ac1-97c2-27ef7319a318,24220192-524b-5fe2-8d7a-613704e20212,b2f53c06-b0c9-5c70-a611-7fbe7ad5beda,True,True
66af4ec3-aa5d-5ac1-97c2-27ef7319a318,20e56176-32e0-5b5f-8b20-c9986a5b84f3,b2f53c06-b0c9-5c70-a611-7fbe7ad5beda,True,True
66af4ec3-aa5d-5ac1-97c2-27ef7319a318,4525ffb4-60e8-5c11-917f-0641fcca1d16,b2f53c06-b0c9-5c70-a611-7fbe7ad5beda,True,True
66af4ec3-aa5d-5ac1-97c2-27ef7319a318,238e71b2-c705-58f2-8971-7ec9c7961f54,b2f53c06-b0c9-5c70-a611-7fbe7ad5beda,True,True
66af4ec3-aa5d-5ac1-97c2-27ef7319a318,48510cbf-edac-5aa5-80a5-95f70cbc3be1,b2f53c06-b0c9-5c70-a611-7fbe7ad5beda,True,True
66af4ec3-aa5d-5ac1-97c2-27ef7319a318,f9dce0e6-a9d0-5757-80e6-76c819ee05d8,b2f53c06-b0c9-5c70-a611-7fbe7ad5beda,True,True
66af4ec3-aa5d-5ac1-97c2-27ef7319a318,7005cef2-e83c-5a57-9c0b-1bb55528f144,b2f53c06-b0c9-5c70-a611-7fbe7ad5beda,True,True
66af4ec3-aa5d-5ac1-97c2-27ef7319a318,2f4af236-1aa7-5cc1-9b29-ae345373f81f,b2f53c06-b0c9-5c70-a611-7fbe7ad5beda,True,True
66af4ec3-aa5d-5ac1-97c2-27ef7319a318,b1890f61-d99d-5661-b379-5aa10eb41d47,b2f53c06-b0c9-5c70-a611-7fbe7ad5beda,True,True
66af4ec3-aa5d-5ac1-97c2-27ef7319a318,cf216e5a-a464-523d-83ce-06dc988eda75,b2f53c06-b0c9-5c70-a611-7fbe7ad5beda,True,True
66af4ec3-aa5d-5ac1-97c2-27ef7319a318,b5defba0-8d89-5f58-b186-4b647f8766c0,b2f53c06-b0c9-5c70-a611-7fbe7ad5beda,True,True
66af4ec3-aa5d-5ac1-97c2-27ef7319a318,e972b3d1-66d9-5ec6-9198-3411f986dba6,b2f53c06-b0c9-5c70-a611-7fbe7ad5beda,True,True
66af4ec3-aa5d-5ac1-97c2-27ef7319a318,cc868bb9-fd70-5a07-a4b0-613801c24619,b2f53c06-b0c9-5c70-a611-7fbe7ad5beda,True,True
66af4ec3-aa5d-5ac1-97c2-27ef7319a318,8583ccba-167a-58a0-a31e-9b85e2596c67,b2f53c06-b0c9-5c70-a611-7fbe7ad5beda,True,True
66af4ec3-aa5d-5ac1-97c2-27ef7319a318,1afc5004-b456-548a-9a3c-e1641d98bb9c,b2f53c06-b0c9-5c70-a611-7fbe7ad5beda,True,True
66af4ec3-aa5d-5ac1-97c2-27ef7319a318,01c7415f-e7e2-57e6-b25f-c5c3a3da0cd4,b2f53c06-b0c9-5c70-a611-7fbe7ad5beda,True,True
66af4ec3-aa5d-5ac1-97c2-27ef7319a318,3c212057-71b9-55f7-8fe2-e78334868866,b2f53c06-b0c9-5c70-a611-7fbe7ad5beda,True,True
66af4ec3-aa5d-5ac1-97c2-27ef7319a318,839ce87f-8201-5492-873f-e62f4b15c91a,b2f53c06-b0c9-5c70-a611-7fbe7ad5beda,True,True
66af4ec3-aa5d-5ac1-97c2-27ef7319a318,9d045ee7-a9a5-5982-8f39-fd2c1c2ddee5,b2f53c06-b0c9-5c70-a611-7fbe7ad5beda,True,True
66af4ec3-aa5d-5ac1-97c2-27ef7319a318,2ef30673-5727-5299-8c35-91e2bfd8f5f3,b2f53c06-b0c9-5c70-a611-7fbe7ad5beda,True,True
66af4ec3-aa5d-5ac1-97c2-27ef7319a318,c1e9cc0f-921a-5bd0-a454-258adc68dfee,b2f53c06-b0c9-5c70-a611-7fbe7ad5beda,True,True
66af4ec3-aa5d-5ac1-97c2-27ef7319a318,210ef6fd-64ed-5175-9894-192fd3a48242,b2f53c06-b0c9-5c70-a611-7fbe7ad5beda,True,True
66af4ec3-aa5d-5ac1-97c2-27ef7319a318,da8517c5-747d-5529-bd44-3cd9b8e97e67,b2f53c06-b0c9-5c70-a611-7fbe7ad5beda,True,True
66af4ec3-aa5d-5ac1-97c2-27ef7319a318,264b04cc-466a-5b04-952a-49f2cd8a272f,b2f53c06-b0c9-5c70-a611-7fbe7ad5beda,True,True
66af4ec3-aa5d-5ac1-97c2-27ef7319a318,53959a77-8fa8-52a8-bbca-faaf02f9ad58,b2f53c06-b0c9-5c70-a611-7fbe7ad5beda,True,True
66af4ec3-aa5d-5ac1-97c2-27ef7319a318,9db667d7-deb5-527d-bd20-daa722766655,bf1c8fe0-19ac-5087-a69e-a979eb5cbc8f,True,True
66af4ec3-aa5d-5ac1-97c2-27ef7319a318,f6215f8f-fc20-5d8d-9771-109d8614a1b4,bf1c8fe0-19ac-5087-a69e-a979eb5cbc8f,True,True
66af4ec3-aa5d-5ac1-97c2-27ef7319a318,c4e59971-3341-5d23-9e9a-3230c01d3b0a,bf1c8fe0-19ac-5087-a69e-a979eb5cbc8f,True,True
66af4ec3-aa5d-5ac1-97c2-27ef7319a318,1fb5739d-e876-5f48-b67c-29efae33df66,bf1c8fe0-19ac-5087-a69e-a979eb5cbc8f,True,True
66af4ec3-aa5d-5ac1-97c2-27ef7319a318,a8055501-a0a9-53d6-912a-e28b9e46cea1,bf1c8fe0-19ac-5087-a69e-a979eb5cbc8f,True,True
66af4ec3-aa5d-5ac1-97c2-27ef7319a318,b4ea71f1-eea3-5594-b0da-a48fce527224,bf1c8fe0-19ac-5087-a69e-a979eb5cbc8f,True,True
66af4ec3-aa5d-5ac1-97c2-27ef7319a318,fec45a83-c928-587c-aa4d-8c76e5cbf63b,bf1c8fe0-19ac-5087-a69e-a979eb5cbc8f,True,True
66af4ec3-aa5d-5ac1-97c2-27ef7319a318,c44f7a43-3ce6-54c2-982f-67e177c8adef,bf1c8fe0-19ac-5087-a69e-a979eb5cbc8f,True,True
66af4ec3-aa5d-5ac1-97c2-27ef7319a318,17037adc-2f51-5634-b559-fc631ef76a91,bf1c8fe0-19ac-5087-a69e-a979eb5cbc8f,True,True
66af4ec3-aa5d-5ac1-97c2-27ef7319a318,e830c0aa-74d4-5dda-b041-37fc72e99e25,bf1c8fe0-19ac-5087-a69e-a979eb5cbc8f,True,True
66af4ec3-aa5d-5ac1-97c2-27ef7319a318,9002b33a-fd9b-5562-bfa0-fabe50fa9c76,bf1c8fe0-19ac-5087-a69e-a979eb5cbc8f,True,True
66af4ec3-aa5d-5ac1-97c2-27ef7319a318,a4505870-1f36-5df6-9f19-00dcf097175e,bf1c8fe0-19ac-5087-a69e-a979eb5cbc8f,True,True
66af4ec3-aa5d-5ac1-97c2-27ef7319a318,e692b4b3-87f1-5ea2-a628-343d6a6e029e,bf1c8fe0-19ac-5087-a69e-a979eb5cbc8f,True,True
66af4ec3-aa5d-5ac1-97c2-27ef7319a318,3a011775-b9ea-5a81-a837-13ae2c4a4e1e,bf1c8fe0-19ac-5087-a69e-a979eb5cbc8f,True,True
66af4ec3-aa5d-5ac1-97c2-27ef7319a318,2bd3741a-e7f7-5b80-89dd-fdabf2a50787,bf1c8fe0-19ac-5087-a69e-a979eb5cbc8f,True,True
66af4ec3-aa5d-5ac1-97c2-27ef7319a318,72101279-307d-56ce-9879-ebb00982bd40,bf1c8fe0-19ac-5087-a69e-a979eb5cbc8f,True,True
66af4ec3-aa5d-5ac1-97c2-27ef7319a318,b23afe83-c005-590f-b09b-a8a6d6a98969,bf1c8fe0-19ac-5087-a69e-a979eb5cbc8f,True,True
66af4ec3-aa5d-5ac1-97c2-27ef7319a318,6e303a20-9b55-5830-af06-18d542b47d92,bf1c8fe0-19ac-5087-a69e-a979eb5cbc8f,True,True
66af4ec3-aa5d-5ac1-97c2-27ef7319a318,48549b7e-2086-52e5-9f05-06354fc0bb0e,bf1c8fe0-19ac-5087-a69e-a979eb5cbc8f,True,True
66af4ec3-aa5d-5ac1-97c2-27ef7319a318,bf0eaf01-3790-5664-9123-ba482cd13344,bf1c8fe0-19ac-5087-a69e-a979eb5cbc8f,True,True
66af4ec3-aa5d-5ac1-97c2-27ef7319a318,46f7c10a-8fa1-5bfa-beeb-6c828b5123b4,bf1c8fe0-19ac-5087-a69e-a979eb5cbc8f,True,True
66af4ec3-aa5d-5ac1-97c2-27ef7319a318,9ea74754-6a93-5eeb-8c68-c50aaa6d3b56,bf1c8fe0-19ac-5087-a69e-a979eb5cbc8f,True,True
66af4ec3-aa5d-5ac1-97c2-27ef7319a318,26715d32-73ae-5b05-a0f5-ba9015e7a04f,bf1c8fe0-19ac-5087-a69e-a979eb5cbc8f,True,True
66af4ec3-aa5d-5ac1-97c2-27ef7319a318,75267a59-b6d9-5caa-ba2f-ab01c086d8bc,bf1c8fe0-19ac-5087-a69e-a979eb5cbc8f,True,True
66af4ec3-aa5d-5ac1-97c2-27ef7319a318,dfc614ca-6c41-56eb-b652-d2177ff04f7d,bf1c8fe0-19ac-5087-a69e-a979eb5cbc8f,True,True
66af4ec3-aa5d-5ac1-97c2-27ef7319a318,67047944-4ffd-574e-bb83-4358d824b637,bf1c8fe0-19ac-5087-a69e-a979eb5cbc8f,True,True
66af4ec3-aa5d-5ac1-97c2-27ef7319a318,8f664e81-23d8-5dfa-b5de-57849355ff40,bf1c8fe0-19ac-5087-a69e-a979eb5cbc8f,True,True
66af4ec3-aa5d-5ac1-97c2-27ef7319a318,69e18089-f553-545c-a866-135ba45dd529,bf1c8fe0-19ac-5087-a69e-a979eb5cbc8f,True,True
66af4ec3-aa5d-5ac1-97c2-27ef7319a318,e653cb56-f534-5ada-bcce-c0088365d1be,bf1c8fe0-19ac-5087-a69e-a979eb5cbc8f,True,True
66af4ec3-aa5d-5ac1-97c2-27ef7319a318,6a81fee9-e25e-5bbb-bcf1-c50ed7d41a6f,bf1c8fe0-19ac-5087-a69e-a979eb5cbc8f,True,True
66af4ec3-aa5d-5ac1-97c2-27ef7319a318,57c4cf75-d0de-5337-a210-2c1ac146f064,bf1c8fe0-19ac-5087-a69e-a979eb5cbc8f,True,True
66af4ec3-aa5d-5ac1-97c2-27ef7319a318,868f943d-cc69-57ea-ba1d-86e5b2c4084e,bf1c8fe0-19ac-5087-a69e-a979eb5cbc8f,True,True
66af4ec3-aa5d-5ac1-97c2-27ef7319a318,842a2b2c-9e1c-528b-8fa1-49ed402d97af,bf1c8fe0-19ac-5087-a69e-a979eb5cbc8f,True,True
66af4ec3-aa5d-5ac1-97c2-27ef7319a318,c6cf2266-c5a5-55f1-913a-0b534310ac7d,bf1c8fe0-19ac-5087-a69e-a979eb5cbc8f,True,True
66af4ec3-aa5d-5ac1-97c2-27ef7319a318,197f2968-72ee-548b-8296-d158a07f4c98,bf1c8fe0-19ac-5087-a69e-a979eb5cbc8f,True,True
66af4ec3-aa5d-5ac1-97c2-27ef7319a318,78284413-ee23-5004-bfa5-15a1a20cc430,bf1c8fe0-19ac-5087-a69e-a979eb5cbc8f,True,True
66af4ec3-aa5d-5ac1-97c2-27ef7319a318,bba55cfb-ac68-561c-a77b-c2699cc4d016,bf1c8fe0-19ac-5087-a69e-a979eb5cbc8f,True,True
66af4ec3-aa5d-5ac1-97c2-27ef7319a318,77881aa3-e519-5daa-bcf3-044a0f331aa5,bf1c8fe0-19ac-5087-a69e-a979eb5cbc8f,True,True
66af4ec3-aa5d-5ac1-97c2-27ef7319a318,ea553b49-b96a-5378-a452-528b93aceac7,bf1c8fe0-19ac-5087-a69e-a979eb5cbc8f,True,True
66af4ec3-aa5d-5ac1-97c2-27ef7319a318,f8ba0d1d-e0f9-55da-bd86-a468a45858da,bf1c8fe0-19ac-5087-a69e-a979eb5cbc8f,True,True
66af4ec3-aa5d-5ac1-97c2-27ef7319a318,34e95bd9-b312-56b5-a2c5-e0c1021bcb62,bf1c8fe0-19ac-5087-a69e-a979eb5cbc8f,True,True
66af4ec3-aa5d-5ac1-97c2-27ef7319a318,ff54882b-2359-55b5-8bc7-c68afcde2b1b,bf1c8fe0-19ac-5087-a69e-a979eb5cbc8f,True,True
66af4ec3-aa5d-5ac1-97c2-27ef7319a318,d0b2a796-0a07-5f09-b71b-bdf6738ce0d1,bf1c8fe0-19ac-5087-a69e-a979eb5cbc8f,True,True
66af4ec3-aa5d-5ac1-97c2-27ef7319a318,16c8098d-da16-5f7b-bdc2-8bd1074918f9,bf1c8fe0-19ac-5087-a69e-a979eb5cbc8f,True,True
66af4ec3-aa5d-5ac1-97c2-27ef7319a318,23235cfb-ff78-5efd-a4ac-4076e851f7bf,bf1c8fe0-19ac-5087-a69e-a979eb5cbc8f,True,True
66af4ec3-aa5d-5ac1-97c2-27ef7319a318,59163482-347b-5605-acb7-bbc8422feaf6,bf1c8fe0-19ac-5087-a69e-a979eb5cbc8f,True,True
66af4ec3-aa5d-5ac1-97c2-27ef7319a318,95a507e1-12f4-58fa-81fc-a0ee0a33728f,bf1c8fe0-19ac-5087-a69e-a979eb5cbc8f,True,True
66af4ec3-aa5d-5ac1-97c2-27ef7319a318,0bf4938e-f3dd-575c-a699-efa6e4e05ea1,bf1c8fe0-19ac-5087-a69e-a979eb5cbc8f,True,True
66af4ec3-aa5d-5ac1-97c2-27ef7319a318,a39b0686-6c0a-5a2f-838c-82932beeb1e7,bf1c8fe0-19ac-5087-a69e-a979eb5cbc8f,True,True
66af4ec3-aa5d-5ac1-97c2-27ef7319a318,909531dd-2227-5b5a-b93a-be5d48b2c800,bf1c8fe0-19ac-5087-a69e-a979eb5cbc8f,True,True
66af4ec3-aa5d-5ac1-97c2-27ef7319a318,5a55bc43-8d19-5d69-bf37-6115642cf37b,bf1c8fe0-19ac-5087-a69e-a979eb5cbc8f,True,True
66af4ec3-aa5d-5ac1-97c2-27ef7319a318,f76e6b54-69de-5f13-8658-c50a9c3ad226,bf1c8fe0-19ac-5087-a69e-a979eb5cbc8f,True,True
66af4ec3-aa5d-5ac1-97c2-27ef7319a318,4834460a-f85e-55bf-8445-9ef87d5ee3b0,bf1c8fe0-19ac-5087-a69e-a979eb5cbc8f,True,True
66af4ec3-aa5d-5ac1-97c2-27ef7319a318,353f83bf-2dda-55b5-b226-f0c9fe7af319,bf1c8fe0-19ac-5087-a69e-a979eb5cbc8f,True,True
66af4ec3-aa5d-5ac1-97c2-27ef7319a318,6da42eae-d7ef-5be1-9cf3-1e950b8b0298,bf1c8fe0-19ac-5087-a69e-a979eb5cbc8f,True,True
66af4ec3-aa5d-5ac1-97c2-27ef7319a318,cfefa4f3-a451-5502-a39a-d3540d886284,bf1c8fe0-19ac-5087-a69e-a979eb5cbc8f,True,True
66af4ec3-aa5d-5ac1-97c2-27ef7319a318,75feff71-b5ee-51f2-934f-a63b169e0e18,bf1c8fe0-19ac-5087-a69e-a979eb5cbc8f,True,True
66af4ec3-aa5d-5ac1-97c2-27ef7319a318,99146a10-787d-5950-a2e6-fb4f0c1c84ec,bf1c8fe0-19ac-5087-a69e-a979eb5cbc8f,True,True
66af4ec3-aa5d-5ac1-97c2-27ef7319a318,029217ac-01f3-594a-ae37-23414e07e1b0,bf1c8fe0-19ac-5087-a69e-a979eb5cbc8f,True,True
66af4ec3-aa5d-5ac1-97c2-27ef7319a318,a35efd04-331f-5217-a2fa-2352ff8759bd,bf1c8fe0-19ac-5087-a69e-a979eb5cbc8f,True,True
66af4ec3-aa5d-5ac1-97c2-27ef7319a318,8b7d7608-1203-5958-a996-018306a80ff0,bf1c8fe0-19ac-5087-a69e-a979eb5cbc8f,True,True
66af4ec3-aa5d-5ac1-97c2-27ef7319a318,d9f8497c-8f55-56b4-b8a3-9cf42d78ca0e,bf1c8fe0-19ac-5087-a69e-a979eb5cbc8f,True,True
66af4ec3-aa5d-5ac1-97c2-27ef7319a318,4b63c4a2-a166-5450-b8c9-a06d7f1c365f,bf1c8fe0-19ac-5087-a69e-a979eb5cbc8f,True,True
66af4ec3-aa5d-5ac1-97c2-27ef7319a318,cc06dbe4-d014-5173-b845-b9afddd09d65,bf1c8fe0-19ac-5087-a69e-a979eb5cbc8f,True,True
66af4ec3-aa5d-5ac1-97c2-27ef7319a318,c5f7d8a0-ce88-58dc-bdd6-33f00fcf7cf8,bf1c8fe0-19ac-5087-a69e-a979eb5cbc8f,True,True
66af4ec3-aa5d-5ac1-97c2-27ef7319a318,f6f80993-7372-5936-9b6b-2251d2c80510,bf1c8fe0-19ac-5087-a69e-a979eb5cbc8f,True,True
66af4ec3-aa5d-5ac1-97c2-27ef7319a318,7dddfcc9-5fa7-5946-a11b-1d56fef4cda5,bf1c8fe0-19ac-5087-a69e-a979eb5cbc8f,True,True
66af4ec3-aa5d-5ac1-97c2-27ef7319a318,2a479e36-36f2-50e8-9da0-6b249b288fe6,bf1c8fe0-19ac-5087-a69e-a979eb5cbc8f,True,True
66af4ec3-aa5d-5ac1-97c2-27ef7319a318,12c45835-4f80-5d36-91ad-7ff65fbd0b7d,bf1c8fe0-19ac-5087-a69e-a979eb5cbc8f,True,True
66af4ec3-aa5d-5ac1-97c2-27ef7319a318,c3aa5cf5-df3d-5f40-85a8-13d09ef89db1,bf1c8fe0-19ac-5087-a69e-a979eb5cbc8f,True,True
66af4ec3-aa5d-5ac1-97c2-27ef7319a318,83f2d0b2-269c-542f-92f9-bdb5c85c2ba2,bf1c8fe0-19ac-5087-a69e-a979eb5cbc8f,True,True
66af4ec3-aa5d-5ac1-97c2-27ef7319a318,1526ffdc-4d51-5275-8c90-8aed56a11a4d,bf1c8fe0-19ac-5087-a69e-a979eb5cbc8f,True,True
66af4ec3-aa5d-5ac1-97c2-27ef7319a318,1362e186-eaa0-577e-8e7e-c86c8a656663,bf1c8fe0-19ac-5087-a69e-a979eb5cbc8f,True,True
66af4ec3-aa5d-5ac1-97c2-27ef7319a318,1f8ee058-cfcf-54bc-bded-5f62e9f69a22,bf1c8fe0-19ac-5087-a69e-a979eb5cbc8f,True,True
66af4ec3-aa5d-5ac1-97c2-27ef7319a318,26c5c718-38e6-5dec-8c07-7d18d609d624,bf1c8fe0-19ac-5087-a69e-a979eb5cbc8f,True,True
66af4ec3-aa5d-5ac1-97c2-27ef7319a318,f010b96a-0125-55f4-82b6-6713f47e149d,bf1c8fe0-19ac-5087-a69e-a979eb5cbc8f,True,True
66af4ec3-aa5d-5ac1-97c2-27ef7319a318,dc6f630e-a203-5b4d-b7fa-627f30f321cd,bf1c8fe0-19ac-5087-a69e-a979eb5cbc8f,True,True
66af4ec3-aa5d-5ac1-97c2-27ef7319a318,b40b129e-55e6-5a68-9698-519fb906fbec,bf1c8fe0-19ac-5087-a69e-a979eb5cbc8f,True,True
66af4ec3-aa5d-5ac1-97c2-27ef7319a318,89e0c7ab-40ab-510d-9f0e-cdb3f698adce,bf1c8fe0-19ac-5087-a69e-a979eb5cbc8f,True,True
66af4ec3-aa5d-5ac1-97c2-27ef7319a318,39139ef9-5795-598c-b687-b5fa3bc5d1c6,bf1c8fe0-19ac-5087-a69e-a979eb5cbc8f,True,True
66af4ec3-aa5d-5ac1-97c2-27ef7319a318,e0dfe67b-20d9-5805-9c7b-f8a64b2435fb,bf1c8fe0-19ac-5087-a69e-a979eb5cbc8f,True,True
66af4ec3-aa5d-5ac1-97c2-27ef7319a318,ce623c65-5aae-5e33-937c-88a9a7093ee3,bf1c8fe0-19ac-5087-a69e-a979eb5cbc8f,True,True
66af4ec3-aa5d-5ac1-97c2-27ef7319a318,43fdc208-eb04-567f-84c6-c87970767dd4,bf1c8fe0-19ac-5087-a69e-a979eb5cbc8f,True,True
66af4ec3-aa5d-5ac1-97c2-27ef7319a318,0bcf9ad3-50fd-55c0-8c1e-d47e11083ae7,bf1c8fe0-19ac-5087-a69e-a979eb5cbc8f,True,True
66af4ec3-aa5d-5ac1-97c2-27ef7319a318,be409860-c031-52f0-b3c0-929435db7fd6,bf1c8fe0-19ac-5087-a69e-a979eb5cbc8f,True,True
66af4ec3-aa5d-5ac1-97c2-27ef7319a318,dca01b0f-2531-5857-a72f-0256d55b7fa2,bf1c8fe0-19ac-5087-a69e-a979eb5cbc8f,True,True
66af4ec3-aa5d-5ac1-97c2-27ef7319a318,71852ceb-f8d8-5cdc-8ace-cd36ef287827,bf1c8fe0-19ac-5087-a69e-a979eb5cbc8f,True,True
66af4ec3-aa5d-5ac1-97c2-27ef7319a318,c935de42-b813-5def-a3b2-aeebefb7cc67,bf1c8fe0-19ac-5087-a69e-a979eb5cbc8f,True,True
66af4ec3-aa5d-5ac1-97c2-27ef7319a318,4004a09c-aa92-5642-aa38-137fb973f913,bf1c8fe0-19ac-5087-a69e-a979eb5cbc8f,True,True
66af4ec3-aa5d-5ac1-97c2-27ef7319a318,bd048ebb-2018-542e-bd15-928bb2173a94,bf1c8fe0-19ac-5087-a69e-a979eb5cbc8f,True,True
66af4ec3-aa5d-5ac1-97c2-27ef7319a318,26b6ae33-3b90-5334-b9ec-5a5c3c4f4154,bf1c8fe0-19ac-5087-a69e-a979eb5cbc8f,True,True
66af4ec3-aa5d-5ac1-97c2-27ef7319a318,c2df1411-8427-55f5-bb32-ad7405e2ca1e,bf1c8fe0-19ac-5087-a69e-a979eb5cbc8f,True,True
66af4ec3-aa5d-5ac1-97c2-27ef7319a318,bc7fc92b-2126-5ed3-921c-095102bee7a1,bf1c8fe0-19ac-5087-a69e-a979eb5cbc8f,True,True
66af4ec3-aa5d-5ac1-97c2-27ef7319a318,f9b363a0-abfa-5305-8bef-2f71ae259192,bf1c8fe0-19ac-5087-a69e-a979eb5cbc8f,True,True
66af4ec3-aa5d-5ac1-97c2-27ef7319a318,717a5681-d3ce-54c6-ab05-01bac12038d4,bf1c8fe0-19ac-5087-a69e-a979eb5cbc8f,True,True
66af4ec3-aa5d-5ac1-97c2-27ef7319a318,35aeef37-658d-5b79-abe0-38b1b13b761c,bf1c8fe0-19ac-5087-a69e-a979eb5cbc8f,True,True
66af4ec3-aa5d-5ac1-97c2-27ef7319a318,4eb42354-4fc6-5221-90d5-576a0f787b91,bf1c8fe0-19ac-5087-a69e-a979eb5cbc8f,True,True
66af4ec3-aa5d-5ac1-97c2-27ef7319a318,88beba26-6598-5c0a-a43a-073f83392d41,bf1c8fe0-19ac-5087-a69e-a979eb5cbc8f,True,True
66af4ec3-aa5d-5ac1-97c2-27ef7319a318,8165a173-901e-5353-a68f-be885c6552ba,bf1c8fe0-19ac-5087-a69e-a979eb5cbc8f,True,True
66af4ec3-aa5d-5ac1-97c2-27ef7319a318,ebfd626f-1a90-56b9-bb74-c978510a5320,bf1c8fe0-19ac-5087-a69e-a979eb5cbc8f,True,True
66af4ec3-aa5d-5ac1-97c2-27ef7319a318,3d3925c9-9927-5708-bda1-43d69028d482,bf1c8fe0-19ac-5087-a69e-a979eb5cbc8f,True,True
66af4ec3-aa5d-5ac1-97c2-27ef7319a318,14cc8664-0626-5816-8077-0c8fb3d49648,bf1c8fe0-19ac-5087-a69e-a979eb5cbc8f,True,True
66af4ec3-aa5d-5ac1-97c2-27ef7319a318,53cf48f1-2112-576b-bade-84fadb4e6dd2,bf1c8fe0-19ac-5087-a69e-a979eb5cbc8f,True,True
66af4ec3-aa5d-5ac1-97c2-27ef7319a318,6cecacba-8742-5c20-a51e-848f42e58b34,bf1c8fe0-19ac-5087-a69e-a979eb5cbc8f,True,True
66af4ec3-aa5d-5ac1-97c2-27ef7319a318,3b148624-dbb5-5370-8ccd-701847b27ead,bf1c8fe0-19ac-5087-a69e-a979eb5cbc8f,True,True
66af4ec3-aa5d-5ac1-97c2-27ef7319a318,3f933c2e-042c-5ce3-95a2-529cfcf7412b,bf1c8fe0-19ac-5087-a69e-a979eb5cbc8f,True,True
66af4ec3-aa5d-5ac1-97c2-27ef7319a318,63cd9c51-6876-5562-a0c0-4e88850b8b52,bf1c8fe0-19ac-5087-a69e-a979eb5cbc8f,True,True
66af4ec3-aa5d-5ac1-97c2-27ef7319a318,f5ac7f79-d5ea-52b1-8222-5cc4aa11d222,bf1c8fe0-19ac-5087-a69e-a979eb5cbc8f,True,True
66af4ec3-aa5d-5ac1-97c2-27ef7319a318,0746a720-361e-53f2-b491-b77ef1e5a0c8,bf1c8fe0-19ac-5087-a69e-a979eb5cbc8f,True,True
66af4ec3-aa5d-5ac1-97c2-27ef7319a318,51cbf7fc-a091-5e00-b8f2-4bc6bcc9561c,bf1c8fe0-19ac-5087-a69e-a979eb5cbc8f,True,True
66af4ec3-aa5d-5ac1-97c2-27ef7319a318,0a954a25-88eb-5078-80cc-f63e2e3aef7f,bf1c8fe0-19ac-5087-a69e-a979eb5cbc8f,True,True
66af4ec3-aa5d-5ac1-97c2-27ef7319a318,8d17ff03-55e9-55c5-b97b-93f032d9fb3d,bf1c8fe0-19ac-5087-a69e-a979eb5cbc8f,True,True
66af4ec3-aa5d-5ac1-97c2-27ef7319a318,6c79847b-94e8-5c7a-943d-a0d0084663f3,bf1c8fe0-19ac-5087-a69e-a979eb5cbc8f,True,True
66af4ec3-aa5d-5ac1-97c2-27ef7319a318,7be67b02-530b-5262-aeab-69370dea80b3,bf1c8fe0-19ac-5087-a69e-a979eb5cbc8f,True,True
66af4ec3-aa5d-5ac1-97c2-27ef7319a318,3b76733d-c148-5587-97db-1403cc2dcccf,bf1c8fe0-19ac-5087-a69e-a979eb5cbc8f,True,True
66af4ec3-aa5d-5ac1-97c2-27ef7319a318,56274d3d-0272-56a6-b24f-97928cc413aa,bf1c8fe0-19ac-5087-a69e-a979eb5cbc8f,True,True
66af4ec3-aa5d-5ac1-97c2-27ef7319a318,0e454f68-f812-5580-b21a-29a6475e5153,bf1c8fe0-19ac-5087-a69e-a979eb5cbc8f,True,True
66af4ec3-aa5d-5ac1-97c2-27ef7319a318,a40eeb70-921f-569b-8538-d48e6100ca4a,bf1c8fe0-19ac-5087-a69e-a979eb5cbc8f,True,True
66af4ec3-aa5d-5ac1-97c2-27ef7319a318,14c888ec-0c2f-56c3-a741-7b9c215a343c,bf1c8fe0-19ac-5087-a69e-a979eb5cbc8f,True,True
66af4ec3-aa5d-5ac1-97c2-27ef7319a318,d040b9a2-104e-5ea8-a8ec-8e1a0b70d737,bf1c8fe0-19ac-5087-a69e-a979eb5cbc8f,True,True
66af4ec3-aa5d-5ac1-97c2-27ef7319a318,3443d793-a7be-5fa3-8790-92976af2a0fe,bf1c8fe0-19ac-5087-a69e-a979eb5cbc8f,True,True
66af4ec3-aa5d-5ac1-97c2-27ef7319a318,1f46e71f-e846-502c-97a1-c87c78d986e4,bf1c8fe0-19ac-5087-a69e-a979eb5cbc8f,True,True
66af4ec3-aa5d-5ac1-97c2-27ef7319a318,30d784ff-37f5-5bde-9713-ff83373fa218,bf1c8fe0-19ac-5087-a69e-a979eb5cbc8f,True,True
66af4ec3-aa5d-5ac1-97c2-27ef7319a318,1238fbed-e0a7-5b27-898b-dc96c4db98bf,bf1c8fe0-19ac-5087-a69e-a979eb5cbc8f,True,True
66af4ec3-aa5d-5ac1-97c2-27ef7319a318,101c9431-7b25-5339-80a2-e7aafc6443cb,bf1c8fe0-19ac-5087-a69e-a979eb5cbc8f,True,True
66af4ec3-aa5d-5ac1-97c2-27ef7319a318,93a39912-5034-5a08-af4b-2a7f6f685bef,bf1c8fe0-19ac-5087-a69e-a979eb5cbc8f,True,True
66af4ec3-aa5d-5ac1-97c2-27ef7319a318,c2035f90-1d41-57b9-b26b-1df14f889ac8,bf1c8fe0-19ac-5087-a69e-a979eb5cbc8f,True,True
66af4ec3-aa5d-5ac1-97c2-27ef7319a318,d3d4f6cf-0c90-52c2-a66b-1ccb9d55ee92,bf1c8fe0-19ac-5087-a69e-a979eb5cbc8f,True,True
66af4ec3-aa5d-5ac1-97c2-27ef7319a318,08479e4e-003a-5b03-b80a-466720b539ea,bf1c8fe0-19ac-5087-a69e-a979eb5cbc8f,True,True
66af4ec3-aa5d-5ac1-97c2-27ef7319a318,d6a330e6-ef3e-5af9-97ea-7e5b99cd1d93,bf1c8fe0-19ac-5087-a69e-a979eb5cbc8f,True,True
66af4ec3-aa5d-5ac1-97c2-27ef7319a318,4e83b455-72b5-5653-812f-1908b325f02c,bf1c8fe0-19ac-5087-a69e-a979eb5cbc8f,True,True
66af4ec3-aa5d-5ac1-97c2-27ef7319a318,3dcb7681-8b65-509c-ac24-5499c6ba831c,bf1c8fe0-19ac-5087-a69e-a979eb5cbc8f,True,True
66af4ec3-aa5d-5ac1-97c2-27ef7319a318,ff60d6d9-ee35-5128-9819-a3264e656a24,bf1c8fe0-19ac-5087-a69e-a979eb5cbc8f,True,True
66af4ec3-aa5d-5ac1-97c2-27ef7319a318,7ad81c03-b28b-56af-b665-e4f3f09807b1,bf1c8fe0-19ac-5087-a69e-a979eb5cbc8f,True,True
66af4ec3-aa5d-5ac1-97c2-27ef7319a318,8683ccf9-4a2b-59d0-adc2-1bcd6e64796d,bf1c8fe0-19ac-5087-a69e-a979eb5cbc8f,True,True
66af4ec3-aa5d-5ac1-97c2-27ef7319a318,18412158-a2ec-55da-bd50-36674d3c50dd,bf1c8fe0-19ac-5087-a69e-a979eb5cbc8f,True,True
66af4ec3-aa5d-5ac1-97c2-27ef7319a318,9863892b-7c97-5f7f-b5f2-c7e4645a2906,bf1c8fe0-19ac-5087-a69e-a979eb5cbc8f,True,True
66af4ec3-aa5d-5ac1-97c2-27ef7319a318,37845659-8b04-5d7c-a670-fe24a1de251a,bf1c8fe0-19ac-5087-a69e-a979eb5cbc8f,True,True
66af4ec3-aa5d-5ac1-97c2-27ef7319a318,c7afa2af-31ba-51fe-bf87-1155a427e4ec,bf1c8fe0-19ac-5087-a69e-a979eb5cbc8f,True,True
66af4ec3-aa5d-5ac1-97c2-27ef7319a318,23907d1a-3b1f-5dd5-a03c-acfa94dc4873,bf1c8fe0-19ac-5087-a69e-a979eb5cbc8f,True,True
66af4ec3-aa5d-5ac1-97c2-27ef7319a318,3839de2f-fccc-512d-8636-69d0fb3227f4,bf1c8fe0-19ac-5087-a69e-a979eb5cbc8f,True,True
66af4ec3-aa5d-5ac1-97c2-27ef7319a318,ab49d96f-4edb-50a1-b88d-3909f0a663b5,bf1c8fe0-19ac-5087-a69e-a979eb5cbc8f,True,True
66af4ec3-aa5d-5ac1-97c2-27ef7319a318,9f8f45c1-d6ed-5e7a-9d01-930e3dd0d219,bf1c8fe0-19ac-5087-a69e-a979eb5cbc8f,True,True
66af4ec3-aa5d-5ac1-97c2-27ef7319a318,399ecfcf-a81e-5ab2-8073-bfbbc5359b5b,bf1c8fe0-19ac-5087-a69e-a979eb5cbc8f,True,True
66af4ec3-aa5d-5ac1-97c2-27ef7319a318,8275c834-7908-5269-b07b-e1d388f0665e,bf1c8fe0-19ac-5087-a69e-a979eb5cbc8f,True,True
66af4ec3-aa5d-5ac1-97c2-27ef7319a318,4b5a5cf5-110e-58a3-89a2-ac5590debcf9,bf1c8fe0-19ac-5087-a69e-a979eb5cbc8f,True,True
66af4ec3-aa5d-5ac1-97c2-27ef7319a318,f208862f-d3ff-57af-994a-ce8777dcf2ed,bf1c8fe0-19ac-5087-a69e-a979eb5cbc8f,True,True
66af4ec3-aa5d-5ac1-97c2-27ef7319a318,e18433c7-c3af-59b7-a2b9-049e485dd637,bf1c8fe0-19ac-5087-a69e-a979eb5cbc8f,True,True
66af4ec3-aa5d-5ac1-97c2-27ef7319a318,a7e54a34-6265-56de-b6af-b1ce0f4dcd13,bf1c8fe0-19ac-5087-a69e-a979eb5cbc8f,True,True
66af4ec3-aa5d-5ac1-97c2-27ef7319a318,8f7d3fe1-2a6d-55fd-9f45-48a2b78502a4,bf1c8fe0-19ac-5087-a69e-a979eb5cbc8f,True,True
66af4ec3-aa5d-5ac1-97c2-27ef7319a318,ba9b8155-8300-5179-ab17-0d106551e35b,bf1c8fe0-19ac-5087-a69e-a979eb5cbc8f,True,True
66af4ec3-aa5d-5ac1-97c2-27ef7319a318,f9cf6a05-ee10-5a1d-950f-d411e7c89b39,bf1c8fe0-19ac-5087-a69e-a979eb5cbc8f,True,True
66af4ec3-aa5d-5ac1-97c2-27ef7319a318,ccb1f0fb-1579-5bda-926a-f6464f528a7e,bf1c8fe0-19ac-5087-a69e-a979eb5cbc8f,True,True
66af4ec3-aa5d-5ac1-97c2-27ef7319a318,cee67eea-1984-5801-864f-37dcad2f3e9d,bf1c8fe0-19ac-5087-a69e-a979eb5cbc8f,True,True
66af4ec3-aa5d-5ac1-97c2-27ef7319a318,2d666565-0303-584d-a739-b47879730dc4,bf1c8fe0-19ac-5087-a69e-a979eb5cbc8f,True,True
66af4ec3-aa5d-5ac1-97c2-27ef7319a318,72d92a47-be57-51f9-816a-1ec8b77e4308,bf1c8fe0-19ac-5087-a69e-a979eb5cbc8f,True,True
66af4ec3-aa5d-5ac1-97c2-27ef7319a318,097299ae-a23b-5215-8163-6199c0981962,bf1c8fe0-19ac-5087-a69e-a979eb5cbc8f,True,True
66af4ec3-aa5d-5ac1-97c2-27ef7319a318,04d1f209-b33c-5cd0-97c4-8422f9f21ecb,bf1c8fe0-19ac-5087-a69e-a979eb5cbc8f,True,True
66af4ec3-aa5d-5ac1-97c2-27ef7319a318,245c700d-c5f6-5ec5-adff-f5364d7c0d98,bf1c8fe0-19ac-5087-a69e-a979eb5cbc8f,True,True
66af4ec3-aa5d-5ac1-97c2-27ef7319a318,d6c59f15-d59d-5912-b90e-71813f3f0822,bf1c8fe0-19ac-5087-a69e-a979eb5cbc8f,True,True
66af4ec3-aa5d-5ac1-97c2-27ef7319a318,7ad04320-c3bf-597e-96c1-b90737a8febc,bf1c8fe0-19ac-5087-a69e-a979eb5cbc8f,True,True
66af4ec3-aa5d-5ac1-97c2-27ef7319a318,a471291f-a30a-5f80-9c65-14ff1bbc1c17,bf1c8fe0-19ac-5087-a69e-a979eb5cbc8f,True,True
66af4ec3-aa5d-5ac1-97c2-27ef7319a318,655c5a85-a744-57a8-8939-190dbd32b577,bf1c8fe0-19ac-5087-a69e-a979eb5cbc8f,True,True
66af4ec3-aa5d-5ac1-97c2-27ef7319a318,75db5c95-65a2-53d7-8621-c2c64a729a1a,bf1c8fe0-19ac-5087-a69e-a979eb5cbc8f,True,True
66af4ec3-aa5d-5ac1-97c2-27ef7319a318,2e242a50-314c-57f5-8349-9e1d587fb404,bf1c8fe0-19ac-5087-a69e-a979eb5cbc8f,True,True
66af4ec3-aa5d-5ac1-97c2-27ef7319a318,82619ba4-f953-5186-97fb-effeb8a868c2,bf1c8fe0-19ac-5087-a69e-a979eb5cbc8f,True,True
66af4ec3-aa5d-5ac1-97c2-27ef7319a318,bd7fe522-138b-52c6-a7db-b836908c751d,bf1c8fe0-19ac-5087-a69e-a979eb5cbc8f,True,True
66af4ec3-aa5d-5ac1-97c2-27ef7319a318,813b7a1f-44c7-553a-99ce-2c61d9cfae9f,bf1c8fe0-19ac-5087-a69e-a979eb5cbc8f,True,True
66af4ec3-aa5d-5ac1-97c2-27ef7319a318,7699774a-41b4-5c99-8e76-841c592d2fe7,bf1c8fe0-19ac-5087-a69e-a979eb5cbc8f,True,True
66af4ec3-aa5d-5ac1-97c2-27ef7319a318,dca054a8-0b02-5a98-861d-1f8a8fa81eaa,bf1c8fe0-19ac-5087-a69e-a979eb5cbc8f,True,True
66af4ec3-aa5d-5ac1-97c2-27ef7319a318,cf35a606-9a5d-5d6b-9a12-257111f89a78,bf1c8fe0-19ac-5087-a69e-a979eb5cbc8f,True,True
66af4ec3-aa5d-5ac1-97c2-27ef7319a318,58ef42cf-d847-560d-8c9d-96a8fa4eceb3,bf1c8fe0-19ac-5087-a69e-a979eb5cbc8f,True,True
66af4ec3-aa5d-5ac1-97c2-27ef7319a318,23c99dc7-03be-5fca-bb0b-b12e1e3cf7d5,bf1c8fe0-19ac-5087-a69e-a979eb5cbc8f,True,True
66af4ec3-aa5d-5ac1-97c2-27ef7319a318,81275614-858b-5a67-b92c-c5210619e271,bf1c8fe0-19ac-5087-a69e-a979eb5cbc8f,True,True
66af4ec3-aa5d-5ac1-97c2-27ef7319a318,a9215a0f-6672-5d8b-a9df-a348a0df6a31,bf1c8fe0-19ac-5087-a69e-a979eb5cbc8f,True,True
66af4ec3-aa5d-5ac1-97c2-27ef7319a318,600bb3fa-df6e-52ad-ab19-252ad3e09c0b,bf1c8fe0-19ac-5087-a69e-a979eb5cbc8f,True,True
66af4ec3-aa5d-5ac1-97c2-27ef7319a318,3dad113c-ab1f-55e9-9bcf-8837b5614150,bf1c8fe0-19ac-5087-a69e-a979eb5cbc8f,True,True
66af4ec3-aa5d-5ac1-97c2-27ef7319a318,e956b4f1-a27c-576d-8172-de6c43cd991f,bf1c8fe0-19ac-5087-a69e-a979eb5cbc8f,True,True
66af4ec3-aa5d-5ac1-97c2-27ef7319a318,bfc5ac60-efec-50c4-aeeb-f26403a7bdc8,bf1c8fe0-19ac-5087-a69e-a979eb5cbc8f,True,True
66af4ec3-aa5d-5ac1-97c2-27ef7319a318,a5673850-3370-5982-830e-816dc396e582,bf1c8fe0-19ac-5087-a69e-a979eb5cbc8f,True,True
66af4ec3-aa5d-5ac1-97c2-27ef7319a318,9c8a9363-718a-5acf-9e05-2fd6bd35fa3b,bf1c8fe0-19ac-5087-a69e-a979eb5cbc8f,True,True
66af4ec3-aa5d-5ac1-97c2-27ef7319a318,5dd58053-aa4f-5b1b-9b46-ec975aabb545,bf1c8fe0-19ac-5087-a69e-a979eb5cbc8f,True,True
66af4ec3-aa5d-5ac1-97c2-27ef7319a318,294bdb21-ab1b-5592-a8cc-6ac8bdea8a79,bf1c8fe0-19ac-5087-a69e-a979eb5cbc8f,True,True
66af4ec3-aa5d-5ac1-97c2-27ef7319a318,afe4710c-6542-55ef-9b32-e6eed0f3cff3,bf1c8fe0-19ac-5087-a69e-a979eb5cbc8f,True,True
66af4ec3-aa5d-5ac1-97c2-27ef7319a318,67c6b16e-77dd-587b-aa8a-d8cfc6469a14,bf1c8fe0-19ac-5087-a69e-a979eb5cbc8f,True,True
66af4ec3-aa5d-5ac1-97c2-27ef7319a318,e5ae42a1-d72e-592c-a6b4-afbe59b8645f,bf1c8fe0-19ac-5087-a69e-a979eb5cbc8f,True,True
66af4ec3-aa5d-5ac1-97c2-27ef7319a318,ef7fb654-34bc-5f30-a160-5087605a3b6f,bf1c8fe0-19ac-5087-a69e-a979eb5cbc8f,True,True
66af4ec3-aa5d-5ac1-97c2-27ef7319a318,57594861-d227-5a46-bc9a-5eab078bfa46,bf1c8fe0-19ac-5087-a69e-a979eb5cbc8f,True,True
66af4ec3-aa5d-5ac1-97c2-27ef7319a318,b67ea2b0-aa7c-5c34-967e-6274cf20dc89,bf1c8fe0-19ac-5087-a69e-a979eb5cbc8f,True,True
66af4ec3-aa5d-5ac1-97c2-27ef7319a318,2b79deca-66a9-54a2-8dd7-e089aced2d94,bf1c8fe0-19ac-5087-a69e-a979eb5cbc8f,True,True
66af4ec3-aa5d-5ac1-97c2-27ef7319a318,6db89805-cf28-528e-8618-41465ba6a902,bf1c8fe0-19ac-5087-a69e-a979eb5cbc8f,True,True
66af4ec3-aa5d-5ac1-97c2-27ef7319a318,32072cf5-bf1a-5539-b206-6d8894cda012,bf1c8fe0-19ac-5087-a69e-a979eb5cbc8f,True,True
66af4ec3-aa5d-5ac1-97c2-27ef7319a318,c44034c6-570e-5346-b0ba-1b1df7fdf705,bf1c8fe0-19ac-5087-a69e-a979eb5cbc8f,True,True
66af4ec3-aa5d-5ac1-97c2-27ef7319a318,0d38e4d6-c007-5f44-97c8-3341acc75afa,bf1c8fe0-19ac-5087-a69e-a979eb5cbc8f,True,True
66af4ec3-aa5d-5ac1-97c2-27ef7319a318,7e70db98-ffe7-5e15-9cf1-1852cd30ae8d,bf1c8fe0-19ac-5087-a69e-a979eb5cbc8f,True,True
66af4ec3-aa5d-5ac1-97c2-27ef7319a318,b8247ac0-5b99-5c67-9681-2fe183171d78,bf1c8fe0-19ac-5087-a69e-a979eb5cbc8f,True,True
66af4ec3-aa5d-5ac1-97c2-27ef7319a318,003c76cd-e389-50e7-854b-775dc5285b16,bf1c8fe0-19ac-5087-a69e-a979eb5cbc8f,True,True
66af4ec3-aa5d-5ac1-97c2-27ef7319a318,6c7bc476-b2d6-5a4f-9867-3d9e8870c716,bf1c8fe0-19ac-5087-a69e-a979eb5cbc8f,True,True
66af4ec3-aa5d-5ac1-97c2-27ef7319a318,7499fc90-5a31-505a-b6f2-f7acb55d9c40,bf1c8fe0-19ac-5087-a69e-a979eb5cbc8f,True,True
66af4ec3-aa5d-5ac1-97c2-27ef7319a318,de2d0399-1972-591b-92c8-2977c354ae25,bf1c8fe0-19ac-5087-a69e-a979eb5cbc8f,True,True
66af4ec3-aa5d-5ac1-97c2-27ef7319a318,c5b19754-182a-572e-ba6f-e66549583c20,bf1c8fe0-19ac-5087-a69e-a979eb5cbc8f,True,True
66af4ec3-aa5d-5ac1-97c2-27ef7319a318,90b3b5de-f9eb-5427-8f87-c32529c867a3,bf1c8fe0-19ac-5087-a69e-a979eb5cbc8f,True,True
66af4ec3-aa5d-5ac1-97c2-27ef7319a318,34f6cf3c-9491-5b9c-a68d-fe01acfb552f,bf1c8fe0-19ac-5087-a69e-a979eb5cbc8f,True,True
66af4ec3-aa5d-5ac1-97c2-27ef7319a318,ad34e883-0143-56bd-a8cc-3d6487158e75,bf1c8fe0-19ac-5087-a69e-a979eb5cbc8f,True,True
66af4ec3-aa5d-5ac1-97c2-27ef7319a318,1705e823-ba25-59a8-84e4-f97cca43bcb8,bf1c8fe0-19ac-5087-a69e-a979eb5cbc8f,True,True
66af4ec3-aa5d-5ac1-97c2-27ef7319a318,7f82018b-83d4-56bc-b28c-83f5a7a7941d,bf1c8fe0-19ac-5087-a69e-a979eb5cbc8f,True,True
66af4ec3-aa5d-5ac1-97c2-27ef7319a318,3981e900-ac78-5cb7-9268-12c5566c4217,bf1c8fe0-19ac-5087-a69e-a979eb5cbc8f,True,True
66af4ec3-aa5d-5ac1-97c2-27ef7319a318,e4dac48f-cdc3-50e1-8f4c-deb4a49f2945,bf1c8fe0-19ac-5087-a69e-a979eb5cbc8f,True,True
66af4ec3-aa5d-5ac1-97c2-27ef7319a318,1729c365-473c-53bf-81ee-63e9a65a9d05,bf1c8fe0-19ac-5087-a69e-a979eb5cbc8f,True,True
66af4ec3-aa5d-5ac1-97c2-27ef7319a318,894538ae-7f17-5727-a6cf-5331d217b611,bf1c8fe0-19ac-5087-a69e-a979eb5cbc8f,True,True
66af4ec3-aa5d-5ac1-97c2-27ef7319a318,09c69716-5e12-58d3-9a8f-ff2b0920ae3c,bf1c8fe0-19ac-5087-a69e-a979eb5cbc8f,True,True
66af4ec3-aa5d-5ac1-97c2-27ef7319a318,ea260601-2c2f-5536-944f-9fcfcd2565f6,bf1c8fe0-19ac-5087-a69e-a979eb5cbc8f,True,True
66af4ec3-aa5d-5ac1-97c2-27ef7319a318,0b8b4534-6df5-5c13-ade5-809988177bc9,bf1c8fe0-19ac-5087-a69e-a979eb5cbc8f,True,True
66af4ec3-aa5d-5ac1-97c2-27ef7319a318,b5f17640-c8ce-5706-b847-c621698dcd37,bf1c8fe0-19ac-5087-a69e-a979eb5cbc8f,True,True
66af4ec3-aa5d-5ac1-97c2-27ef7319a318,6f8484cf-18af-5bf8-ba3f-296651a08fb8,bf1c8fe0-19ac-5087-a69e-a979eb5cbc8f,True,True
66af4ec3-aa5d-5ac1-97c2-27ef7319a318,0e9d78a1-75ab-50c3-b6d3-2282d337ed8a,bf1c8fe0-19ac-5087-a69e-a979eb5cbc8f,True,True
66af4ec3-aa5d-5ac1-97c2-27ef7319a318,1618ba44-f05c-5539-858d-ed02472e87bf,bf1c8fe0-19ac-5087-a69e-a979eb5cbc8f,True,True
66af4ec3-aa5d-5ac1-97c2-27ef7319a318,b635d39b-88b4-5245-a4a7-a574dc294429,bf1c8fe0-19ac-5087-a69e-a979eb5cbc8f,True,True
66af4ec3-aa5d-5ac1-97c2-27ef7319a318,b1c2367c-758c-52cd-b650-97a1fac0ce59,bf1c8fe0-19ac-5087-a69e-a979eb5cbc8f,True,True
66af4ec3-aa5d-5ac1-97c2-27ef7319a318,30940fcf-3710-53d6-be28-ee2c7c6ad842,bf1c8fe0-19ac-5087-a69e-a979eb5cbc8f,True,True
66af4ec3-aa5d-5ac1-97c2-27ef7319a318,e5e25447-365a-5062-9f56-e1f531a7e6e7,bf1c8fe0-19ac-5087-a69e-a979eb5cbc8f,True,True
66af4ec3-aa5d-5ac1-97c2-27ef7319a318,abce6eda-bca7-5cf3-b2fc-326a7a3e9a49,bf1c8fe0-19ac-5087-a69e-a979eb5cbc8f,True,True
66af4ec3-aa5d-5ac1-97c2-27ef7319a318,64cfcc41-2e1b-5838-b9b9-f4b80d05c0ad,bf1c8fe0-19ac-5087-a69e-a979eb5cbc8f,True,True
66af4ec3-aa5d-5ac1-97c2-27ef7319a318,cd11ee82-2b91-5656-a02f-c38e660a281f,bf1c8fe0-19ac-5087-a69e-a979eb5cbc8f,True,True
66af4ec3-aa5d-5ac1-97c2-27ef7319a318,65997698-3081-50f6-b8bc-5160e0e032fd,bf1c8fe0-19ac-5087-a69e-a979eb5cbc8f,True,True
66af4ec3-aa5d-5ac1-97c2-27ef7319a318,bddf5bfe-31db-5256-a1a6-1ef13508de6c,bf1c8fe0-19ac-5087-a69e-a979eb5cbc8f,True,True
66af4ec3-aa5d-5ac1-97c2-27ef7319a318,952bb6f8-451e-56e7-805b-af68fb1ec668,bf1c8fe0-19ac-5087-a69e-a979eb5cbc8f,True,True
66af4ec3-aa5d-5ac1-97c2-27ef7319a318,72c3fb78-d8a5-5044-894c-b94775f2af04,bf1c8fe0-19ac-5087-a69e-a979eb5cbc8f,True,True
66af4ec3-aa5d-5ac1-97c2-27ef7319a318,8b4a86b4-b8ba-59b0-8af4-695fb0faa28b,bf1c8fe0-19ac-5087-a69e-a979eb5cbc8f,True,True
66af4ec3-aa5d-5ac1-97c2-27ef7319a318,82252ef0-bedf-5ca1-ad19-3b1119182ce1,bf1c8fe0-19ac-5087-a69e-a979eb5cbc8f,True,True
66af4ec3-aa5d-5ac1-97c2-27ef7319a318,1e68ae1c-6eca-5819-b970-7d50cd6d5a7d,bf1c8fe0-19ac-5087-a69e-a979eb5cbc8f,True,True
66af4ec3-aa5d-5ac1-97c2-27ef7319a318,6c5ddad6-12ab-56c3-8c8c-e1f25a593823,bf1c8fe0-19ac-5087-a69e-a979eb5cbc8f,True,True
66af4ec3-aa5d-5ac1-97c2-27ef7319a318,b6113a7b-6de3-5587-b83f-d5cf03572876,bf1c8fe0-19ac-5087-a69e-a979eb5cbc8f,True,True
66af4ec3-aa5d-5ac1-97c2-27ef7319a318,02d43212-fdc6-5735-b034-280f43188ed8,bf1c8fe0-19ac-5087-a69e-a979eb5cbc8f,True,True
66af4ec3-aa5d-5ac1-97c2-27ef7319a318,082f3e90-f369-501f-b268-2b4dc42b4af5,bf1c8fe0-19ac-5087-a69e-a979eb5cbc8f,True,True
66af4ec3-aa5d-5ac1-97c2-27ef7319a318,6ab8fc2e-9c0c-526d-9781-6ac7fa10a088,bf1c8fe0-19ac-5087-a69e-a979eb5cbc8f,True,True
66af4ec3-aa5d-5ac1-97c2-27ef7319a318,e7238dcc-8cc1-53be-a848-47404588a18c,bf1c8fe0-19ac-5087-a69e-a979eb5cbc8f,True,True
66af4ec3-aa5d-5ac1-97c2-27ef7319a318,216b0acb-2d85-5b8e-bce7-243b2787756a,bf1c8fe0-19ac-5087-a69e-a979eb5cbc8f,True,True
66af4ec3-aa5d-5ac1-97c2-27ef7319a318,d8433b1d-b0fa-5ba9-b692-d0082dbac963,bf1c8fe0-19ac-5087-a69e-a979eb5cbc8f,True,True
66af4ec3-aa5d-5ac1-97c2-27ef7319a318,94470ec8-2a8a-5399-8829-049abecd08df,bf1c8fe0-19ac-5087-a69e-a979eb5cbc8f,True,True
66af4ec3-aa5d-5ac1-97c2-27ef7319a318,c36d242c-fccf-55eb-a833-573113b43a1a,bf1c8fe0-19ac-5087-a69e-a979eb5cbc8f,True,True
66af4ec3-aa5d-5ac1-97c2-27ef7319a318,b15c64af-77f6-56a8-809d-80873d692a1b,bf1c8fe0-19ac-5087-a69e-a979eb5cbc8f,True,True
66af4ec3-aa5d-5ac1-97c2-27ef7319a318,9b8beafc-3cda-5ab6-8ce3-41b6d1f2e2a0,bf1c8fe0-19ac-5087-a69e-a979eb5cbc8f,True,True
66af4ec3-aa5d-5ac1-97c2-27ef7319a318,c3194a1c-4b83-56b0-a0e7-4e6db2769743,bf1c8fe0-19ac-5087-a69e-a979eb5cbc8f,True,True
66af4ec3-aa5d-5ac1-97c2-27ef7319a318,320eb690-7ea0-502a-8ca5-b01c161c0eae,bf1c8fe0-19ac-5087-a69e-a979eb5cbc8f,True,True
66af4ec3-aa5d-5ac1-97c2-27ef7319a318,c61be4e9-4e27-58fc-ac7e-de49347cd1ca,bf1c8fe0-19ac-5087-a69e-a979eb5cbc8f,True,True
66af4ec3-aa5d-5ac1-97c2-27ef7319a318,2e7052df-3499-5ec1-b7d7-f87dc180c24e,bf1c8fe0-19ac-5087-a69e-a979eb5cbc8f,True,True
66af4ec3-aa5d-5ac1-97c2-27ef7319a318,61774215-3449-5055-b6c3-3c4b13195d29,bf1c8fe0-19ac-5087-a69e-a979eb5cbc8f,True,True
66af4ec3-aa5d-5ac1-97c2-27ef7319a318,e84e8783-5a16-5a52-9024-3b7fed783dea,bf1c8fe0-19ac-5087-a69e-a979eb5cbc8f,True,True
66af4ec3-aa5d-5ac1-97c2-27ef7319a318,2cba488e-dfc0-5af8-864f-3f13e8b5f77d,bf1c8fe0-19ac-5087-a69e-a979eb5cbc8f,True,True
66af4ec3-aa5d-5ac1-97c2-27ef7319a318,97eeabe0-87cb-5455-8904-c296b0eff17b,bf1c8fe0-19ac-5087-a69e-a979eb5cbc8f,True,True
66af4ec3-aa5d-5ac1-97c2-27ef7319a318,14132961-2cc3-54a4-9d6c-1df9f16fce67,c76046cb-f341-5c8d-a743-30cd060557fb,True,True
66af4ec3-aa5d-5ac1-97c2-27ef7319a318,5cf1f3fa-f71e-5c7f-91c5-15f65ee22caf,c76046cb-f341-5c8d-a743-30cd060557fb,True,True
66af4ec3-aa5d-5ac1-97c2-27ef7319a318,6104f5b9-0a7c-5852-a9fd-92b21e941c19,c76046cb-f341-5c8d-a743-30cd060557fb,True,True
66af4ec3-aa5d-5ac1-97c2-27ef7319a318,944984d5-9a34-5c9e-855f-c290ea8a6002,c76046cb-f341-5c8d-a743-30cd060557fb,True,True
66af4ec3-aa5d-5ac1-97c2-27ef7319a318,b7c4195e-4b8d-5509-a618-709c63ae0bbb,c76046cb-f341-5c8d-a743-30cd060557fb,True,True
66af4ec3-aa5d-5ac1-97c2-27ef7319a318,4927ed2e-774f-5a35-89f2-19286d804120,c76046cb-f341-5c8d-a743-30cd060557fb,True,True
66af4ec3-aa5d-5ac1-97c2-27ef7319a318,02860a5d-d333-5d8e-afea-67e4049aed96,c76046cb-f341-5c8d-a743-30cd060557fb,True,True
66af4ec3-aa5d-5ac1-97c2-27ef7319a318,256ee55f-c7bf-543b-afad-1a20d9f6e815,c76046cb-f341-5c8d-a743-30cd060557fb,True,True
66af4ec3-aa5d-5ac1-97c2-27ef7319a318,d675ebef-5796-5da0-9c9c-2d61157a33ec,c76046cb-f341-5c8d-a743-30cd060557fb,True,True
66af4ec3-aa5d-5ac1-97c2-27ef7319a318,c3f5503c-7f41-57bf-8cd3-fd1cfe6876e4,c76046cb-f341-5c8d-a743-30cd060557fb,True,True
66af4ec3-aa5d-5ac1-97c2-27ef7319a318,3dc3bd7c-16bc-510c-ab2c-a6688069179f,c76046cb-f341-5c8d-a743-30cd060557fb,True,True
66af4ec3-aa5d-5ac1-97c2-27ef7319a318,e371bbbd-15a9-5fd2-874f-7ab837dc21c5,c76046cb-f341-5c8d-a743-30cd060557fb,True,True
66af4ec3-aa5d-5ac1-97c2-27ef7319a318,49955be9-60c8-5c7d-be5a-7945bfe8b98e,c76046cb-f341-5c8d-a743-30cd060557fb,True,True
66af4ec3-aa5d-5ac1-97c2-27ef7319a318,e331dca0-9cd7-55b0-8ac1-5d0832101def,c76046cb-f341-5c8d-a743-30cd060557fb,True,True
66af4ec3-aa5d-5ac1-97c2-27ef7319a318,4dbca5fb-f035-5e32-bfb4-928db444ca52,c76046cb-f341-5c8d-a743-30cd060557fb,True,True
66af4ec3-aa5d-5ac1-97c2-27ef7319a318,95ecd318-2066-5dfc-abf5-3d898eb9e821,c76046cb-f341-5c8d-a743-30cd060557fb,True,True
66af4ec3-aa5d-5ac1-97c2-27ef7319a318,24e57ce5-6403-5314-b590-25a8d43291ac,c76046cb-f341-5c8d-a743-30cd060557fb,True,True
66af4ec3-aa5d-5ac1-97c2-27ef7319a318,abd1ba7f-2da6-59f6-b6dd-1987465bd18c,c76046cb-f341-5c8d-a743-30cd060557fb,True,True
66af4ec3-aa5d-5ac1-97c2-27ef7319a318,1e44b21d-2698-591c-b567-2c02990bb416,c76046cb-f341-5c8d-a743-30cd060557fb,True,True
66af4ec3-aa5d-5ac1-97c2-27ef7319a318,883007a0-8362-572d-95e6-d9d746b69de6,c76046cb-f341-5c8d-a743-30cd060557fb,True,True
66af4ec3-aa5d-5ac1-97c2-27ef7319a318,820c1865-5141-5b82-bb9c-8c2f215909f7,c76046cb-f341-5c8d-a743-30cd060557fb,True,True
66af4ec3-aa5d-5ac1-97c2-27ef7319a318,30f83a46-38e5-5261-81ea-82b9edbce7f2,c76046cb-f341-5c8d-a743-30cd060557fb,True,True
66af4ec3-aa5d-5ac1-97c2-27ef7319a318,9dac4d67-fd82-5bb0-80a7-40fcd4a5d352,c76046cb-f341-5c8d-a743-30cd060557fb,True,True
66af4ec3-aa5d-5ac1-97c2-27ef7319a318,9630b341-e00f-5e05-8329-0d18934d4b0f,c76046cb-f341-5c8d-a743-30cd060557fb,True,True
66af4ec3-aa5d-5ac1-97c2-27ef7319a318,9fa010d3-f6e3-57b1-9ecb-9bbb7c89744b,c76046cb-f341-5c8d-a743-30cd060557fb,True,True
66af4ec3-aa5d-5ac1-97c2-27ef7319a318,6f13cb89-ddc9-5308-af5d-9f4fb3fe29c8,c76046cb-f341-5c8d-a743-30cd060557fb,True,True
66af4ec3-aa5d-5ac1-97c2-27ef7319a318,086e416a-60e2-5885-b4e2-f432c100bba2,c76046cb-f341-5c8d-a743-30cd060557fb,True,True
66af4ec3-aa5d-5ac1-97c2-27ef7319a318,1d6f6378-8390-5989-b2b0-eb2d1e14d595,c76046cb-f341-5c8d-a743-30cd060557fb,True,True
66af4ec3-aa5d-5ac1-97c2-27ef7319a318,fb9b7fd6-9144-55b6-ba10-6cd64ec2c20b,c76046cb-f341-5c8d-a743-30cd060557fb,True,True
66af4ec3-aa5d-5ac1-97c2-27ef7319a318,3cdd3e07-c9a7-5d47-a7b1-11ae70d256d8,c76046cb-f341-5c8d-a743-30cd060557fb,True,True
66af4ec3-aa5d-5ac1-97c2-27ef7319a318,5e158a3c-ef92-5868-a737-c7096fc65bad,c76046cb-f341-5c8d-a743-30cd060557fb,True,True
66af4ec3-aa5d-5ac1-97c2-27ef7319a318,0ab54cfc-b72f-583d-bcc8-0d029afb7d5f,c76046cb-f341-5c8d-a743-30cd060557fb,True,True
66af4ec3-aa5d-5ac1-97c2-27ef7319a318,f0428a3b-3644-5cfb-8fb0-4dcc5a21f0a0,c76046cb-f341-5c8d-a743-30cd060557fb,True,True
66af4ec3-aa5d-5ac1-97c2-27ef7319a318,51d2591e-ebe9-50db-9828-f2cf8e29e972,c76046cb-f341-5c8d-a743-30cd060557fb,True,True
66af4ec3-aa5d-5ac1-97c2-27ef7319a318,2bd13b3a-31c9-57e6-9e04-312ca9167623,c76046cb-f341-5c8d-a743-30cd060557fb,True,True
66af4ec3-aa5d-5ac1-97c2-27ef7319a318,fb1a2dd9-67b2-5c7c-8904-76fde14f66fe,c76046cb-f341-5c8d-a743-30cd060557fb,True,True
66af4ec3-aa5d-5ac1-97c2-27ef7319a318,64ec5e87-2966-5bd4-9867-f3387bc246e7,c76046cb-f341-5c8d-a743-30cd060557fb,True,True
66af4ec3-aa5d-5ac1-97c2-27ef7319a318,e2491ccb-ea5f-5380-ad03-44f0d9e20d4c,c76046cb-f341-5c8d-a743-30cd060557fb,True,True
66af4ec3-aa5d-5ac1-97c2-27ef7319a318,1fa1e700-105b-5279-953f-e831c8454638,c76046cb-f341-5c8d-a743-30cd060557fb,True,True
66af4ec3-aa5d-5ac1-97c2-27ef7319a318,61b4e8d1-f072-579b-948d-29709a95cdd9,c76046cb-f341-5c8d-a743-30cd060557fb,True,True
66af4ec3-aa5d-5ac1-97c2-27ef7319a318,bbc3f586-6fed-5302-af06-6a4fcc5ec05d,c76046cb-f341-5c8d-a743-30cd060557fb,True,True
66af4ec3-aa5d-5ac1-97c2-27ef7319a318,ce1d4d8e-944b-5fcc-acea-7cbece2c6ac6,c76046cb-f341-5c8d-a743-30cd060557fb,True,True
66af4ec3-aa5d-5ac1-97c2-27ef7319a318,d3c55b05-aee0-5bea-ba7b-725ad350ecc8,c76046cb-f341-5c8d-a743-30cd060557fb,True,True
66af4ec3-aa5d-5ac1-97c2-27ef7319a318,8526a23e-6ebf-5a83-82cf-d519f782a234,c76046cb-f341-5c8d-a743-30cd060557fb,True,True
66af4ec3-aa5d-5ac1-97c2-27ef7319a318,ac3c0e38-f149-5293-8ac1-dc400fc3dec7,c76046cb-f341-5c8d-a743-30cd060557fb,True,True
66af4ec3-aa5d-5ac1-97c2-27ef7319a318,db0c8662-f952-5734-b11d-0e00a5c3da6d,c76046cb-f341-5c8d-a743-30cd060557fb,True,True
66af4ec3-aa5d-5ac1-97c2-27ef7319a318,9b18bdf9-29e3-55cb-a187-5f32b8c82148,c76046cb-f341-5c8d-a743-30cd060557fb,True,True
66af4ec3-aa5d-5ac1-97c2-27ef7319a318,81c8d97d-9b56-55d9-884a-abdd0907db4f,c76046cb-f341-5c8d-a743-30cd060557fb,True,True
66af4ec3-aa5d-5ac1-97c2-27ef7319a318,43dc8afc-c950-5595-8833-831911bd0917,c76046cb-f341-5c8d-a743-30cd060557fb,True,True
66af4ec3-aa5d-5ac1-97c2-27ef7319a318,dc57ceef-db01-59a9-8e44-f299298c933d,c76046cb-f341-5c8d-a743-30cd060557fb,True,True
66af4ec3-aa5d-5ac1-97c2-27ef7319a318,4c56a87c-c1d9-5589-b5b1-906a6c90385a,c76046cb-f341-5c8d-a743-30cd060557fb,True,True
66af4ec3-aa5d-5ac1-97c2-27ef7319a318,9f6b1505-0083-51ff-ada1-01bf641e366e,c76046cb-f341-5c8d-a743-30cd060557fb,True,True
66af4ec3-aa5d-5ac1-97c2-27ef7319a318,16a29b82-48bb-54ee-b438-d6afddd143a5,c76046cb-f341-5c8d-a743-30cd060557fb,True,True
66af4ec3-aa5d-5ac1-97c2-27ef7319a318,b3414ded-1dc1-5833-92e1-bf0343968b44,c76046cb-f341-5c8d-a743-30cd060557fb,True,True
66af4ec3-aa5d-5ac1-97c2-27ef7319a318,afecf862-fe11-55d5-8e7e-1e9a7f0b66d0,c76046cb-f341-5c8d-a743-30cd060557fb,True,True
66af4ec3-aa5d-5ac1-97c2-27ef7319a318,4a4b60dc-d793-5e7c-b9d3-1079dca7eaf8,c76046cb-f341-5c8d-a743-30cd060557fb,True,True
66af4ec3-aa5d-5ac1-97c2-27ef7319a318,0eadfd37-c360-506d-b137-3bd524654608,c76046cb-f341-5c8d-a743-30cd060557fb,True,True
66af4ec3-aa5d-5ac1-97c2-27ef7319a318,24c7fb49-f3dd-5510-b453-002e64a8fcf7,c76046cb-f341-5c8d-a743-30cd060557fb,True,True
66af4ec3-aa5d-5ac1-97c2-27ef7319a318,d84b2f97-906e-51de-b93c-5b9c1ca829a0,c76046cb-f341-5c8d-a743-30cd060557fb,True,True
66af4ec3-aa5d-5ac1-97c2-27ef7319a318,6ed06583-99b2-5df9-9699-98356030ba10,c76046cb-f341-5c8d-a743-30cd060557fb,True,True
66af4ec3-aa5d-5ac1-97c2-27ef7319a318,75d2f95d-4e14-53d7-a908-072c3eec44af,c76046cb-f341-5c8d-a743-30cd060557fb,True,True
66af4ec3-aa5d-5ac1-97c2-27ef7319a318,bc055d36-0ed5-51e6-8c02-ae76867fb6ce,c76046cb-f341-5c8d-a743-30cd060557fb,True,True
66af4ec3-aa5d-5ac1-97c2-27ef7319a318,eac52801-199d-5026-854f-3710d04afb29,c76046cb-f341-5c8d-a743-30cd060557fb,True,True
66af4ec3-aa5d-5ac1-97c2-27ef7319a318,03db8fbb-51a8-5569-a43a-5df216ab403f,c76046cb-f341-5c8d-a743-30cd060557fb,True,True
66af4ec3-aa5d-5ac1-97c2-27ef7319a318,2cdcb651-5aaf-54c8-93c8-82e7921261ff,c76046cb-f341-5c8d-a743-30cd060557fb,True,True
66af4ec3-aa5d-5ac1-97c2-27ef7319a318,09f1301c-7c69-59a1-abba-72d85ec83b58,c76046cb-f341-5c8d-a743-30cd060557fb,True,True
66af4ec3-aa5d-5ac1-97c2-27ef7319a318,68b28209-57ea-552a-988d-ffb8126e034c,c76046cb-f341-5c8d-a743-30cd060557fb,True,True
66af4ec3-aa5d-5ac1-97c2-27ef7319a318,6c61a4f1-3099-54f6-ac42-a1454f7cd63c,c76046cb-f341-5c8d-a743-30cd060557fb,True,True
66af4ec3-aa5d-5ac1-97c2-27ef7319a318,d55b8df6-4bd2-52d7-98fa-73e278e1d51a,c76046cb-f341-5c8d-a743-30cd060557fb,True,True
66af4ec3-aa5d-5ac1-97c2-27ef7319a318,a4a63abd-8f08-5574-a15e-26360976b95b,c76046cb-f341-5c8d-a743-30cd060557fb,True,True
66af4ec3-aa5d-5ac1-97c2-27ef7319a318,d84a2aca-fbe0-55d6-a267-816f906a8238,c76046cb-f341-5c8d-a743-30cd060557fb,True,True
66af4ec3-aa5d-5ac1-97c2-27ef7319a318,459d9025-9dea-5e8d-a9ec-def3ae7a40da,c76046cb-f341-5c8d-a743-30cd060557fb,True,True
66af4ec3-aa5d-5ac1-97c2-27ef7319a318,1f548bbe-0e83-558c-a8af-4660c32a2029,c76046cb-f341-5c8d-a743-30cd060557fb,True,True
66af4ec3-aa5d-5ac1-97c2-27ef7319a318,df185b0c-fbae-57f5-95b4-b2542dcfd225,c76046cb-f341-5c8d-a743-30cd060557fb,True,True
66af4ec3-aa5d-5ac1-97c2-27ef7319a318,1988b634-8f06-5772-a281-3e20319ab88d,c76046cb-f341-5c8d-a743-30cd060557fb,True,True
66af4ec3-aa5d-5ac1-97c2-27ef7319a318,034b1d68-527f-5e1e-8cb7-7b23da56dcbb,c76046cb-f341-5c8d-a743-30cd060557fb,True,True
66af4ec3-aa5d-5ac1-97c2-27ef7319a318,2e0624a9-a16d-547d-b83f-52b43cabee99,c76046cb-f341-5c8d-a743-30cd060557fb,True,True
66af4ec3-aa5d-5ac1-97c2-27ef7319a318,e9294d41-acaa-50f8-96da-da113e525854,c76046cb-f341-5c8d-a743-30cd060557fb,True,True
66af4ec3-aa5d-5ac1-97c2-27ef7319a318,3b419ee2-a32a-506b-ae5d-1393a1753a22,c76046cb-f341-5c8d-a743-30cd060557fb,True,True
66af4ec3-aa5d-5ac1-97c2-27ef7319a318,84d63d1a-a8b0-58f1-a3f2-ae28d9b1b545,c76046cb-f341-5c8d-a743-30cd060557fb,True,True
66af4ec3-aa5d-5ac1-97c2-27ef7319a318,906739ae-5f6e-540a-afd9-c3506ef9f376,c76046cb-f341-5c8d-a743-30cd060557fb,True,True
66af4ec3-aa5d-5ac1-97c2-27ef7319a318,980a608a-9a72-5ad2-8d00-48a233d38476,c76046cb-f341-5c8d-a743-30cd060557fb,True,True
66af4ec3-aa5d-5ac1-97c2-27ef7319a318,b83ba44d-7b12-53c1-a58b-2596e60692ae,c76046cb-f341-5c8d-a743-30cd060557fb,True,True
66af4ec3-aa5d-5ac1-97c2-27ef7319a318,660ab1c2-9cd6-53a6-b1a0-1d3b7ec43a1f,c76046cb-f341-5c8d-a743-30cd060557fb,True,True
66af4ec3-aa5d-5ac1-97c2-27ef7319a318,2994153a-52dd-5632-8de9-bccc1e703edc,c76046cb-f341-5c8d-a743-30cd060557fb,True,True
66af4ec3-aa5d-5ac1-97c2-27ef7319a318,38fbc0ee-552c-50c5-bb8e-ebcff7842f8e,c76046cb-f341-5c8d-a743-30cd060557fb,True,True
66af4ec3-aa5d-5ac1-97c2-27ef7319a318,4129b0f8-7a75-5320-b7a2-47020f1cf74d,c76046cb-f341-5c8d-a743-30cd060557fb,True,True
66af4ec3-aa5d-5ac1-97c2-27ef7319a318,6a72d6dc-2281-591f-93cd-e9a4fa795aea,c76046cb-f341-5c8d-a743-30cd060557fb,True,True
66af4ec3-aa5d-5ac1-97c2-27ef7319a318,a6cf33a9-e413-5f60-b514-7d870b415b70,c76046cb-f341-5c8d-a743-30cd060557fb,True,True
66af4ec3-aa5d-5ac1-97c2-27ef7319a318,59e79fa7-0196-5e64-acdb-1d6bb375dac8,c76046cb-f341-5c8d-a743-30cd060557fb,True,True
66af4ec3-aa5d-5ac1-97c2-27ef7319a318,3ca17129-c672-5035-9e6a-773f09c499aa,c76046cb-f341-5c8d-a743-30cd060557fb,True,True
66af4ec3-aa5d-5ac1-97c2-27ef7319a318,69c020a6-fdb7-55e4-8cc4-2951ccce9d16,c76046cb-f341-5c8d-a743-30cd060557fb,True,True
66af4ec3-aa5d-5ac1-97c2-27ef7319a318,60478570-b568-52a9-9355-464f0c2444c5,c76046cb-f341-5c8d-a743-30cd060557fb,True,True
66af4ec3-aa5d-5ac1-97c2-27ef7319a318,7eed5d5a-84ac-587c-a685-006005af6fcb,c76046cb-f341-5c8d-a743-30cd060557fb,True,True
66af4ec3-aa5d-5ac1-97c2-27ef7319a318,15270884-421f-5e6f-aeea-0ad05920de45,c76046cb-f341-5c8d-a743-30cd060557fb,True,True
66af4ec3-aa5d-5ac1-97c2-27ef7319a318,76402e31-b382-53f6-b62e-26988155abc9,c76046cb-f341-5c8d-a743-30cd060557fb,True,True
66af4ec3-aa5d-5ac1-97c2-27ef7319a318,dfad9022-d072-5018-8f64-def50fa526e6,c76046cb-f341-5c8d-a743-30cd060557fb,True,True
66af4ec3-aa5d-5ac1-97c2-27ef7319a318,ef5048ac-0a37-5d34-a3ea-29353b99a8cf,c76046cb-f341-5c8d-a743-30cd060557fb,True,True
66af4ec3-aa5d-5ac1-97c2-27ef7319a318,1b77d6e7-6552-5e65-90d6-27ee77c2ee2c,c76046cb-f341-5c8d-a743-30cd060557fb,True,True
66af4ec3-aa5d-5ac1-97c2-27ef7319a318,c6c2d8b8-d94e-5053-9b2e-b1c82b9c87ed,c76046cb-f341-5c8d-a743-30cd060557fb,True,True
66af4ec3-aa5d-5ac1-97c2-27ef7319a318,136997d5-6b28-5db2-ab52-66fb860afa56,c76046cb-f341-5c8d-a743-30cd060557fb,True,True
66af4ec3-aa5d-5ac1-97c2-27ef7319a318,3a8048d0-976a-5aa7-ae56-67aee9bd99b2,c76046cb-f341-5c8d-a743-30cd060557fb,True,True
66af4ec3-aa5d-5ac1-97c2-27ef7319a318,a91fda3c-5c70-5114-9e48-4e06d99947bf,c76046cb-f341-5c8d-a743-30cd060557fb,True,True
66af4ec3-aa5d-5ac1-97c2-27ef7319a318,f74d853d-a491-5176-96f4-3b7fa18cdf02,c76046cb-f341-5c8d-a743-30cd060557fb,True,True
66af4ec3-aa5d-5ac1-97c2-27ef7319a318,8f8848e8-7e24-5029-9ec3-ed26938b99a4,c76046cb-f341-5c8d-a743-30cd060557fb,True,True
66af4ec3-aa5d-5ac1-97c2-27ef7319a318,f3494235-45bf-5951-8350-ab1a0ce8285e,c76046cb-f341-5c8d-a743-30cd060557fb,True,True
66af4ec3-aa5d-5ac1-97c2-27ef7319a318,46dca28f-3033-5b07-8a5e-1eca7f4e2513,c76046cb-f341-5c8d-a743-30cd060557fb,True,True
66af4ec3-aa5d-5ac1-97c2-27ef7319a318,556dd33d-35b3-5e94-b44e-5a1dc0ee1a9e,c76046cb-f341-5c8d-a743-30cd060557fb,True,True
66af4ec3-aa5d-5ac1-97c2-27ef7319a318,84bd14eb-aa44-52ca-a81c-4dd169d3dce1,c76046cb-f341-5c8d-a743-30cd060557fb,True,True
66af4ec3-aa5d-5ac1-97c2-27ef7319a318,534c731f-6952-5632-b367-3e7ed0f128d7,c76046cb-f341-5c8d-a743-30cd060557fb,True,True
66af4ec3-aa5d-5ac1-97c2-27ef7319a318,aad6c1b5-9c59-5d0e-9114-4dd835366163,c76046cb-f341-5c8d-a743-30cd060557fb,True,True
66af4ec3-aa5d-5ac1-97c2-27ef7319a318,4182beff-976c-5f2c-88ff-3abaf3ae9273,c76046cb-f341-5c8d-a743-30cd060557fb,True,True
66af4ec3-aa5d-5ac1-97c2-27ef7319a318,d59f03d5-6cc5-56c5-a02f-c785e954bd1e,c76046cb-f341-5c8d-a743-30cd060557fb,True,True
66af4ec3-aa5d-5ac1-97c2-27ef7319a318,04d8810b-52ff-516d-a050-8c9ffe7326ed,c76046cb-f341-5c8d-a743-30cd060557fb,True,True
66af4ec3-aa5d-5ac1-97c2-27ef7319a318,a7b426f3-5a9d-51f4-abc4-6b293981f732,c76046cb-f341-5c8d-a743-30cd060557fb,True,True
66af4ec3-aa5d-5ac1-97c2-27ef7319a318,a0943388-0087-51be-9c68-cff2cc8958c1,c76046cb-f341-5c8d-a743-30cd060557fb,True,True
66af4ec3-aa5d-5ac1-97c2-27ef7319a318,d364fe39-a72e-5007-b5cf-2f58e173855b,c76046cb-f341-5c8d-a743-30cd060557fb,True,True
66af4ec3-aa5d-5ac1-97c2-27ef7319a318,da4d66b4-e5b9-526d-b5c1-fe118c31c529,c76046cb-f341-5c8d-a743-30cd060557fb,True,True
66af4ec3-aa5d-5ac1-97c2-27ef7319a318,673a1b0e-a569-558b-895c-fdb378cf9fca,c76046cb-f341-5c8d-a743-30cd060557fb,True,True
66af4ec3-aa5d-5ac1-97c2-27ef7319a318,7328cc64-5da9-5429-8afc-38f23e78f300,c76046cb-f341-5c8d-a743-30cd060557fb,True,True
66af4ec3-aa5d-5ac1-97c2-27ef7319a318,a5f4e9fc-d308-51a2-901d-9091b1db71a7,cb2d5883-6974-576d-979d-d111ed4ff9ea,True,True
66af4ec3-aa5d-5ac1-97c2-27ef7319a318,73eb2eaa-439c-557f-8acc-7e43af4e7ba6,cb2d5883-6974-576d-979d-d111ed4ff9ea,True,True
66af4ec3-aa5d-5ac1-97c2-27ef7319a318,075eac52-2ce3-51b7-856b-d25454d11345,cb2d5883-6974-576d-979d-d111ed4ff9ea,True,True
66af4ec3-aa5d-5ac1-97c2-27ef7319a318,0089a03c-49c4-57ac-b346-9276463d3adb,cb2d5883-6974-576d-979d-d111ed4ff9ea,True,True
66af4ec3-aa5d-5ac1-97c2-27ef7319a318,b285ed03-9af1-5239-9cc4-245324c7831e,cb2d5883-6974-576d-979d-d111ed4ff9ea,True,True
66af4ec3-aa5d-5ac1-97c2-27ef7319a318,5f9a27e7-9756-50dc-b86b-3396585f836f,cb2d5883-6974-576d-979d-d111ed4ff9ea,True,True
66af4ec3-aa5d-5ac1-97c2-27ef7319a318,88478eb1-de5b-555d-9a0b-3f55bfba0230,cb2d5883-6974-576d-979d-d111ed4ff9ea,True,True
66af4ec3-aa5d-5ac1-97c2-27ef7319a318,6fd753c8-3143-5fe7-a710-e1a468b53888,cb2d5883-6974-576d-979d-d111ed4ff9ea,True,True
66af4ec3-aa5d-5ac1-97c2-27ef7319a318,9013fb1f-9560-5764-840d-bcd0e2c7a33d,cb2d5883-6974-576d-979d-d111ed4ff9ea,True,True
66af4ec3-aa5d-5ac1-97c2-27ef7319a318,91398c42-8cae-5406-b22d-57fae1301ca0,cb2d5883-6974-576d-979d-d111ed4ff9ea,True,True
66af4ec3-aa5d-5ac1-97c2-27ef7319a318,44615a4b-6435-5303-a9c0-4346c0e6338e,cb2d5883-6974-576d-979d-d111ed4ff9ea,True,True
66af4ec3-aa5d-5ac1-97c2-27ef7319a318,5e95a0d4-13f0-518b-b537-a53ea1c7b67f,cb2d5883-6974-576d-979d-d111ed4ff9ea,True,True
66af4ec3-aa5d-5ac1-97c2-27ef7319a318,87881bb5-4132-5537-b2b5-ded9373ac51a,cb2d5883-6974-576d-979d-d111ed4ff9ea,True,True
66af4ec3-aa5d-5ac1-97c2-27ef7319a318,811b5ce8-bf91-5436-9685-5eef432f8a0e,cb2d5883-6974-576d-979d-d111ed4ff9ea,True,True
66af4ec3-aa5d-5ac1-97c2-27ef7319a318,f01b3a0f-8bdc-55e5-b727-665809de37f3,cb2d5883-6974-576d-979d-d111ed4ff9ea,True,True
66af4ec3-aa5d-5ac1-97c2-27ef7319a318,352d1b7c-6b59-53d0-905c-6419bc2f3cf2,cb2d5883-6974-576d-979d-d111ed4ff9ea,True,True
66af4ec3-aa5d-5ac1-97c2-27ef7319a318,9c39330f-6f0e-551d-90b8-0847fdcb436c,cb2d5883-6974-576d-979d-d111ed4ff9ea,True,True
66af4ec3-aa5d-5ac1-97c2-27ef7319a318,964cb8b7-9b88-579f-b8ed-cf955979b77a,cb2d5883-6974-576d-979d-d111ed4ff9ea,True,True
66af4ec3-aa5d-5ac1-97c2-27ef7319a318,f4b0eb4c-eb1b-5a4b-ab6f-fbdfe642adc9,cb2d5883-6974-576d-979d-d111ed4ff9ea,True,True
66af4ec3-aa5d-5ac1-97c2-27ef7319a318,6244d79c-1bf6-5eb6-883f-401c91be4d9e,cb2d5883-6974-576d-979d-d111ed4ff9ea,True,True
66af4ec3-aa5d-5ac1-97c2-27ef7319a318,d961cd4f-e01f-5f3e-af08-0d7199ab5b42,cb2d5883-6974-576d-979d-d111ed4ff9ea,True,True
66af4ec3-aa5d-5ac1-97c2-27ef7319a318,21009da3-cd63-5753-9459-dc4f839028d8,cb2d5883-6974-576d-979d-d111ed4ff9ea,True,True
66af4ec3-aa5d-5ac1-97c2-27ef7319a318,b79a941e-869a-5bf3-8d50-49ba890202e3,cb2d5883-6974-576d-979d-d111ed4ff9ea,True,True
66af4ec3-aa5d-5ac1-97c2-27ef7319a318,b4fc858f-116c-5e80-8656-59a8910b9124,cb2d5883-6974-576d-979d-d111ed4ff9ea,True,True
66af4ec3-aa5d-5ac1-97c2-27ef7319a318,2a49a4e9-3716-5cb3-bd25-5b27d37b5fa2,cb2d5883-6974-576d-979d-d111ed4ff9ea,True,True
66af4ec3-aa5d-5ac1-97c2-27ef7319a318,4907bd55-aff9-53c2-a1db-ad9576c73055,cb2d5883-6974-576d-979d-d111ed4ff9ea,True,True
66af4ec3-aa5d-5ac1-97c2-27ef7319a318,187d3820-d5e0-54c4-ae74-db3ec24beedc,cb2d5883-6974-576d-979d-d111ed4ff9ea,True,True
66af4ec3-aa5d-5ac1-97c2-27ef7319a318,4f919373-d49c-5379-893f-6e002be83719,cb2d5883-6974-576d-979d-d111ed4ff9ea,True,True
66af4ec3-aa5d-5ac1-97c2-27ef7319a318,24b09398-9f8f-50d6-8388-1241c8a43e06,cb2d5883-6974-576d-979d-d111ed4ff9ea,True,True
66af4ec3-aa5d-5ac1-97c2-27ef7319a318,11746db6-2970-5acd-a3f6-00155bced565,cb2d5883-6974-576d-979d-d111ed4ff9ea,True,True
66af4ec3-aa5d-5ac1-97c2-27ef7319a318,73482f65-7624-5d20-ae4f-512ed48ef2de,cb2d5883-6974-576d-979d-d111ed4ff9ea,True,True
66af4ec3-aa5d-5ac1-97c2-27ef7319a318,98e9b560-c76c-5939-a8d5-04c06a97f85b,cb2d5883-6974-576d-979d-d111ed4ff9ea,True,True
66af4ec3-aa5d-5ac1-97c2-27ef7319a318,0d984735-0edf-5a60-b473-a7afd1fe5e4f,cb2d5883-6974-576d-979d-d111ed4ff9ea,True,True
66af4ec3-aa5d-5ac1-97c2-27ef7319a318,7b246b30-9841-5d49-a2e1-69b913be6e24,cb2d5883-6974-576d-979d-d111ed4ff9ea,True,True
66af4ec3-aa5d-5ac1-97c2-27ef7319a318,2ac5754d-98fd-5e80-bc2f-e865dcb1b410,cb2d5883-6974-576d-979d-d111ed4ff9ea,True,True
66af4ec3-aa5d-5ac1-97c2-27ef7319a318,09816b13-e1e9-5473-871a-58c2fc20c58d,cb2d5883-6974-576d-979d-d111ed4ff9ea,True,True
66af4ec3-aa5d-5ac1-97c2-27ef7319a318,b449bfc5-941b-580e-8dbc-6b74c65c6cc1,cb2d5883-6974-576d-979d-d111ed4ff9ea,True,True
66af4ec3-aa5d-5ac1-97c2-27ef7319a318,d7ed7f0f-8ee2-5c30-ac96-877626a9cbd6,cb2d5883-6974-576d-979d-d111ed4ff9ea,True,True
66af4ec3-aa5d-5ac1-97c2-27ef7319a318,395b4d91-d354-5038-a59b-36dbe1266217,cb2d5883-6974-576d-979d-d111ed4ff9ea,True,True
66af4ec3-aa5d-5ac1-97c2-27ef7319a318,7676c56f-8df8-56ce-a68d-d7c90ed31e59,cb2d5883-6974-576d-979d-d111ed4ff9ea,True,True
66af4ec3-aa5d-5ac1-97c2-27ef7319a318,b51d6ae9-7acc-52c7-aed8-8d2387972ebf,cb2d5883-6974-576d-979d-d111ed4ff9ea,True,True
66af4ec3-aa5d-5ac1-97c2-27ef7319a318,650bb1a5-9429-501d-8d81-7bd30105c0ee,cb2d5883-6974-576d-979d-d111ed4ff9ea,True,True
66af4ec3-aa5d-5ac1-97c2-27ef7319a318,8df10d72-157e-5d20-ba75-0c891b73728d,cb2d5883-6974-576d-979d-d111ed4ff9ea,True,True
66af4ec3-aa5d-5ac1-97c2-27ef7319a318,2033b1f6-f834-5be4-96a4-96d8d96171a2,cb2d5883-6974-576d-979d-d111ed4ff9ea,True,True
66af4ec3-aa5d-5ac1-97c2-27ef7319a318,3c824a35-56b8-5325-8721-e55ba8306c65,cb2d5883-6974-576d-979d-d111ed4ff9ea,True,True
66af4ec3-aa5d-5ac1-97c2-27ef7319a318,719a3e81-df56-54aa-8edc-1b29b4f3faca,cb2d5883-6974-576d-979d-d111ed4ff9ea,True,True
66af4ec3-aa5d-5ac1-97c2-27ef7319a318,fb1e7d82-e472-5d1f-92d7-49577d7fc74c,cb2d5883-6974-576d-979d-d111ed4ff9ea,True,True
66af4ec3-aa5d-5ac1-97c2-27ef7319a318,0b6af9ed-a458-5c34-ae20-a123dde7bf42,cb2d5883-6974-576d-979d-d111ed4ff9ea,True,True
66af4ec3-aa5d-5ac1-97c2-27ef7319a318,4cd19773-2193-5046-8d65-9520a8cd1157,cb2d5883-6974-576d-979d-d111ed4ff9ea,True,True
66af4ec3-aa5d-5ac1-97c2-27ef7319a318,6f931aed-4c1e-54a8-bd0a-e874c132cefa,cb2d5883-6974-576d-979d-d111ed4ff9ea,True,True
66af4ec3-aa5d-5ac1-97c2-27ef7319a318,1317a4fc-44f2-5332-b7f6-eb35577805ad,cb2d5883-6974-576d-979d-d111ed4ff9ea,True,True
66af4ec3-aa5d-5ac1-97c2-27ef7319a318,2f7e58f6-17ab-5ac1-848e-1dc310da44f8,cb2d5883-6974-576d-979d-d111ed4ff9ea,True,True
66af4ec3-aa5d-5ac1-97c2-27ef7319a318,2aefc090-7f90-5ce4-8e27-9f7bf5c8ca31,cb2d5883-6974-576d-979d-d111ed4ff9ea,True,True
66af4ec3-aa5d-5ac1-97c2-27ef7319a318,12c4812d-5f9c-51d9-a5da-303c877708b3,cb2d5883-6974-576d-979d-d111ed4ff9ea,True,True
66af4ec3-aa5d-5ac1-97c2-27ef7319a318,0cb0e016-29d3-578d-a7fb-e361952715a4,cb2d5883-6974-576d-979d-d111ed4ff9ea,True,True
66af4ec3-aa5d-5ac1-97c2-27ef7319a318,118bd8ce-ef95-5f40-869e-51cc222f5bbe,cb2d5883-6974-576d-979d-d111ed4ff9ea,True,True
66af4ec3-aa5d-5ac1-97c2-27ef7319a318,5302ad11-3c5f-552d-bf54-5fd5f84b4d7a,cb2d5883-6974-576d-979d-d111ed4ff9ea,True,True
66af4ec3-aa5d-5ac1-97c2-27ef7319a318,a6f6eff6-ab6d-57bd-8213-4f63a6fe1f23,cb2d5883-6974-576d-979d-d111ed4ff9ea,True,True
66af4ec3-aa5d-5ac1-97c2-27ef7319a318,58adf61e-cd32-5558-9e84-71dc75581275,cb2d5883-6974-576d-979d-d111ed4ff9ea,True,True
66af4ec3-aa5d-5ac1-97c2-27ef7319a318,58a279fd-216a-5341-8374-fa3e77ced478,cb2d5883-6974-576d-979d-d111ed4ff9ea,True,True
66af4ec3-aa5d-5ac1-97c2-27ef7319a318,91cb37fe-ae32-52e4-9d0e-a92d2769e076,cb2d5883-6974-576d-979d-d111ed4ff9ea,True,True
66af4ec3-aa5d-5ac1-97c2-27ef7319a318,74355e56-1652-5916-adbb-4046a4bb92d6,cb2d5883-6974-576d-979d-d111ed4ff9ea,True,True
66af4ec3-aa5d-5ac1-97c2-27ef7319a318,c3856b22-1356-5e80-9445-2e48bfeb767d,cb2d5883-6974-576d-979d-d111ed4ff9ea,True,True
66af4ec3-aa5d-5ac1-97c2-27ef7319a318,1b174d8c-78af-5ba2-963a-1a07586b528d,cb2d5883-6974-576d-979d-d111ed4ff9ea,True,True
66af4ec3-aa5d-5ac1-97c2-27ef7319a318,cdff6539-7326-55c8-8e64-7e68909b8f6f,cb2d5883-6974-576d-979d-d111ed4ff9ea,True,True
66af4ec3-aa5d-5ac1-97c2-27ef7319a318,6084de75-5afd-561a-82f4-a5db7ad0b8ee,cb2d5883-6974-576d-979d-d111ed4ff9ea,True,True
66af4ec3-aa5d-5ac1-97c2-27ef7319a318,88f15f1a-6a41-5742-8404-e27c4d62da7d,cb2d5883-6974-576d-979d-d111ed4ff9ea,True,True
66af4ec3-aa5d-5ac1-97c2-27ef7319a318,75fca4bc-9c85-5f0d-9aa6-c994ab240db6,cb2d5883-6974-576d-979d-d111ed4ff9ea,True,True
66af4ec3-aa5d-5ac1-97c2-27ef7319a318,591c318b-6266-538e-8048-be6b8bb98905,cb2d5883-6974-576d-979d-d111ed4ff9ea,True,True
66af4ec3-aa5d-5ac1-97c2-27ef7319a318,98b44a28-85f8-5efd-8918-f71a424c5616,cb2d5883-6974-576d-979d-d111ed4ff9ea,True,True
66af4ec3-aa5d-5ac1-97c2-27ef7319a318,ce0a910b-4322-53fd-9b06-c35f42569ab3,cb2d5883-6974-576d-979d-d111ed4ff9ea,True,True
66af4ec3-aa5d-5ac1-97c2-27ef7319a318,abb75d6a-c6cd-5390-b82f-c37f3fee77a1,cb2d5883-6974-576d-979d-d111ed4ff9ea,True,True
66af4ec3-aa5d-5ac1-97c2-27ef7319a318,4c49f5a1-760f-50ed-bc92-ba72059dc991,cb2d5883-6974-576d-979d-d111ed4ff9ea,True,True
66af4ec3-aa5d-5ac1-97c2-27ef7319a318,cf48b1b2-f3f1-5402-996a-1eba9c6b81f7,cb2d5883-6974-576d-979d-d111ed4ff9ea,True,True
66af4ec3-aa5d-5ac1-97c2-27ef7319a318,bb61012d-a83b-50c6-b0ff-dce1f1185acf,cb2d5883-6974-576d-979d-d111ed4ff9ea,True,True
66af4ec3-aa5d-5ac1-97c2-27ef7319a318,d08143c3-82b7-5830-9bc5-2c83377dc7a2,cb2d5883-6974-576d-979d-d111ed4ff9ea,True,True
66af4ec3-aa5d-5ac1-97c2-27ef7319a318,b7b4946a-59d7-556a-bc5c-0b409a642b57,cb2d5883-6974-576d-979d-d111ed4ff9ea,True,True
66af4ec3-aa5d-5ac1-97c2-27ef7319a318,9b3926f6-f657-5b3d-990b-6f86e646c55d,cb2d5883-6974-576d-979d-d111ed4ff9ea,True,True
66af4ec3-aa5d-5ac1-97c2-27ef7319a318,b5370891-c698-589c-b983-6a1d5a8aaed2,cb2d5883-6974-576d-979d-d111ed4ff9ea,True,True
66af4ec3-aa5d-5ac1-97c2-27ef7319a318,e6bf78d3-21bb-5030-a798-3513481a9fe8,cb2d5883-6974-576d-979d-d111ed4ff9ea,True,True
66af4ec3-aa5d-5ac1-97c2-27ef7319a318,9ec18308-de6f-5018-910e-302631b890ce,cb2d5883-6974-576d-979d-d111ed4ff9ea,True,True
66af4ec3-aa5d-5ac1-97c2-27ef7319a318,15cfd87f-fe74-5565-8889-25d7b83711f6,cb2d5883-6974-576d-979d-d111ed4ff9ea,True,True
66af4ec3-aa5d-5ac1-97c2-27ef7319a318,520a1316-d239-567b-b9d1-a5713eb3d9e5,cb2d5883-6974-576d-979d-d111ed4ff9ea,True,True
66af4ec3-aa5d-5ac1-97c2-27ef7319a318,8f241adf-3b23-5cc3-af3a-6d827704619f,cb2d5883-6974-576d-979d-d111ed4ff9ea,True,True
66af4ec3-aa5d-5ac1-97c2-27ef7319a318,694497f5-b9b8-5c76-a30e-758b3fbf0ea7,cb2d5883-6974-576d-979d-d111ed4ff9ea,True,True
66af4ec3-aa5d-5ac1-97c2-27ef7319a318,a70ee152-0854-5c16-905d-1cc1bf8ba599,cb2d5883-6974-576d-979d-d111ed4ff9ea,True,True
66af4ec3-aa5d-5ac1-97c2-27ef7319a318,b075b736-6f8c-57e8-b340-abf70b009699,cb2d5883-6974-576d-979d-d111ed4ff9ea,True,True
66af4ec3-aa5d-5ac1-97c2-27ef7319a318,12fa5121-95e2-5890-9188-08e06c4a2991,cb2d5883-6974-576d-979d-d111ed4ff9ea,True,True
66af4ec3-aa5d-5ac1-97c2-27ef7319a318,d63afd49-0b86-5ff2-a97f-9686938c29c4,cb2d5883-6974-576d-979d-d111ed4ff9ea,True,True
66af4ec3-aa5d-5ac1-97c2-27ef7319a318,474f8de2-95e2-596b-a5f1-89a296d9dd5d,cb2d5883-6974-576d-979d-d111ed4ff9ea,True,True
66af4ec3-aa5d-5ac1-97c2-27ef7319a318,e5d39e83-7f69-52fa-95f9-764719b72183,cb2d5883-6974-576d-979d-d111ed4ff9ea,True,True
66af4ec3-aa5d-5ac1-97c2-27ef7319a318,417f2b8f-30c6-52e1-9327-ee759b4c36b4,cb2d5883-6974-576d-979d-d111ed4ff9ea,True,True
66af4ec3-aa5d-5ac1-97c2-27ef7319a318,9ae9580d-ad15-59a0-9c6f-e62c69fe8cca,cb2d5883-6974-576d-979d-d111ed4ff9ea,True,True
66af4ec3-aa5d-5ac1-97c2-27ef7319a318,9e69a285-7f2d-5993-9e8c-9a49aed2a225,cb2d5883-6974-576d-979d-d111ed4ff9ea,True,True
66af4ec3-aa5d-5ac1-97c2-27ef7319a318,ec90f1cb-9e60-565d-910f-b6b0e8aafac5,cb2d5883-6974-576d-979d-d111ed4ff9ea,True,True
66af4ec3-aa5d-5ac1-97c2-27ef7319a318,f8847e69-ce01-58ac-9f2d-f5967e3f055e,cb2d5883-6974-576d-979d-d111ed4ff9ea,True,True
66af4ec3-aa5d-5ac1-97c2-27ef7319a318,f4a71044-9e85-5f4b-aacf-d1f5fd800642,cb2d5883-6974-576d-979d-d111ed4ff9ea,True,True
66af4ec3-aa5d-5ac1-97c2-27ef7319a318,e35c4342-1fb8-5f63-8f89-24812f15d38b,cb2d5883-6974-576d-979d-d111ed4ff9ea,True,True
66af4ec3-aa5d-5ac1-97c2-27ef7319a318,07b2e560-9054-553c-a04e-d7d00dba7c26,cb2d5883-6974-576d-979d-d111ed4ff9ea,True,True
66af4ec3-aa5d-5ac1-97c2-27ef7319a318,f2d4e745-89e7-5f93-b532-b77a7077e3fa,cb2d5883-6974-576d-979d-d111ed4ff9ea,True,True
66af4ec3-aa5d-5ac1-97c2-27ef7319a318,b343c038-3846-5998-8902-15edc5a93df2,cb2d5883-6974-576d-979d-d111ed4ff9ea,True,True
66af4ec3-aa5d-5ac1-97c2-27ef7319a318,f5dfea48-986a-565f-9ce3-746dbf891d16,cb2d5883-6974-576d-979d-d111ed4ff9ea,True,True
66af4ec3-aa5d-5ac1-97c2-27ef7319a318,27bfa264-8697-5308-8766-81fe50615147,cb2d5883-6974-576d-979d-d111ed4ff9ea,True,True
66af4ec3-aa5d-5ac1-97c2-27ef7319a318,1a17e24c-8b85-51d9-8cf4-6336676036a4,cb2d5883-6974-576d-979d-d111ed4ff9ea,True,True
66af4ec3-aa5d-5ac1-97c2-27ef7319a318,ae8d0e0b-d124-5e70-99ad-c7427b2a48ad,cb2d5883-6974-576d-979d-d111ed4ff9ea,True,True
66af4ec3-aa5d-5ac1-97c2-27ef7319a318,514af575-d1d4-5233-b95d-5ed37caf4766,cb2d5883-6974-576d-979d-d111ed4ff9ea,True,True
66af4ec3-aa5d-5ac1-97c2-27ef7319a318,81177388-22ce-5222-9333-9266663ef1c9,cb2d5883-6974-576d-979d-d111ed4ff9ea,True,True
66af4ec3-aa5d-5ac1-97c2-27ef7319a318,b9315655-928c-5d47-9d97-ea704d67a6f1,cb2d5883-6974-576d-979d-d111ed4ff9ea,True,True
66af4ec3-aa5d-5ac1-97c2-27ef7319a318,cb4479ce-cbe0-5ff4-8ad9-66cbad5fd6db,cb2d5883-6974-576d-979d-d111ed4ff9ea,True,True
66af4ec3-aa5d-5ac1-97c2-27ef7319a318,c3c72a68-17a6-5197-87a9-58f7591feb04,cb2d5883-6974-576d-979d-d111ed4ff9ea,True,True
66af4ec3-aa5d-5ac1-97c2-27ef7319a318,69a40fc1-b732-52da-ad35-7e1c700b27e0,cb2d5883-6974-576d-979d-d111ed4ff9ea,True,True
66af4ec3-aa5d-5ac1-97c2-27ef7319a318,031f4c2a-6ab7-5585-9900-dd66e77dcd6a,cb2d5883-6974-576d-979d-d111ed4ff9ea,True,True
66af4ec3-aa5d-5ac1-97c2-27ef7319a318,6779f3ef-aaa6-52ae-9119-4003a43d918e,cb2d5883-6974-576d-979d-d111ed4ff9ea,True,True
66af4ec3-aa5d-5ac1-97c2-27ef7319a318,b58a2cfb-01bd-572f-8e9f-caa0db96399b,cb2d5883-6974-576d-979d-d111ed4ff9ea,True,True
66af4ec3-aa5d-5ac1-97c2-27ef7319a318,99451515-0ec9-569e-b701-f560f38cddf5,cb2d5883-6974-576d-979d-d111ed4ff9ea,True,True
66af4ec3-aa5d-5ac1-97c2-27ef7319a318,a31ecfeb-6429-5459-b220-7c5174cee051,cb2d5883-6974-576d-979d-d111ed4ff9ea,True,True
66af4ec3-aa5d-5ac1-97c2-27ef7319a318,d310be3b-1239-5211-99ee-d42d49b4dec0,cb2d5883-6974-576d-979d-d111ed4ff9ea,True,True
66af4ec3-aa5d-5ac1-97c2-27ef7319a318,89504e30-6cd3-591f-b2ca-423e4a7126e0,cb2d5883-6974-576d-979d-d111ed4ff9ea,True,True
66af4ec3-aa5d-5ac1-97c2-27ef7319a318,73a15bcb-e5ad-52fd-a96d-4eb73c7e4d66,cb2d5883-6974-576d-979d-d111ed4ff9ea,True,True
66af4ec3-aa5d-5ac1-97c2-27ef7319a318,3f215df3-8640-531b-b35b-7a5950985863,cb2d5883-6974-576d-979d-d111ed4ff9ea,True,True
66af4ec3-aa5d-5ac1-97c2-27ef7319a318,804dc6b6-3898-5f04-beca-28a539f2bd5c,cb2d5883-6974-576d-979d-d111ed4ff9ea,True,True
66af4ec3-aa5d-5ac1-97c2-27ef7319a318,1eaef9fa-d71f-5e2c-b919-918a3c49c9a3,cb2d5883-6974-576d-979d-d111ed4ff9ea,True,True
66af4ec3-aa5d-5ac1-97c2-27ef7319a318,3d6400f0-2a88-59d3-b261-4682e0c1f10d,cb2d5883-6974-576d-979d-d111ed4ff9ea,True,True
66af4ec3-aa5d-5ac1-97c2-27ef7319a318,4a0afe40-1b32-58f9-b0a0-966772c703fc,cb2d5883-6974-576d-979d-d111ed4ff9ea,True,True
66af4ec3-aa5d-5ac1-97c2-27ef7319a318,831c6ac6-e83a-5607-a355-3081e1c741b8,cb2d5883-6974-576d-979d-d111ed4ff9ea,True,True
66af4ec3-aa5d-5ac1-97c2-27ef7319a318,c3f3e0a4-a916-5839-bb5e-7680775a818e,cb2d5883-6974-576d-979d-d111ed4ff9ea,True,True
66af4ec3-aa5d-5ac1-97c2-27ef7319a318,0ccb1c88-b69b-5950-96fd-a3a25f2b310a,cb2d5883-6974-576d-979d-d111ed4ff9ea,True,True
66af4ec3-aa5d-5ac1-97c2-27ef7319a318,cffa7b72-c98c-5c7c-a7a9-4d2920358a37,cb2d5883-6974-576d-979d-d111ed4ff9ea,True,True
66af4ec3-aa5d-5ac1-97c2-27ef7319a318,12bb78c3-1f0c-5a35-8e0c-ca89a7736085,cb2d5883-6974-576d-979d-d111ed4ff9ea,True,True
66af4ec3-aa5d-5ac1-97c2-27ef7319a318,8ebd6716-c057-530a-933e-337f2450c6dd,cb2d5883-6974-576d-979d-d111ed4ff9ea,True,True
66af4ec3-aa5d-5ac1-97c2-27ef7319a318,39f3220b-6ce0-5782-9175-8b4236495668,cb2d5883-6974-576d-979d-d111ed4ff9ea,True,True
66af4ec3-aa5d-5ac1-97c2-27ef7319a318,a483c554-7e68-5c6f-886c-0178ab02d3e1,cb2d5883-6974-576d-979d-d111ed4ff9ea,True,True
66af4ec3-aa5d-5ac1-97c2-27ef7319a318,a587ed5c-77d7-52eb-8413-65caed45ddba,cb2d5883-6974-576d-979d-d111ed4ff9ea,True,True
66af4ec3-aa5d-5ac1-97c2-27ef7319a318,1cefb623-1171-58c0-83a0-6953675076fa,cb2d5883-6974-576d-979d-d111ed4ff9ea,True,True
66af4ec3-aa5d-5ac1-97c2-27ef7319a318,897d20ff-d716-5338-97b1-2c443fde29df,cb2d5883-6974-576d-979d-d111ed4ff9ea,True,True
66af4ec3-aa5d-5ac1-97c2-27ef7319a318,86a37729-5a90-5108-be0e-26bc85595396,cb2d5883-6974-576d-979d-d111ed4ff9ea,True,True
66af4ec3-aa5d-5ac1-97c2-27ef7319a318,174896d0-345f-59a4-a53e-ae10d36a3e84,cb2d5883-6974-576d-979d-d111ed4ff9ea,True,True
66af4ec3-aa5d-5ac1-97c2-27ef7319a318,23ea7ffd-33fa-51aa-abf2-7236297830c3,cb2d5883-6974-576d-979d-d111ed4ff9ea,True,True
66af4ec3-aa5d-5ac1-97c2-27ef7319a318,3269bdb9-c044-5f48-a7a3-4ef456e05f54,cb2d5883-6974-576d-979d-d111ed4ff9ea,True,True
66af4ec3-aa5d-5ac1-97c2-27ef7319a318,135f687e-8931-5a38-9fc9-1bbc257dd0a3,cb2d5883-6974-576d-979d-d111ed4ff9ea,True,True
66af4ec3-aa5d-5ac1-97c2-27ef7319a318,0e19d7de-3766-5f7b-b246-654fdb6b77c5,cb2d5883-6974-576d-979d-d111ed4ff9ea,True,True
66af4ec3-aa5d-5ac1-97c2-27ef7319a318,a7bc0f6a-3ece-5c5b-a4ab-a9a2e4ce7d99,cb2d5883-6974-576d-979d-d111ed4ff9ea,True,True
66af4ec3-aa5d-5ac1-97c2-27ef7319a318,a68da90b-e59d-5052-bbf3-48c8344d1ca4,cb2d5883-6974-576d-979d-d111ed4ff9ea,True,True
66af4ec3-aa5d-5ac1-97c2-27ef7319a318,ef184ae8-1968-5c94-b308-56b70956408f,cb2d5883-6974-576d-979d-d111ed4ff9ea,True,True
66af4ec3-aa5d-5ac1-97c2-27ef7319a318,da531de1-fbda-5361-9052-c5a56f3c9f70,cb2d5883-6974-576d-979d-d111ed4ff9ea,True,True
66af4ec3-aa5d-5ac1-97c2-27ef7319a318,da029731-e1a1-5e03-af62-4e1e3ecb4738,cb2d5883-6974-576d-979d-d111ed4ff9ea,True,True
66af4ec3-aa5d-5ac1-97c2-27ef7319a318,3dc7f111-a65b-5ca4-93a6-3b87ec6a080b,cb2d5883-6974-576d-979d-d111ed4ff9ea,True,True
66af4ec3-aa5d-5ac1-97c2-27ef7319a318,34c4e11d-3677-528b-ae57-fc28193971a0,cb2d5883-6974-576d-979d-d111ed4ff9ea,True,True
66af4ec3-aa5d-5ac1-97c2-27ef7319a318,d786cec2-e7d4-5c3f-84c3-fed6ef197377,cb2d5883-6974-576d-979d-d111ed4ff9ea,True,True
66af4ec3-aa5d-5ac1-97c2-27ef7319a318,fe34ff0a-e405-541c-9f6d-862af4a55fd9,cb2d5883-6974-576d-979d-d111ed4ff9ea,True,True
66af4ec3-aa5d-5ac1-97c2-27ef7319a318,c2163967-52c1-513b-8156-060fbccf059e,cb2d5883-6974-576d-979d-d111ed4ff9ea,True,True
66af4ec3-aa5d-5ac1-97c2-27ef7319a318,2adf77aa-6f39-5f36-8139-7dfd8e8a1162,cb2d5883-6974-576d-979d-d111ed4ff9ea,True,True
66af4ec3-aa5d-5ac1-97c2-27ef7319a318,72d8a113-dc4e-5c75-8383-a3847d12c013,cb2d5883-6974-576d-979d-d111ed4ff9ea,True,True
66af4ec3-aa5d-5ac1-97c2-27ef7319a318,665e718c-5ef5-5306-b953-931ebfad3b05,cb2d5883-6974-576d-979d-d111ed4ff9ea,True,True
66af4ec3-aa5d-5ac1-97c2-27ef7319a318,b4ab6f75-8e68-5676-8aa9-ff1ee3a09c20,cb2d5883-6974-576d-979d-d111ed4ff9ea,True,True
66af4ec3-aa5d-5ac1-97c2-27ef7319a318,bf1fa665-0d02-5452-b0a7-d9bb7ae64073,cb2d5883-6974-576d-979d-d111ed4ff9ea,True,True
66af4ec3-aa5d-5ac1-97c2-27ef7319a318,860b7d75-7024-5c4d-a0e0-7f64f5ddd2ef,cb2d5883-6974-576d-979d-d111ed4ff9ea,True,True
66af4ec3-aa5d-5ac1-97c2-27ef7319a318,9b450e44-8fab-53f3-aafb-c22f039d01dd,cb2d5883-6974-576d-979d-d111ed4ff9ea,True,True
66af4ec3-aa5d-5ac1-97c2-27ef7319a318,b500461f-b4d1-5191-88f2-08d53d8e539d,cb2d5883-6974-576d-979d-d111ed4ff9ea,True,True
66af4ec3-aa5d-5ac1-97c2-27ef7319a318,56f5b602-8b68-599e-be06-3450cbfc36d6,cb2d5883-6974-576d-979d-d111ed4ff9ea,True,True
66af4ec3-aa5d-5ac1-97c2-27ef7319a318,a02a328c-7e29-5928-8840-2d0744b35c3f,cb2d5883-6974-576d-979d-d111ed4ff9ea,True,True
66af4ec3-aa5d-5ac1-97c2-27ef7319a318,f3f1fbcb-4c5e-5896-8ee7-1c7632bfa3d9,cb2d5883-6974-576d-979d-d111ed4ff9ea,True,True
66af4ec3-aa5d-5ac1-97c2-27ef7319a318,bfcae515-4795-5960-8d8b-dea8a84a4f40,cb2d5883-6974-576d-979d-d111ed4ff9ea,True,True
66af4ec3-aa5d-5ac1-97c2-27ef7319a318,231e9f9a-69e9-544f-b3e3-f2b81cbdb030,cb2d5883-6974-576d-979d-d111ed4ff9ea,True,True
66af4ec3-aa5d-5ac1-97c2-27ef7319a318,a84bdb55-7708-51fe-a8e2-ce26649e5c32,cb2d5883-6974-576d-979d-d111ed4ff9ea,True,True
66af4ec3-aa5d-5ac1-97c2-27ef7319a318,4d0562f8-81bd-58c0-9f57-bdfdc6b907b3,cb2d5883-6974-576d-979d-d111ed4ff9ea,True,True
66af4ec3-aa5d-5ac1-97c2-27ef7319a318,1da3112e-4fc5-52cc-9840-02929bc47f2d,cb2d5883-6974-576d-979d-d111ed4ff9ea,True,True
66af4ec3-aa5d-5ac1-97c2-27ef7319a318,8b03efe8-5564-5961-8e5c-1a6988d025c3,cb2d5883-6974-576d-979d-d111ed4ff9ea,True,True
66af4ec3-aa5d-5ac1-97c2-27ef7319a318,551aad6e-428f-5fd6-b517-3cfc9863e457,cb2d5883-6974-576d-979d-d111ed4ff9ea,True,True
66af4ec3-aa5d-5ac1-97c2-27ef7319a318,845447d0-1828-5295-a413-388a5f8ea97c,cb2d5883-6974-576d-979d-d111ed4ff9ea,True,True
66af4ec3-aa5d-5ac1-97c2-27ef7319a318,a95fb26c-8494-5660-9e02-3c5c15cb222f,cb2d5883-6974-576d-979d-d111ed4ff9ea,True,True
66af4ec3-aa5d-5ac1-97c2-27ef7319a318,2fb37907-ef52-5170-89a1-cda9714dfe75,cb2d5883-6974-576d-979d-d111ed4ff9ea,True,True
66af4ec3-aa5d-5ac1-97c2-27ef7319a318,765eaff6-1e80-5de5-8c51-a9b0c7443b9a,cb2d5883-6974-576d-979d-d111ed4ff9ea,True,True
66af4ec3-aa5d-5ac1-97c2-27ef7319a318,3a3a517b-c57a-5453-96db-98be112cd243,cb2d5883-6974-576d-979d-d111ed4ff9ea,True,True
66af4ec3-aa5d-5ac1-97c2-27ef7319a318,2b67908a-0acb-5c2e-a69c-94889ea8c326,cb2d5883-6974-576d-979d-d111ed4ff9ea,True,True
66af4ec3-aa5d-5ac1-97c2-27ef7319a318,6fc70dc6-9745-5506-b049-6b68b0f20c64,cb2d5883-6974-576d-979d-d111ed4ff9ea,True,True
66af4ec3-aa5d-5ac1-97c2-27ef7319a318,6f7ffdf1-d317-522a-acfb-195a9054a7e3,cb2d5883-6974-576d-979d-d111ed4ff9ea,True,True
66af4ec3-aa5d-5ac1-97c2-27ef7319a318,99c42b45-48b4-5702-97db-7f8dfb1027af,cb2d5883-6974-576d-979d-d111ed4ff9ea,True,True
66af4ec3-aa5d-5ac1-97c2-27ef7319a318,c3a48b07-3d8a-5be2-b373-8118f1e0f484,cb2d5883-6974-576d-979d-d111ed4ff9ea,True,True
66af4ec3-aa5d-5ac1-97c2-27ef7319a318,d0f791df-16c5-542a-8283-877ef200ac66,cb2d5883-6974-576d-979d-d111ed4ff9ea,True,True
66af4ec3-aa5d-5ac1-97c2-27ef7319a318,6517db53-de3f-51d3-b705-430d3b1a78f4,cb2d5883-6974-576d-979d-d111ed4ff9ea,True,True
66af4ec3-aa5d-5ac1-97c2-27ef7319a318,0c0c783e-6a69-5f84-b75d-b9cdeabc19c2,cb2d5883-6974-576d-979d-d111ed4ff9ea,True,True
66af4ec3-aa5d-5ac1-97c2-27ef7319a318,6eeaecf0-6543-58d0-9580-9230d834ec23,cb2d5883-6974-576d-979d-d111ed4ff9ea,True,True
66af4ec3-aa5d-5ac1-97c2-27ef7319a318,3a02ffe7-4867-5245-8aa8-b54d83f07397,cb2d5883-6974-576d-979d-d111ed4ff9ea,True,True
66af4ec3-aa5d-5ac1-97c2-27ef7319a318,f1875a82-aa24-5263-8622-121ea48794d5,cb2d5883-6974-576d-979d-d111ed4ff9ea,True,True
66af4ec3-aa5d-5ac1-97c2-27ef7319a318,462cd36e-7654-5453-9f04-a8ba98ab33aa,cb2d5883-6974-576d-979d-d111ed4ff9ea,True,True
66af4ec3-aa5d-5ac1-97c2-27ef7319a318,88e09b07-c434-585d-b8d5-feb7acc8f6c7,cb2d5883-6974-576d-979d-d111ed4ff9ea,True,True
66af4ec3-aa5d-5ac1-97c2-27ef7319a318,f17bd902-b8eb-55fb-8385-d84949cebfec,cb2d5883-6974-576d-979d-d111ed4ff9ea,True,True
66af4ec3-aa5d-5ac1-97c2-27ef7319a318,72211d58-36a6-57a5-9cdc-c386177501fb,cb2d5883-6974-576d-979d-d111ed4ff9ea,True,True
66af4ec3-aa5d-5ac1-97c2-27ef7319a318,8f04cdac-e576-5d37-841a-46a57260f230,cb2d5883-6974-576d-979d-d111ed4ff9ea,True,True
66af4ec3-aa5d-5ac1-97c2-27ef7319a318,5f2339ef-e5ca-54cb-8bcf-b91ee84640ee,cb2d5883-6974-576d-979d-d111ed4ff9ea,True,True
66af4ec3-aa5d-5ac1-97c2-27ef7319a318,dc25384c-b78f-5a7d-aa68-ce5676efd3de,cb2d5883-6974-576d-979d-d111ed4ff9ea,True,True
66af4ec3-aa5d-5ac1-97c2-27ef7319a318,0f9f79b7-3eb1-5c37-8f19-d66ef67b7fff,cb2d5883-6974-576d-979d-d111ed4ff9ea,True,True
66af4ec3-aa5d-5ac1-97c2-27ef7319a318,2f34445e-d9cb-5ba6-99d4-77ba512234bc,cb2d5883-6974-576d-979d-d111ed4ff9ea,True,True
66af4ec3-aa5d-5ac1-97c2-27ef7319a318,e7bb8bcc-7516-52fc-995b-6f5d600f7eb4,cb2d5883-6974-576d-979d-d111ed4ff9ea,True,True
66af4ec3-aa5d-5ac1-97c2-27ef7319a318,21e32262-6539-5cc3-bdc0-984e1865fba6,cb2d5883-6974-576d-979d-d111ed4ff9ea,True,True
66af4ec3-aa5d-5ac1-97c2-27ef7319a318,ed94dcb3-6ad5-5325-87ef-6443c75cbdf7,cb2d5883-6974-576d-979d-d111ed4ff9ea,True,True
66af4ec3-aa5d-5ac1-97c2-27ef7319a318,3f525867-82fe-573c-8cb7-ee44e13adb16,d07a3198-ccbe-5200-8c72-825d740d0d12,True,True
66af4ec3-aa5d-5ac1-97c2-27ef7319a318,454c7002-6a30-551d-93b1-6c96de246112,d07a3198-ccbe-5200-8c72-825d740d0d12,True,True
66af4ec3-aa5d-5ac1-97c2-27ef7319a318,17260189-75d3-5426-a51d-50004c5c607c,d07a3198-ccbe-5200-8c72-825d740d0d12,True,True
66af4ec3-aa5d-5ac1-97c2-27ef7319a318,2968fa8d-0baa-5c75-a82f-7ea54cae0bc8,d07a3198-ccbe-5200-8c72-825d740d0d12,True,True
66af4ec3-aa5d-5ac1-97c2-27ef7319a318,27212399-30ea-58ff-bf87-3f91d6548a8b,d07a3198-ccbe-5200-8c72-825d740d0d12,True,True
66af4ec3-aa5d-5ac1-97c2-27ef7319a318,e8906ff0-e381-532a-89f9-8d114cebfe00,d07a3198-ccbe-5200-8c72-825d740d0d12,True,True
66af4ec3-aa5d-5ac1-97c2-27ef7319a318,b1b7ea68-98a6-5a9e-8b6b-87e70a22dc63,d07a3198-ccbe-5200-8c72-825d740d0d12,True,True
66af4ec3-aa5d-5ac1-97c2-27ef7319a318,2728d524-564b-54ac-b894-fc34d35b4719,d07a3198-ccbe-5200-8c72-825d740d0d12,True,True
66af4ec3-aa5d-5ac1-97c2-27ef7319a318,6e32a69f-1cc0-5344-999a-ab4647e6e12f,d07a3198-ccbe-5200-8c72-825d740d0d12,True,True
66af4ec3-aa5d-5ac1-97c2-27ef7319a318,7a4404ac-7d99-5712-8b58-2fb4b73d7843,d07a3198-ccbe-5200-8c72-825d740d0d12,True,True
66af4ec3-aa5d-5ac1-97c2-27ef7319a318,95bce539-a113-5b0c-98c8-dda6dcb5c7d4,d07a3198-ccbe-5200-8c72-825d740d0d12,True,True
66af4ec3-aa5d-5ac1-97c2-27ef7319a318,05a892ba-3348-5623-bcc9-a64c572bb85d,d07a3198-ccbe-5200-8c72-825d740d0d12,True,True
66af4ec3-aa5d-5ac1-97c2-27ef7319a318,73392a12-0428-503b-95b9-3f4bcdfee57a,d07a3198-ccbe-5200-8c72-825d740d0d12,True,True
66af4ec3-aa5d-5ac1-97c2-27ef7319a318,e2a73383-3045-5f48-8157-6d6a0dbfc140,d07a3198-ccbe-5200-8c72-825d740d0d12,True,True
66af4ec3-aa5d-5ac1-97c2-27ef7319a318,e101a85f-fbbf-54b8-a0da-ee9d751d4eb7,d07a3198-ccbe-5200-8c72-825d740d0d12,True,True
66af4ec3-aa5d-5ac1-97c2-27ef7319a318,6b92178f-d46b-5e23-bd90-1e068ec41f86,d07a3198-ccbe-5200-8c72-825d740d0d12,True,True
66af4ec3-aa5d-5ac1-97c2-27ef7319a318,4bcf456a-a6d6-5190-8d1d-f8d32c6e8b9c,d07a3198-ccbe-5200-8c72-825d740d0d12,True,True
66af4ec3-aa5d-5ac1-97c2-27ef7319a318,b2fc2c6d-4b4f-53fa-a151-89ddbf87cade,d07a3198-ccbe-5200-8c72-825d740d0d12,True,True
66af4ec3-aa5d-5ac1-97c2-27ef7319a318,dae11d13-76d3-5913-b9bf-232fbbdbefb4,d07a3198-ccbe-5200-8c72-825d740d0d12,True,True
66af4ec3-aa5d-5ac1-97c2-27ef7319a318,e226c751-d82d-5a27-900d-bb39867c184b,d07a3198-ccbe-5200-8c72-825d740d0d12,True,True
66af4ec3-aa5d-5ac1-97c2-27ef7319a318,4cac5626-ce14-5021-95f1-3c45e3ce2904,d07a3198-ccbe-5200-8c72-825d740d0d12,True,True
66af4ec3-aa5d-5ac1-97c2-27ef7319a318,a2fd2619-f05a-543d-adff-62bd004f695c,d07a3198-ccbe-5200-8c72-825d740d0d12,True,True
66af4ec3-aa5d-5ac1-97c2-27ef7319a318,e2a523a5-b38e-5e06-8e36-ac47d04cd169,d07a3198-ccbe-5200-8c72-825d740d0d12,True,True
66af4ec3-aa5d-5ac1-97c2-27ef7319a318,be432d9e-bb60-5cb2-92fc-576005b6dc6a,d07a3198-ccbe-5200-8c72-825d740d0d12,True,True
66af4ec3-aa5d-5ac1-97c2-27ef7319a318,ad1d1bb3-9dd8-549b-b871-728c16b21c23,d07a3198-ccbe-5200-8c72-825d740d0d12,True,True
66af4ec3-aa5d-5ac1-97c2-27ef7319a318,867d5542-7529-57ab-9ce1-20cd187e9437,d07a3198-ccbe-5200-8c72-825d740d0d12,True,True
66af4ec3-aa5d-5ac1-97c2-27ef7319a318,b9c597dc-f1be-565d-bcfd-e0bdbea47fa1,d07a3198-ccbe-5200-8c72-825d740d0d12,True,True
66af4ec3-aa5d-5ac1-97c2-27ef7319a318,fc74dcf3-ab09-5c42-b86d-1f5346dfe829,d07a3198-ccbe-5200-8c72-825d740d0d12,True,True
66af4ec3-aa5d-5ac1-97c2-27ef7319a318,ca9b7e0f-60a5-55ca-ad57-2b2c5fa72d46,d07a3198-ccbe-5200-8c72-825d740d0d12,True,True
66af4ec3-aa5d-5ac1-97c2-27ef7319a318,c378f0d5-9e7d-5644-9175-730bac467b87,d07a3198-ccbe-5200-8c72-825d740d0d12,True,True
66af4ec3-aa5d-5ac1-97c2-27ef7319a318,5086d1ed-0470-5e3f-9c97-1ef153f21b84,d07a3198-ccbe-5200-8c72-825d740d0d12,True,True
66af4ec3-aa5d-5ac1-97c2-27ef7319a318,67097096-a064-51ce-a331-444f210bb37b,d07a3198-ccbe-5200-8c72-825d740d0d12,True,True
66af4ec3-aa5d-5ac1-97c2-27ef7319a318,5feb4eec-162c-5acb-ac12-307710e701ab,d07a3198-ccbe-5200-8c72-825d740d0d12,True,True
66af4ec3-aa5d-5ac1-97c2-27ef7319a318,760dec9d-5bfd-5cfc-96ff-6a25fcdb29ed,d07a3198-ccbe-5200-8c72-825d740d0d12,True,True
66af4ec3-aa5d-5ac1-97c2-27ef7319a318,02f49180-5bce-5ac2-9d72-41957835069b,d07a3198-ccbe-5200-8c72-825d740d0d12,True,True
66af4ec3-aa5d-5ac1-97c2-27ef7319a318,e9bc75ba-cacf-5c02-a48b-b77b52e81545,d07a3198-ccbe-5200-8c72-825d740d0d12,True,True
66af4ec3-aa5d-5ac1-97c2-27ef7319a318,457ff25a-4bca-581e-8dc2-ca4a31ea68f1,d07a3198-ccbe-5200-8c72-825d740d0d12,True,True
66af4ec3-aa5d-5ac1-97c2-27ef7319a318,1013b7e8-1f8a-5f0c-8c33-9204a0d93d41,d07a3198-ccbe-5200-8c72-825d740d0d12,True,True
66af4ec3-aa5d-5ac1-97c2-27ef7319a318,90e66e9d-1364-56d0-8700-59d01ac4a2d7,d07a3198-ccbe-5200-8c72-825d740d0d12,True,True
66af4ec3-aa5d-5ac1-97c2-27ef7319a318,1bbb8d5f-a518-59f5-a059-17d779542113,d07a3198-ccbe-5200-8c72-825d740d0d12,True,True
66af4ec3-aa5d-5ac1-97c2-27ef7319a318,7b483b77-b5d3-5359-9faf-26c681ea6183,d07a3198-ccbe-5200-8c72-825d740d0d12,True,True
66af4ec3-aa5d-5ac1-97c2-27ef7319a318,b54a807f-ab12-52e4-8b51-40072e5dab19,d07a3198-ccbe-5200-8c72-825d740d0d12,True,True
66af4ec3-aa5d-5ac1-97c2-27ef7319a318,7157f6ca-e466-53f5-ad98-6d327f26b782,d07a3198-ccbe-5200-8c72-825d740d0d12,True,True
66af4ec3-aa5d-5ac1-97c2-27ef7319a318,e5b8a065-ac9f-5d65-b4a7-a15ff554b372,d07a3198-ccbe-5200-8c72-825d740d0d12,True,True
66af4ec3-aa5d-5ac1-97c2-27ef7319a318,1a65aaa9-0b15-5456-bcaf-a9b39e9364c7,d07a3198-ccbe-5200-8c72-825d740d0d12,True,True
66af4ec3-aa5d-5ac1-97c2-27ef7319a318,1e360afb-0b4f-5e21-addf-050bcda1d0a4,d07a3198-ccbe-5200-8c72-825d740d0d12,True,True
66af4ec3-aa5d-5ac1-97c2-27ef7319a318,57c4fdd4-2c75-5242-b658-2b5634128795,d07a3198-ccbe-5200-8c72-825d740d0d12,True,True
66af4ec3-aa5d-5ac1-97c2-27ef7319a318,225d9a4b-7d41-59b1-baf1-0142b00eb9ad,d07a3198-ccbe-5200-8c72-825d740d0d12,True,True
66af4ec3-aa5d-5ac1-97c2-27ef7319a318,7defa448-f94c-56ba-ac1f-a5523a3c3d4e,d07a3198-ccbe-5200-8c72-825d740d0d12,True,True
66af4ec3-aa5d-5ac1-97c2-27ef7319a318,be5cadd2-837b-52d2-af40-0dcdba86835a,d07a3198-ccbe-5200-8c72-825d740d0d12,True,True
66af4ec3-aa5d-5ac1-97c2-27ef7319a318,e775df14-e8ef-5386-a9d6-da3cc7e026fe,d07a3198-ccbe-5200-8c72-825d740d0d12,True,True
66af4ec3-aa5d-5ac1-97c2-27ef7319a318,a05790bd-1c89-53d2-9f08-a9575c059753,d07a3198-ccbe-5200-8c72-825d740d0d12,True,True
66af4ec3-aa5d-5ac1-97c2-27ef7319a318,31de43c3-54fb-5d09-a182-5866a73b9a8c,d07a3198-ccbe-5200-8c72-825d740d0d12,True,True
66af4ec3-aa5d-5ac1-97c2-27ef7319a318,3437191c-fb0b-5734-bcd2-f839c05d1747,d07a3198-ccbe-5200-8c72-825d740d0d12,True,True
66af4ec3-aa5d-5ac1-97c2-27ef7319a318,180396a6-ca67-5e90-8eb9-01259af51e72,d07a3198-ccbe-5200-8c72-825d740d0d12,True,True
66af4ec3-aa5d-5ac1-97c2-27ef7319a318,e4d61f4c-0171-55c8-b576-21db2ec73c55,d07a3198-ccbe-5200-8c72-825d740d0d12,True,True
66af4ec3-aa5d-5ac1-97c2-27ef7319a318,bcf06a58-dc3d-5075-94bf-ad1cf667fb8e,d07a3198-ccbe-5200-8c72-825d740d0d12,True,True
66af4ec3-aa5d-5ac1-97c2-27ef7319a318,240f9117-9c60-544a-b611-75ebf457eaf2,d07a3198-ccbe-5200-8c72-825d740d0d12,True,True
66af4ec3-aa5d-5ac1-97c2-27ef7319a318,bd39423c-8ac2-553e-963d-d5066ab78545,d07a3198-ccbe-5200-8c72-825d740d0d12,True,True
66af4ec3-aa5d-5ac1-97c2-27ef7319a318,06fe057b-073a-51f5-a697-7c4877cb52e6,d07a3198-ccbe-5200-8c72-825d740d0d12,True,True
66af4ec3-aa5d-5ac1-97c2-27ef7319a318,5d38d93a-784d-5134-bec9-76545892031d,d07a3198-ccbe-5200-8c72-825d740d0d12,True,True
66af4ec3-aa5d-5ac1-97c2-27ef7319a318,d89a4b85-2b20-5d2a-9720-e4cd14c02081,d07a3198-ccbe-5200-8c72-825d740d0d12,True,True
66af4ec3-aa5d-5ac1-97c2-27ef7319a318,a3b13fa7-c535-563f-9467-c69dc5b4f894,d07a3198-ccbe-5200-8c72-825d740d0d12,True,True
66af4ec3-aa5d-5ac1-97c2-27ef7319a318,a5895702-7fa2-5989-bdb3-b71a8a1d617b,d07a3198-ccbe-5200-8c72-825d740d0d12,True,True
66af4ec3-aa5d-5ac1-97c2-27ef7319a318,621745b5-a002-5c50-8e47-a65912c370be,d07a3198-ccbe-5200-8c72-825d740d0d12,True,True
66af4ec3-aa5d-5ac1-97c2-27ef7319a318,d547fe8f-fbba-5f12-8c51-3ea47b32bd37,d07a3198-ccbe-5200-8c72-825d740d0d12,True,True
66af4ec3-aa5d-5ac1-97c2-27ef7319a318,78aac5e1-f893-54c5-919a-309cf51ad394,d07a3198-ccbe-5200-8c72-825d740d0d12,True,True
66af4ec3-aa5d-5ac1-97c2-27ef7319a318,9f8be91c-a2f7-507c-9af7-71c80cba04f1,d07a3198-ccbe-5200-8c72-825d740d0d12,True,True
66af4ec3-aa5d-5ac1-97c2-27ef7319a318,abc45a41-c7ff-5226-9551-0a57805db74d,d07a3198-ccbe-5200-8c72-825d740d0d12,True,True
66af4ec3-aa5d-5ac1-97c2-27ef7319a318,effdeeb9-02fc-5476-a57d-f936270fb467,d07a3198-ccbe-5200-8c72-825d740d0d12,True,True
66af4ec3-aa5d-5ac1-97c2-27ef7319a318,988b337c-44de-5dc0-8b0a-09befa60ea9c,d07a3198-ccbe-5200-8c72-825d740d0d12,True,True
66af4ec3-aa5d-5ac1-97c2-27ef7319a318,9cfe3008-d5d5-5a42-93ad-4ee168f13fa6,d07a3198-ccbe-5200-8c72-825d740d0d12,True,True
66af4ec3-aa5d-5ac1-97c2-27ef7319a318,b7d4993a-d787-5666-ba7f-c06185455a05,d07a3198-ccbe-5200-8c72-825d740d0d12,True,True
66af4ec3-aa5d-5ac1-97c2-27ef7319a318,729c5246-ad6f-5cec-80e3-f87a97411200,d07a3198-ccbe-5200-8c72-825d740d0d12,True,True
66af4ec3-aa5d-5ac1-97c2-27ef7319a318,4058827e-62cc-517a-8f09-989763bbf8ab,d07a3198-ccbe-5200-8c72-825d740d0d12,True,True
66af4ec3-aa5d-5ac1-97c2-27ef7319a318,1fd84a22-8684-5f7f-8cbc-39d19dce3317,d07a3198-ccbe-5200-8c72-825d740d0d12,True,True
66af4ec3-aa5d-5ac1-97c2-27ef7319a318,b0687830-14bc-5ea0-8d96-1137a70ff22b,d07a3198-ccbe-5200-8c72-825d740d0d12,True,True
66af4ec3-aa5d-5ac1-97c2-27ef7319a318,d400dd23-1f6d-56a4-aa94-6b6d1c7a8054,d07a3198-ccbe-5200-8c72-825d740d0d12,True,True
66af4ec3-aa5d-5ac1-97c2-27ef7319a318,f5408f5e-2a92-5197-99ae-2f3ed4925528,d07a3198-ccbe-5200-8c72-825d740d0d12,True,True
66af4ec3-aa5d-5ac1-97c2-27ef7319a318,2aca2d75-4ce4-50b7-bd1e-3b58820e0597,d07a3198-ccbe-5200-8c72-825d740d0d12,True,True
66af4ec3-aa5d-5ac1-97c2-27ef7319a318,295763a5-6416-5ab7-8702-c3dae25d6b31,d07a3198-ccbe-5200-8c72-825d740d0d12,True,True
66af4ec3-aa5d-5ac1-97c2-27ef7319a318,444c7c1b-c990-52ce-b402-f0b114c9d7c2,d07a3198-ccbe-5200-8c72-825d740d0d12,True,True
66af4ec3-aa5d-5ac1-97c2-27ef7319a318,633aac7c-53d9-513d-9d8a-b2639717eff0,d07a3198-ccbe-5200-8c72-825d740d0d12,True,True
66af4ec3-aa5d-5ac1-97c2-27ef7319a318,f96bb8e7-8b3c-5705-aa27-3ed1255539c9,d07a3198-ccbe-5200-8c72-825d740d0d12,True,True
66af4ec3-aa5d-5ac1-97c2-27ef7319a318,fb49f75d-d802-5247-af34-944eebd5206a,d07a3198-ccbe-5200-8c72-825d740d0d12,True,True
66af4ec3-aa5d-5ac1-97c2-27ef7319a318,e9abcfc3-643a-525c-87e7-46da01b34e93,d07a3198-ccbe-5200-8c72-825d740d0d12,True,True
66af4ec3-aa5d-5ac1-97c2-27ef7319a318,36e0521a-2d9d-5223-a460-7bb83c90f244,d07a3198-ccbe-5200-8c72-825d740d0d12,True,True
66af4ec3-aa5d-5ac1-97c2-27ef7319a318,d3890a6e-03ae-5bca-b5b3-5b2270131755,d07a3198-ccbe-5200-8c72-825d740d0d12,True,True
66af4ec3-aa5d-5ac1-97c2-27ef7319a318,46012af5-ef5b-5e9b-bd13-d032924f4b34,d07a3198-ccbe-5200-8c72-825d740d0d12,True,True
66af4ec3-aa5d-5ac1-97c2-27ef7319a318,10d9edb6-f8a3-51aa-8361-43ed28e45ff4,d07a3198-ccbe-5200-8c72-825d740d0d12,True,True
66af4ec3-aa5d-5ac1-97c2-27ef7319a318,13886159-863f-5f75-9df5-f80af89e6bfc,d07a3198-ccbe-5200-8c72-825d740d0d12,True,True
66af4ec3-aa5d-5ac1-97c2-27ef7319a318,95a6bb83-8ae7-517f-9d87-0d4687a98818,d07a3198-ccbe-5200-8c72-825d740d0d12,True,True
66af4ec3-aa5d-5ac1-97c2-27ef7319a318,1964b467-4a26-5588-addc-bfedd9e72b84,d07a3198-ccbe-5200-8c72-825d740d0d12,True,True
66af4ec3-aa5d-5ac1-97c2-27ef7319a318,553889fb-ec5a-5ff4-bd0b-31dc20961e71,d07a3198-ccbe-5200-8c72-825d740d0d12,True,True
66af4ec3-aa5d-5ac1-97c2-27ef7319a318,0c6b9a1e-e95b-519c-86dc-9143d5a06dc3,d07a3198-ccbe-5200-8c72-825d740d0d12,True,True
66af4ec3-aa5d-5ac1-97c2-27ef7319a318,478b7ec8-41f4-5d9d-8d4b-e2783fa7cffc,d07a3198-ccbe-5200-8c72-825d740d0d12,True,True
66af4ec3-aa5d-5ac1-97c2-27ef7319a318,52f7d2e4-6f5e-5361-b7ca-2f1bf918ff3a,d07a3198-ccbe-5200-8c72-825d740d0d12,True,True
66af4ec3-aa5d-5ac1-97c2-27ef7319a318,c475665d-892f-5c43-b586-b6e2b953fc83,d07a3198-ccbe-5200-8c72-825d740d0d12,True,True
66af4ec3-aa5d-5ac1-97c2-27ef7319a318,e8836f51-5e91-5612-a868-61585b064c58,d07a3198-ccbe-5200-8c72-825d740d0d12,True,True
66af4ec3-aa5d-5ac1-97c2-27ef7319a318,b628b2bc-d89b-57bc-81b6-c2fc0581e232,d07a3198-ccbe-5200-8c72-825d740d0d12,True,True
66af4ec3-aa5d-5ac1-97c2-27ef7319a318,22fa09ca-496b-55a3-bbd6-279406abc0b2,d07a3198-ccbe-5200-8c72-825d740d0d12,True,True
66af4ec3-aa5d-5ac1-97c2-27ef7319a318,44cf3805-7941-5805-8f88-16a31a192861,d07a3198-ccbe-5200-8c72-825d740d0d12,True,True
66af4ec3-aa5d-5ac1-97c2-27ef7319a318,8146d8e6-5fc3-5429-b60b-e14f39fd7a67,d07a3198-ccbe-5200-8c72-825d740d0d12,True,True
66af4ec3-aa5d-5ac1-97c2-27ef7319a318,2a8c498a-e48d-58f6-8b6d-14dd25ac0a87,d07a3198-ccbe-5200-8c72-825d740d0d12,True,True
66af4ec3-aa5d-5ac1-97c2-27ef7319a318,01a5e46d-a381-5d24-a0d8-9dd13e41793f,d07a3198-ccbe-5200-8c72-825d740d0d12,True,True
66af4ec3-aa5d-5ac1-97c2-27ef7319a318,f27fc41a-6b44-5f30-afc3-906fac7a6ce6,d07a3198-ccbe-5200-8c72-825d740d0d12,True,True
66af4ec3-aa5d-5ac1-97c2-27ef7319a318,f794b7f4-83d7-56d5-8541-3411cedeef3f,d07a3198-ccbe-5200-8c72-825d740d0d12,True,True
66af4ec3-aa5d-5ac1-97c2-27ef7319a318,84dd4ac9-8d07-521a-bc31-5f0c640d4c8d,d07a3198-ccbe-5200-8c72-825d740d0d12,True,True
66af4ec3-aa5d-5ac1-97c2-27ef7319a318,4c25f5a4-efe2-51c4-a479-fb0b7040be31,d07a3198-ccbe-5200-8c72-825d740d0d12,True,True
66af4ec3-aa5d-5ac1-97c2-27ef7319a318,525f1480-5281-536c-be1f-2134d726e620,d07a3198-ccbe-5200-8c72-825d740d0d12,True,True
66af4ec3-aa5d-5ac1-97c2-27ef7319a318,570eec93-f88e-556d-a4b0-3bb3c3fb80c2,d07a3198-ccbe-5200-8c72-825d740d0d12,True,True
66af4ec3-aa5d-5ac1-97c2-27ef7319a318,0d2b28ee-656c-57ac-82c4-d2689380a727,d07a3198-ccbe-5200-8c72-825d740d0d12,True,True
66af4ec3-aa5d-5ac1-97c2-27ef7319a318,cc735bdb-e503-5b46-80af-7382e30dd8cd,d07a3198-ccbe-5200-8c72-825d740d0d12,True,True
66af4ec3-aa5d-5ac1-97c2-27ef7319a318,8aabe8a3-3026-5e3a-a476-4a97c374da4d,d07a3198-ccbe-5200-8c72-825d740d0d12,True,True
66af4ec3-aa5d-5ac1-97c2-27ef7319a318,451a38cb-b4ed-5ceb-be87-7a1887d618d2,d07a3198-ccbe-5200-8c72-825d740d0d12,True,True
66af4ec3-aa5d-5ac1-97c2-27ef7319a318,db1e086e-4178-56f0-b23e-1beb807bfc47,d07a3198-ccbe-5200-8c72-825d740d0d12,True,True
66af4ec3-aa5d-5ac1-97c2-27ef7319a318,2a933506-abba-5751-845b-2f71838a4598,d07a3198-ccbe-5200-8c72-825d740d0d12,True,True
66af4ec3-aa5d-5ac1-97c2-27ef7319a318,05ca004a-ace7-5c0a-a4e9-a1ec849b5923,d07a3198-ccbe-5200-8c72-825d740d0d12,True,True
66af4ec3-aa5d-5ac1-97c2-27ef7319a318,e7d751e9-ceb6-5668-8fe4-d563f4e0f5d2,d07a3198-ccbe-5200-8c72-825d740d0d12,True,True
66af4ec3-aa5d-5ac1-97c2-27ef7319a318,877c4da2-4484-590a-9f47-151648c2aafe,d07a3198-ccbe-5200-8c72-825d740d0d12,True,True
66af4ec3-aa5d-5ac1-97c2-27ef7319a318,1b86a8e2-c5e2-5e60-aea0-5ef5b79f4494,d07a3198-ccbe-5200-8c72-825d740d0d12,True,True
66af4ec3-aa5d-5ac1-97c2-27ef7319a318,c6aa641b-6941-5d93-a507-43310175d3ab,d07a3198-ccbe-5200-8c72-825d740d0d12,True,True
66af4ec3-aa5d-5ac1-97c2-27ef7319a318,948ca61b-884d-5538-82b8-b0bbad3b0c84,d07a3198-ccbe-5200-8c72-825d740d0d12,True,True
66af4ec3-aa5d-5ac1-97c2-27ef7319a318,b8d940d2-fa85-55b9-804a-028f21737999,d07a3198-ccbe-5200-8c72-825d740d0d12,True,True
66af4ec3-aa5d-5ac1-97c2-27ef7319a318,8a850977-36b6-5a2f-a412-5761d3a47fe2,d07a3198-ccbe-5200-8c72-825d740d0d12,True,True
66af4ec3-aa5d-5ac1-97c2-27ef7319a318,faec1c2b-697c-5e7d-bd2d-e5ff07617da5,d07a3198-ccbe-5200-8c72-825d740d0d12,True,True
66af4ec3-aa5d-5ac1-97c2-27ef7319a318,c64f860d-17ae-5e3b-b489-bb7c12bcfee9,d07a3198-ccbe-5200-8c72-825d740d0d12,True,True
66af4ec3-aa5d-5ac1-97c2-27ef7319a318,3fe01caa-a1c2-54b2-ad84-c1bc1c03ea0e,d07a3198-ccbe-5200-8c72-825d740d0d12,True,True
66af4ec3-aa5d-5ac1-97c2-27ef7319a318,56318162-e0b3-570c-80fb-e9da63d2d506,d07a3198-ccbe-5200-8c72-825d740d0d12,True,True
66af4ec3-aa5d-5ac1-97c2-27ef7319a318,2d85b116-6f2d-58d9-b929-73015d7005e6,d07a3198-ccbe-5200-8c72-825d740d0d12,True,True
66af4ec3-aa5d-5ac1-97c2-27ef7319a318,1fcbae9d-b8dc-5977-b02a-7ab158ddc7b9,d07a3198-ccbe-5200-8c72-825d740d0d12,True,True
66af4ec3-aa5d-5ac1-97c2-27ef7319a318,f3006716-8f9e-5f47-a8fb-1d19d14d86d1,d07a3198-ccbe-5200-8c72-825d740d0d12,True,True
66af4ec3-aa5d-5ac1-97c2-27ef7319a318,ace08b9d-a148-58ee-b46a-16fecb6de80a,d07a3198-ccbe-5200-8c72-825d740d0d12,True,True
66af4ec3-aa5d-5ac1-97c2-27ef7319a318,be225fab-7bac-5418-98dc-6b2dc9f09a58,d07a3198-ccbe-5200-8c72-825d740d0d12,True,True
66af4ec3-aa5d-5ac1-97c2-27ef7319a318,f6bd9369-51ed-5406-bba6-27f4dc603ee0,d07a3198-ccbe-5200-8c72-825d740d0d12,True,True
66af4ec3-aa5d-5ac1-97c2-27ef7319a318,0905edf0-1676-55ed-8977-ac29a5027e2d,d07a3198-ccbe-5200-8c72-825d740d0d12,True,True
66af4ec3-aa5d-5ac1-97c2-27ef7319a318,927654d7-f202-5c9e-affa-87bc08b073d7,d07a3198-ccbe-5200-8c72-825d740d0d12,True,True
66af4ec3-aa5d-5ac1-97c2-27ef7319a318,d4401b3f-27f0-56dd-882d-b88f83b3daf5,d07a3198-ccbe-5200-8c72-825d740d0d12,True,True
66af4ec3-aa5d-5ac1-97c2-27ef7319a318,b5276b72-fea0-541b-91cb-a50d719e1bba,d07a3198-ccbe-5200-8c72-825d740d0d12,True,True
66af4ec3-aa5d-5ac1-97c2-27ef7319a318,2d8bb7ef-9403-5fd1-9afd-5c6d97e8a8f8,d07a3198-ccbe-5200-8c72-825d740d0d12,True,True
66af4ec3-aa5d-5ac1-97c2-27ef7319a318,2d691be1-dfa1-5afd-b0eb-74d9aabbdab2,d07a3198-ccbe-5200-8c72-825d740d0d12,True,True
66af4ec3-aa5d-5ac1-97c2-27ef7319a318,58f0895c-6fe7-54d3-8d1b-a1a171a0f532,d07a3198-ccbe-5200-8c72-825d740d0d12,True,True
66af4ec3-aa5d-5ac1-97c2-27ef7319a318,321caf34-88a9-5664-87ca-54c43f0858e4,d07a3198-ccbe-5200-8c72-825d740d0d12,True,True
66af4ec3-aa5d-5ac1-97c2-27ef7319a318,a4a35950-e2ab-58ee-9632-952660ced7ab,d07a3198-ccbe-5200-8c72-825d740d0d12,True,True
66af4ec3-aa5d-5ac1-97c2-27ef7319a318,2da3d48d-c99e-5e3a-9d00-92f19505e241,d07a3198-ccbe-5200-8c72-825d740d0d12,True,True
66af4ec3-aa5d-5ac1-97c2-27ef7319a318,dfd05c9f-8c86-54e2-8a54-1e031285b669,d07a3198-ccbe-5200-8c72-825d740d0d12,True,True
66af4ec3-aa5d-5ac1-97c2-27ef7319a318,7bcf81f4-987b-5294-a1ca-ec649bda9ad9,d07a3198-ccbe-5200-8c72-825d740d0d12,True,True
66af4ec3-aa5d-5ac1-97c2-27ef7319a318,0bbe604b-db56-50ad-bbaa-370f50dd3cc0,d07a3198-ccbe-5200-8c72-825d740d0d12,True,True
66af4ec3-aa5d-5ac1-97c2-27ef7319a318,7bc4996e-2ef6-5f8e-a218-2b0915837953,d07a3198-ccbe-5200-8c72-825d740d0d12,True,True
66af4ec3-aa5d-5ac1-97c2-27ef7319a318,544e744d-150a-5295-8419-70cd8c0f95f4,d07a3198-ccbe-5200-8c72-825d740d0d12,True,True
66af4ec3-aa5d-5ac1-97c2-27ef7319a318,1721e2d8-73aa-5618-8a6a-56c283b8ea26,d07a3198-ccbe-5200-8c72-825d740d0d12,True,True
66af4ec3-aa5d-5ac1-97c2-27ef7319a318,e311b937-fa1e-59a9-9b58-3c637b309a24,d07a3198-ccbe-5200-8c72-825d740d0d12,True,True
66af4ec3-aa5d-5ac1-97c2-27ef7319a318,e39003e5-e64c-5536-9f5e-432e8bec1e7e,d07a3198-ccbe-5200-8c72-825d740d0d12,True,True
66af4ec3-aa5d-5ac1-97c2-27ef7319a318,24003451-2f08-5475-b67e-8815f4de35df,d07a3198-ccbe-5200-8c72-825d740d0d12,True,True
66af4ec3-aa5d-5ac1-97c2-27ef7319a318,f22f6efa-03b7-53a8-a021-2dc7804668bd,d07a3198-ccbe-5200-8c72-825d740d0d12,True,True
66af4ec3-aa5d-5ac1-97c2-27ef7319a318,f479781b-8035-5462-bf75-2b0d3b4edc97,d07a3198-ccbe-5200-8c72-825d740d0d12,True,True
66af4ec3-aa5d-5ac1-97c2-27ef7319a318,cc503504-f487-548d-a9c8-54067723861c,d07a3198-ccbe-5200-8c72-825d740d0d12,True,True
66af4ec3-aa5d-5ac1-97c2-27ef7319a318,6fb4afab-db18-5750-8d2d-eb27b8a4ef1b,d07a3198-ccbe-5200-8c72-825d740d0d12,True,True
66af4ec3-aa5d-5ac1-97c2-27ef7319a318,b1c56c22-73aa-5e40-9a50-6abf2afd3585,d07a3198-ccbe-5200-8c72-825d740d0d12,True,True
66af4ec3-aa5d-5ac1-97c2-27ef7319a318,95a927ce-6479-50af-84cd-dac7b0434ded,d07a3198-ccbe-5200-8c72-825d740d0d12,True,True
66af4ec3-aa5d-5ac1-97c2-27ef7319a318,2998a262-69da-55b4-b1e9-2116cbebf276,d07a3198-ccbe-5200-8c72-825d740d0d12,True,True
66af4ec3-aa5d-5ac1-97c2-27ef7319a318,45c33f75-a372-53eb-a37b-9df03992fb07,d07a3198-ccbe-5200-8c72-825d740d0d12,True,True
66af4ec3-aa5d-5ac1-97c2-27ef7319a318,e3f5c095-de97-59fd-9370-85b05e55a8c3,d07a3198-ccbe-5200-8c72-825d740d0d12,True,True
66af4ec3-aa5d-5ac1-97c2-27ef7319a318,9ef2c1a4-b40a-5bf6-9eb3-1064d6d532d4,d07a3198-ccbe-5200-8c72-825d740d0d12,True,True
66af4ec3-aa5d-5ac1-97c2-27ef7319a318,c962e69a-e2e9-5db7-9c40-754078a83ba8,d07a3198-ccbe-5200-8c72-825d740d0d12,True,True
66af4ec3-aa5d-5ac1-97c2-27ef7319a318,81c9e0c7-78ff-5e6c-8b98-321e23efb0fc,d07a3198-ccbe-5200-8c72-825d740d0d12,True,True
66af4ec3-aa5d-5ac1-97c2-27ef7319a318,aa76c051-0690-58a9-8784-6e01808bdc74,d07a3198-ccbe-5200-8c72-825d740d0d12,True,True
66af4ec3-aa5d-5ac1-97c2-27ef7319a318,f92ec020-8e69-5a90-b6d1-2c4b24ebfb17,d07a3198-ccbe-5200-8c72-825d740d0d12,True,True
66af4ec3-aa5d-5ac1-97c2-27ef7319a318,5f3c8ec2-b005-5b26-a7ce-9f505defc203,d07a3198-ccbe-5200-8c72-825d740d0d12,True,True
66af4ec3-aa5d-5ac1-97c2-27ef7319a318,05d69661-6de4-5933-b172-04c3601fca01,d07a3198-ccbe-5200-8c72-825d740d0d12,True,True
66af4ec3-aa5d-5ac1-97c2-27ef7319a318,82cf0c77-9693-5975-b88b-b2d643b4eaeb,d07a3198-ccbe-5200-8c72-825d740d0d12,True,True
66af4ec3-aa5d-5ac1-97c2-27ef7319a318,4783abde-d9fc-561c-b588-baa2806798ac,d07a3198-ccbe-5200-8c72-825d740d0d12,True,True
66af4ec3-aa5d-5ac1-97c2-27ef7319a318,b8be25c8-c5c8-5ce3-9bf9-6bbc4629d9e9,d07a3198-ccbe-5200-8c72-825d740d0d12,True,True
66af4ec3-aa5d-5ac1-97c2-27ef7319a318,24bbdbe3-7467-50fe-9384-213f791a4b89,d07a3198-ccbe-5200-8c72-825d740d0d12,True,True
66af4ec3-aa5d-5ac1-97c2-27ef7319a318,4dc2cc3d-c2d5-5e17-9c4f-26403a30bf7b,d07a3198-ccbe-5200-8c72-825d740d0d12,True,True
66af4ec3-aa5d-5ac1-97c2-27ef7319a318,1e9a5e32-fa0a-553b-adae-b5aae9128437,d07a3198-ccbe-5200-8c72-825d740d0d12,True,True
66af4ec3-aa5d-5ac1-97c2-27ef7319a318,ab7ce5ed-7c2a-5da5-85c7-757740afc552,d07a3198-ccbe-5200-8c72-825d740d0d12,True,True
66af4ec3-aa5d-5ac1-97c2-27ef7319a318,f3ce9f64-c55d-5737-8d3f-8888a6384ec2,d07a3198-ccbe-5200-8c72-825d740d0d12,True,True
66af4ec3-aa5d-5ac1-97c2-27ef7319a318,a5755e59-a2cf-518b-8c69-9887ab6e0d04,d07a3198-ccbe-5200-8c72-825d740d0d12,True,True
66af4ec3-aa5d-5ac1-97c2-27ef7319a318,a1202cca-95e3-5e7a-9850-85258950330e,d07a3198-ccbe-5200-8c72-825d740d0d12,True,True
66af4ec3-aa5d-5ac1-97c2-27ef7319a318,42078b1e-35f4-5f49-bd77-fa3b70c41671,d07a3198-ccbe-5200-8c72-825d740d0d12,True,True
66af4ec3-aa5d-5ac1-97c2-27ef7319a318,245a5413-d514-595d-997e-a63c4c7ffb5f,d07a3198-ccbe-5200-8c72-825d740d0d12,True,True
66af4ec3-aa5d-5ac1-97c2-27ef7319a318,460ef12d-7598-545f-af7f-ea880f447c33,d07a3198-ccbe-5200-8c72-825d740d0d12,True,True
66af4ec3-aa5d-5ac1-97c2-27ef7319a318,ed0c460e-7074-52e3-a0e4-ca9bd1abfcdf,d07a3198-ccbe-5200-8c72-825d740d0d12,True,True
66af4ec3-aa5d-5ac1-97c2-27ef7319a318,fe059e61-4a8a-5e3b-b18e-74a3d7ebc15c,d07a3198-ccbe-5200-8c72-825d740d0d12,True,True
66af4ec3-aa5d-5ac1-97c2-27ef7319a318,f789e660-f9de-5cd7-afb9-c44c54b70184,d07a3198-ccbe-5200-8c72-825d740d0d12,True,True
66af4ec3-aa5d-5ac1-97c2-27ef7319a318,0b3e1486-90f7-5c64-aeb8-fb5c890ffa3c,d07a3198-ccbe-5200-8c72-825d740d0d12,True,True
66af4ec3-aa5d-5ac1-97c2-27ef7319a318,ab494705-ff92-5c4f-959c-4a08424e0ea0,d07a3198-ccbe-5200-8c72-825d740d0d12,True,True
66af4ec3-aa5d-5ac1-97c2-27ef7319a318,4fe75178-a304-54a5-980f-bdf7c2ce4c3c,d07a3198-ccbe-5200-8c72-825d740d0d12,True,True
66af4ec3-aa5d-5ac1-97c2-27ef7319a318,61418ff0-518a-5e3d-8f04-2224a9206f65,d07a3198-ccbe-5200-8c72-825d740d0d12,True,True
66af4ec3-aa5d-5ac1-97c2-27ef7319a318,33009fd5-89d7-5f56-a5bc-b2613d4ce565,d07a3198-ccbe-5200-8c72-825d740d0d12,True,True
66af4ec3-aa5d-5ac1-97c2-27ef7319a318,2651d272-97cd-5646-b82a-fd3cf6d929e8,d07a3198-ccbe-5200-8c72-825d740d0d12,True,True
66af4ec3-aa5d-5ac1-97c2-27ef7319a318,72815c1b-01b9-5390-948a-e57bf7f62c16,d07a3198-ccbe-5200-8c72-825d740d0d12,True,True
66af4ec3-aa5d-5ac1-97c2-27ef7319a318,23f7571d-10fd-5529-96b3-1bac702261c2,d07a3198-ccbe-5200-8c72-825d740d0d12,True,True
66af4ec3-aa5d-5ac1-97c2-27ef7319a318,6d28d490-ad9d-5d9d-9694-682dd27a1095,d07a3198-ccbe-5200-8c72-825d740d0d12,True,True
66af4ec3-aa5d-5ac1-97c2-27ef7319a318,3bdfc1f5-76b5-5703-82da-d2d3f6395f40,d07a3198-ccbe-5200-8c72-825d740d0d12,True,True
66af4ec3-aa5d-5ac1-97c2-27ef7319a318,bbb9774d-a104-5820-8e6e-c7f38579f9ab,d07a3198-ccbe-5200-8c72-825d740d0d12,True,True
66af4ec3-aa5d-5ac1-97c2-27ef7319a318,780c4b77-9b4f-5bf1-be4d-41421e9d2046,d07a3198-ccbe-5200-8c72-825d740d0d12,True,True
66af4ec3-aa5d-5ac1-97c2-27ef7319a318,fa19aada-30b0-5123-8948-53ef7e557662,d07a3198-ccbe-5200-8c72-825d740d0d12,True,True
66af4ec3-aa5d-5ac1-97c2-27ef7319a318,ef199435-04db-5502-a74a-bae5bab682a2,d07a3198-ccbe-5200-8c72-825d740d0d12,True,True
66af4ec3-aa5d-5ac1-97c2-27ef7319a318,7cec9f39-c836-5f81-a419-8639b3418d5b,d07a3198-ccbe-5200-8c72-825d740d0d12,True,True
66af4ec3-aa5d-5ac1-97c2-27ef7319a318,9f23c1bf-1cc3-5f84-8231-ead3a7772823,d07a3198-ccbe-5200-8c72-825d740d0d12,True,True
66af4ec3-aa5d-5ac1-97c2-27ef7319a318,fe91e94a-ac2a-5bbb-b9c2-e27a3c76a2d6,d07a3198-ccbe-5200-8c72-825d740d0d12,True,True
66af4ec3-aa5d-5ac1-97c2-27ef7319a318,b3996a45-55cc-5374-ab99-68ad6fbd5789,d07a3198-ccbe-5200-8c72-825d740d0d12,True,True
66af4ec3-aa5d-5ac1-97c2-27ef7319a318,cd17f722-2f9f-5e33-8edd-07260a7a360a,d07a3198-ccbe-5200-8c72-825d740d0d12,True,True
66af4ec3-aa5d-5ac1-97c2-27ef7319a318,03abb264-61da-54d2-a382-a09372189b62,d07a3198-ccbe-5200-8c72-825d740d0d12,True,True
66af4ec3-aa5d-5ac1-97c2-27ef7319a318,8cf11f57-02a6-5cf9-ab36-14b4db632ac6,d07a3198-ccbe-5200-8c72-825d740d0d12,True,True
66af4ec3-aa5d-5ac1-97c2-27ef7319a318,477695dd-fffd-508b-b5eb-18e93b9c55f3,d07a3198-ccbe-5200-8c72-825d740d0d12,True,True
66af4ec3-aa5d-5ac1-97c2-27ef7319a318,84c22d6b-94a4-555f-8109-4694716aaccc,d07a3198-ccbe-5200-8c72-825d740d0d12,True,True
66af4ec3-aa5d-5ac1-97c2-27ef7319a318,86bceb4b-b1c0-507e-9cb1-0dabb1307160,d07a3198-ccbe-5200-8c72-825d740d0d12,True,True
66af4ec3-aa5d-5ac1-97c2-27ef7319a318,4d1428d3-7351-500b-aa9d-5ff1690c3702,d07a3198-ccbe-5200-8c72-825d740d0d12,True,True
66af4ec3-aa5d-5ac1-97c2-27ef7319a318,7b7332fa-cd2b-5ac5-8430-0cee5ce96c15,d07a3198-ccbe-5200-8c72-825d740d0d12,True,True
66af4ec3-aa5d-5ac1-97c2-27ef7319a318,8c0ebf21-5ed6-51a4-8678-b5ee6da81618,d07a3198-ccbe-5200-8c72-825d740d0d12,True,True
66af4ec3-aa5d-5ac1-97c2-27ef7319a318,84a08d16-9b4a-5bb1-ae2d-9edabab7b3bd,d07a3198-ccbe-5200-8c72-825d740d0d12,True,True
66af4ec3-aa5d-5ac1-97c2-27ef7319a318,1bf5a627-addb-569f-a874-7add3bee6358,d07a3198-ccbe-5200-8c72-825d740d0d12,True,True
66af4ec3-aa5d-5ac1-97c2-27ef7319a318,0ff6aff6-8e48-551c-bcdd-bda11ba24451,d07a3198-ccbe-5200-8c72-825d740d0d12,True,True
66af4ec3-aa5d-5ac1-97c2-27ef7319a318,157f34f4-3f6b-5db6-be79-10b6bac37fc4,d07a3198-ccbe-5200-8c72-825d740d0d12,True,True
66af4ec3-aa5d-5ac1-97c2-27ef7319a318,4893922e-76c7-56ad-99ad-4e1243e0a680,d07a3198-ccbe-5200-8c72-825d740d0d12,True,True
66af4ec3-aa5d-5ac1-97c2-27ef7319a318,fdd4e2de-dbd7-5b95-a36b-8243d7219320,d07a3198-ccbe-5200-8c72-825d740d0d12,True,True
66af4ec3-aa5d-5ac1-97c2-27ef7319a318,8914ec50-16ef-58f1-81bb-d4861193f66f,d07a3198-ccbe-5200-8c72-825d740d0d12,True,True
66af4ec3-aa5d-5ac1-97c2-27ef7319a318,c930dfcf-8334-5c41-b6ff-85ba34459de7,d07a3198-ccbe-5200-8c72-825d740d0d12,True,True
66af4ec3-aa5d-5ac1-97c2-27ef7319a318,03d10e64-0e89-540f-8439-249dfd637c93,d07a3198-ccbe-5200-8c72-825d740d0d12,True,True
66af4ec3-aa5d-5ac1-97c2-27ef7319a318,1988f01a-efb9-57a8-baf5-4d477381ee0a,d07a3198-ccbe-5200-8c72-825d740d0d12,True,True
66af4ec3-aa5d-5ac1-97c2-27ef7319a318,b2e45931-8e12-570e-9e02-d8dad7b42412,d07a3198-ccbe-5200-8c72-825d740d0d12,True,True
66af4ec3-aa5d-5ac1-97c2-27ef7319a318,81c54f70-9184-5b73-ac05-6c92d3f239e0,d07a3198-ccbe-5200-8c72-825d740d0d12,True,True
66af4ec3-aa5d-5ac1-97c2-27ef7319a318,018f90ba-9895-5520-af9d-0f57e1e4f925,d07a3198-ccbe-5200-8c72-825d740d0d12,True,True
66af4ec3-aa5d-5ac1-97c2-27ef7319a318,b8c62cbd-5b90-506f-b256-89dc881c44ff,d07a3198-ccbe-5200-8c72-825d740d0d12,True,True
66af4ec3-aa5d-5ac1-97c2-27ef7319a318,69304139-afa2-5845-b0df-ba5e80c70842,d07a3198-ccbe-5200-8c72-825d740d0d12,True,True
66af4ec3-aa5d-5ac1-97c2-27ef7319a318,4c6b90f9-5727-51b7-b686-82b18801b817,d07a3198-ccbe-5200-8c72-825d740d0d12,True,True
66af4ec3-aa5d-5ac1-97c2-27ef7319a318,7ffa0965-3f62-5ce0-a30f-48f651e26505,d07a3198-ccbe-5200-8c72-825d740d0d12,True,True
66af4ec3-aa5d-5ac1-97c2-27ef7319a318,858d3164-7cb3-5765-b81b-d21320476b49,d07a3198-ccbe-5200-8c72-825d740d0d12,True,True
66af4ec3-aa5d-5ac1-97c2-27ef7319a318,e666de8d-fed0-5582-83cb-54eed2fd029e,d07a3198-ccbe-5200-8c72-825d740d0d12,True,True
66af4ec3-aa5d-5ac1-97c2-27ef7319a318,67895c3d-32e3-5fa1-bf3f-596d106dd3e3,d07a3198-ccbe-5200-8c72-825d740d0d12,True,True
66af4ec3-aa5d-5ac1-97c2-27ef7319a318,3cf84768-421a-597d-a787-2d0e223d7228,d07a3198-ccbe-5200-8c72-825d740d0d12,True,True
66af4ec3-aa5d-5ac1-97c2-27ef7319a318,b26e3134-a7d4-53dd-bdfb-dc137e32b865,d07a3198-ccbe-5200-8c72-825d740d0d12,True,True
66af4ec3-aa5d-5ac1-97c2-27ef7319a318,33205107-c0a8-5e4a-9126-b0302ca5dafb,d07a3198-ccbe-5200-8c72-825d740d0d12,True,True
66af4ec3-aa5d-5ac1-97c2-27ef7319a318,f14b389f-b7e5-5b65-a402-8af7bab6e367,d07a3198-ccbe-5200-8c72-825d740d0d12,True,True
66af4ec3-aa5d-5ac1-97c2-27ef7319a318,8dcccaa9-813b-5e8a-b9f9-2296546b9640,d07a3198-ccbe-5200-8c72-825d740d0d12,True,True
66af4ec3-aa5d-5ac1-97c2-27ef7319a318,0904a378-d2f8-53d5-9e53-50a0fca59cde,d07a3198-ccbe-5200-8c72-825d740d0d12,True,True
66af4ec3-aa5d-5ac1-97c2-27ef7319a318,defe9e5d-b6b6-5a0c-9ee9-f45bb29233eb,d07a3198-ccbe-5200-8c72-825d740d0d12,True,True
66af4ec3-aa5d-5ac1-97c2-27ef7319a318,73421b09-71e7-5aa2-b651-a11cba2a8f4e,d07a3198-ccbe-5200-8c72-825d740d0d12,True,True
66af4ec3-aa5d-5ac1-97c2-27ef7319a318,3e593ad4-a2e9-5dbf-8c40-7b8748a0438b,d07a3198-ccbe-5200-8c72-825d740d0d12,True,True
66af4ec3-aa5d-5ac1-97c2-27ef7319a318,832c04be-31f3-56e2-aa37-1b4fa96b3eb8,d07a3198-ccbe-5200-8c72-825d740d0d12,True,True
66af4ec3-aa5d-5ac1-97c2-27ef7319a318,ee80c7d1-f17a-5eb9-911d-85876ef45d88,d07a3198-ccbe-5200-8c72-825d740d0d12,True,True
66af4ec3-aa5d-5ac1-97c2-27ef7319a318,08f52464-89c1-56b8-85aa-da574f0edd59,d07a3198-ccbe-5200-8c72-825d740d0d12,True,True
66af4ec3-aa5d-5ac1-97c2-27ef7319a318,7829be48-43d7-5a42-a423-cfbdf1b1c639,d07a3198-ccbe-5200-8c72-825d740d0d12,True,True
66af4ec3-aa5d-5ac1-97c2-27ef7319a318,655eea7b-08f7-53f7-b3ab-7ab2dbd2e99b,d07a3198-ccbe-5200-8c72-825d740d0d12,True,True
66af4ec3-aa5d-5ac1-97c2-27ef7319a318,887f491c-c6a0-5d67-b43b-8c71b1fee6f5,d07a3198-ccbe-5200-8c72-825d740d0d12,True,True
66af4ec3-aa5d-5ac1-97c2-27ef7319a318,e5a5de55-c845-513f-9d92-bc8a20c6f858,d07a3198-ccbe-5200-8c72-825d740d0d12,True,True
66af4ec3-aa5d-5ac1-97c2-27ef7319a318,9db2e438-bbf1-5999-b822-a17a557e0abc,d07a3198-ccbe-5200-8c72-825d740d0d12,True,True
66af4ec3-aa5d-5ac1-97c2-27ef7319a318,32d64610-efc6-50e2-ae22-61519f31cecf,d07a3198-ccbe-5200-8c72-825d740d0d12,True,True
66af4ec3-aa5d-5ac1-97c2-27ef7319a318,71c72d48-bf74-5e25-aee2-73ab0819e41a,d07a3198-ccbe-5200-8c72-825d740d0d12,True,True
66af4ec3-aa5d-5ac1-97c2-27ef7319a318,c20f5534-fe66-511b-ac2b-80301b145b3a,d07a3198-ccbe-5200-8c72-825d740d0d12,True,True
66af4ec3-aa5d-5ac1-97c2-27ef7319a318,da6fc4c4-3daa-53a9-a034-63c28a7cb50e,d07a3198-ccbe-5200-8c72-825d740d0d12,True,True
66af4ec3-aa5d-5ac1-97c2-27ef7319a318,c032d22a-1e75-5c24-a886-ca176b7602fc,d07a3198-ccbe-5200-8c72-825d740d0d12,True,True
66af4ec3-aa5d-5ac1-97c2-27ef7319a318,59f51923-179b-593a-81f8-1ceefe0645d9,d07a3198-ccbe-5200-8c72-825d740d0d12,True,True
66af4ec3-aa5d-5ac1-97c2-27ef7319a318,939a5c40-6c4c-5368-9e40-570976ca5efa,d07a3198-ccbe-5200-8c72-825d740d0d12,True,True
66af4ec3-aa5d-5ac1-97c2-27ef7319a318,32cbc64c-5e06-579c-b38b-53a5e21d4d2c,d07a3198-ccbe-5200-8c72-825d740d0d12,True,True
66af4ec3-aa5d-5ac1-97c2-27ef7319a318,d41d3e71-d9ae-5d1a-843d-2fa85f39b779,d07a3198-ccbe-5200-8c72-825d740d0d12,True,True
66af4ec3-aa5d-5ac1-97c2-27ef7319a318,fedce8a2-7c05-56bd-9068-c4fc5f855e5a,d07a3198-ccbe-5200-8c72-825d740d0d12,True,True
66af4ec3-aa5d-5ac1-97c2-27ef7319a318,0fe0aad4-11d1-503c-8ede-4ccbad0e9ebf,d07a3198-ccbe-5200-8c72-825d740d0d12,True,True
66af4ec3-aa5d-5ac1-97c2-27ef7319a318,9be735aa-b544-50fa-a4c0-5e14c7ba0ae1,d07a3198-ccbe-5200-8c72-825d740d0d12,True,True
66af4ec3-aa5d-5ac1-97c2-27ef7319a318,b24adeb6-5ed9-53a0-9d1a-4b54a2e6ab77,d07a3198-ccbe-5200-8c72-825d740d0d12,True,True
66af4ec3-aa5d-5ac1-97c2-27ef7319a318,1852fd64-3efe-58a2-a873-76c537ee946c,d07a3198-ccbe-5200-8c72-825d740d0d12,True,True
66af4ec3-aa5d-5ac1-97c2-27ef7319a318,75ac91f5-67cd-52a8-975a-0eaa92879827,d07a3198-ccbe-5200-8c72-825d740d0d12,True,True
66af4ec3-aa5d-5ac1-97c2-27ef7319a318,552e018d-e745-5f96-a16f-dfffd34ea3fc,d07a3198-ccbe-5200-8c72-825d740d0d12,True,True
66af4ec3-aa5d-5ac1-97c2-27ef7319a318,bac506d0-1e53-582f-a69c-830661a08e4d,d07a3198-ccbe-5200-8c72-825d740d0d12,True,True
66af4ec3-aa5d-5ac1-97c2-27ef7319a318,d5161570-1b1a-5b51-8965-1ad765cea2f7,d07a3198-ccbe-5200-8c72-825d740d0d12,True,True
66af4ec3-aa5d-5ac1-97c2-27ef7319a318,7f08e8f7-a875-58c7-99a1-cd947fb26a2e,d07a3198-ccbe-5200-8c72-825d740d0d12,True,True
66af4ec3-aa5d-5ac1-97c2-27ef7319a318,fbb4c65b-1c57-5d12-a99f-396b2a9a0e07,d07a3198-ccbe-5200-8c72-825d740d0d12,True,True
66af4ec3-aa5d-5ac1-97c2-27ef7319a318,9c7d0fc3-4ad7-50a1-8104-d2e96d40e86f,d07a3198-ccbe-5200-8c72-825d740d0d12,True,True
66af4ec3-aa5d-5ac1-97c2-27ef7319a318,09810af9-27ca-50de-8bcd-8b5b01f8080b,d07a3198-ccbe-5200-8c72-825d740d0d12,True,True
66af4ec3-aa5d-5ac1-97c2-27ef7319a318,409cbef6-29f6-5923-8800-f6594a4a21b2,d07a3198-ccbe-5200-8c72-825d740d0d12,True,True
66af4ec3-aa5d-5ac1-97c2-27ef7319a318,ff613065-f938-5e9b-a75f-994d12e95e38,d07a3198-ccbe-5200-8c72-825d740d0d12,True,True
66af4ec3-aa5d-5ac1-97c2-27ef7319a318,4f1f1614-2f87-5fb6-b881-eaade4dcb74e,d07a3198-ccbe-5200-8c72-825d740d0d12,True,True
66af4ec3-aa5d-5ac1-97c2-27ef7319a318,d14993a0-eb6b-58db-95d7-5646ce5a3fff,d07a3198-ccbe-5200-8c72-825d740d0d12,True,True
66af4ec3-aa5d-5ac1-97c2-27ef7319a318,0ef733d7-f8e4-58f9-b6d9-34a0885d3946,d07a3198-ccbe-5200-8c72-825d740d0d12,True,True
66af4ec3-aa5d-5ac1-97c2-27ef7319a318,57ea26bc-52c1-5565-af3e-55ae4b443d0b,d07a3198-ccbe-5200-8c72-825d740d0d12,True,True
66af4ec3-aa5d-5ac1-97c2-27ef7319a318,206e77f4-9aba-5b7e-8d8f-7730fd83261c,d07a3198-ccbe-5200-8c72-825d740d0d12,True,True
66af4ec3-aa5d-5ac1-97c2-27ef7319a318,81db67d2-7fe9-561b-9a21-51648745596f,d07a3198-ccbe-5200-8c72-825d740d0d12,True,True
66af4ec3-aa5d-5ac1-97c2-27ef7319a318,5e256129-2fb5-530c-9991-6d8ca73f08ba,d07a3198-ccbe-5200-8c72-825d740d0d12,True,True
66af4ec3-aa5d-5ac1-97c2-27ef7319a318,2da74af5-dcfb-5888-a74c-b3a73569a686,d07a3198-ccbe-5200-8c72-825d740d0d12,True,True
66af4ec3-aa5d-5ac1-97c2-27ef7319a318,39955754-9e05-58b2-b694-00325d18f37b,d07a3198-ccbe-5200-8c72-825d740d0d12,True,True
66af4ec3-aa5d-5ac1-97c2-27ef7319a318,d9df7dd2-9d94-5456-8b0e-994fb1cd56a6,d07a3198-ccbe-5200-8c72-825d740d0d12,True,True
66af4ec3-aa5d-5ac1-97c2-27ef7319a318,dba6ec35-f0b7-5ba5-b18f-8dc27fae2383,d07a3198-ccbe-5200-8c72-825d740d0d12,True,True
66af4ec3-aa5d-5ac1-97c2-27ef7319a318,932889da-7dac-57ff-8c02-e941a6189761,d07a3198-ccbe-5200-8c72-825d740d0d12,True,True
66af4ec3-aa5d-5ac1-97c2-27ef7319a318,0d738165-9d06-5ac8-940b-bd633ff3f474,d07a3198-ccbe-5200-8c72-825d740d0d12,True,True
66af4ec3-aa5d-5ac1-97c2-27ef7319a318,02289523-ffc7-512c-889b-41b3f16c63a3,d07a3198-ccbe-5200-8c72-825d740d0d12,True,True
66af4ec3-aa5d-5ac1-97c2-27ef7319a318,598214d8-5760-5d2d-a80d-3e41c6e255bc,d07a3198-ccbe-5200-8c72-825d740d0d12,True,True
66af4ec3-aa5d-5ac1-97c2-27ef7319a318,d4fbfd3d-f35e-509c-bfa5-6a0318791da3,d07a3198-ccbe-5200-8c72-825d740d0d12,True,True
66af4ec3-aa5d-5ac1-97c2-27ef7319a318,83932d61-fc06-57f1-8379-3a90a71eb5f4,d07a3198-ccbe-5200-8c72-825d740d0d12,True,True
66af4ec3-aa5d-5ac1-97c2-27ef7319a318,bcef12ed-ff43-5d98-931b-3bba38d73449,d07a3198-ccbe-5200-8c72-825d740d0d12,True,True
66af4ec3-aa5d-5ac1-97c2-27ef7319a318,dc98c2b0-479a-5cce-bb8f-1538266eae77,d07a3198-ccbe-5200-8c72-825d740d0d12,True,True
66af4ec3-aa5d-5ac1-97c2-27ef7319a318,dd9b0339-71b3-50a0-98d7-8e1f7b750114,d07a3198-ccbe-5200-8c72-825d740d0d12,True,True
66af4ec3-aa5d-5ac1-97c2-27ef7319a318,64070a65-9d27-54a8-b65b-3c5797a15015,d07a3198-ccbe-5200-8c72-825d740d0d12,True,True
66af4ec3-aa5d-5ac1-97c2-27ef7319a318,9ced00c6-f0db-536c-99db-b25e26ab7e78,d07a3198-ccbe-5200-8c72-825d740d0d12,True,True
66af4ec3-aa5d-5ac1-97c2-27ef7319a318,a8fe183d-aff1-5e01-87e1-0c17f8167fd4,d07a3198-ccbe-5200-8c72-825d740d0d12,True,True
66af4ec3-aa5d-5ac1-97c2-27ef7319a318,34b53ffc-014b-5707-bccf-94154f059aae,d07a3198-ccbe-5200-8c72-825d740d0d12,True,True
66af4ec3-aa5d-5ac1-97c2-27ef7319a318,3d1e69e0-b215-5479-81e6-a1e4790563f1,d07a3198-ccbe-5200-8c72-825d740d0d12,True,True
66af4ec3-aa5d-5ac1-97c2-27ef7319a318,98a67a25-1c1e-50aa-9393-f801c2c83d6b,d07a3198-ccbe-5200-8c72-825d740d0d12,True,True
66af4ec3-aa5d-5ac1-97c2-27ef7319a318,a58b7d71-9062-5355-ad3d-c4dabfd81b6e,d07a3198-ccbe-5200-8c72-825d740d0d12,True,True
66af4ec3-aa5d-5ac1-97c2-27ef7319a318,c4e44167-1965-506e-bd9e-7e0b9316bdcc,d07a3198-ccbe-5200-8c72-825d740d0d12,True,True
66af4ec3-aa5d-5ac1-97c2-27ef7319a318,222a72ee-edb9-5194-a16f-9b8618a28e1e,d07a3198-ccbe-5200-8c72-825d740d0d12,True,True
66af4ec3-aa5d-5ac1-97c2-27ef7319a318,dc04ed7e-eaa1-55d3-b64e-902ac9aee9bb,d07a3198-ccbe-5200-8c72-825d740d0d12,True,True
66af4ec3-aa5d-5ac1-97c2-27ef7319a318,7be495cb-e630-5481-901b-2c35667d5412,d07a3198-ccbe-5200-8c72-825d740d0d12,True,True
66af4ec3-aa5d-5ac1-97c2-27ef7319a318,7d6fd650-4949-51cd-914f-86538ba108a8,d07a3198-ccbe-5200-8c72-825d740d0d12,True,True
66af4ec3-aa5d-5ac1-97c2-27ef7319a318,7caf595a-aa19-5369-8a04-fd5e1bec2632,d07a3198-ccbe-5200-8c72-825d740d0d12,True,True
66af4ec3-aa5d-5ac1-97c2-27ef7319a318,d70f3d90-8f05-5987-b796-2301e8749207,d07a3198-ccbe-5200-8c72-825d740d0d12,True,True
66af4ec3-aa5d-5ac1-97c2-27ef7319a318,1c060f8b-3af0-517a-976d-e01b3d1eaa67,d07a3198-ccbe-5200-8c72-825d740d0d12,True,True
66af4ec3-aa5d-5ac1-97c2-27ef7319a318,fb8b8618-6774-58f8-8a86-8d3a1fb3b471,d07a3198-ccbe-5200-8c72-825d740d0d12,True,True
66af4ec3-aa5d-5ac1-97c2-27ef7319a318,f79080db-2c78-5147-8736-de5d171cad15,d07a3198-ccbe-5200-8c72-825d740d0d12,True,True
66af4ec3-aa5d-5ac1-97c2-27ef7319a318,1e334aaa-f384-530b-b651-4ad55b38b4fc,d07a3198-ccbe-5200-8c72-825d740d0d12,True,True
66af4ec3-aa5d-5ac1-97c2-27ef7319a318,b2b7af27-de50-591c-aa32-1e17cdc2d338,d07a3198-ccbe-5200-8c72-825d740d0d12,True,True
66af4ec3-aa5d-5ac1-97c2-27ef7319a318,9f3f7a20-951f-5b54-a260-ae02a79111f3,d07a3198-ccbe-5200-8c72-825d740d0d12,True,True
66af4ec3-aa5d-5ac1-97c2-27ef7319a318,880384d9-322c-5a6b-aba5-9d248a2e914b,d07a3198-ccbe-5200-8c72-825d740d0d12,True,True
66af4ec3-aa5d-5ac1-97c2-27ef7319a318,c9178be8-e3c0-528d-95af-28d263b22e79,d07a3198-ccbe-5200-8c72-825d740d0d12,True,True
66af4ec3-aa5d-5ac1-97c2-27ef7319a318,8089eaef-f7d0-5aa5-91c1-9ac2949d20d9,d07a3198-ccbe-5200-8c72-825d740d0d12,True,True
66af4ec3-aa5d-5ac1-97c2-27ef7319a318,467bb9b4-f5b6-5784-8292-154c158687d7,d07a3198-ccbe-5200-8c72-825d740d0d12,True,True
66af4ec3-aa5d-5ac1-97c2-27ef7319a318,cc5d3a90-f9d3-5de4-9d8b-946bd1b27973,d07a3198-ccbe-5200-8c72-825d740d0d12,True,True
66af4ec3-aa5d-5ac1-97c2-27ef7319a318,4b4b1ecc-2c67-50c5-8cad-8837e9eae584,d07a3198-ccbe-5200-8c72-825d740d0d12,True,True
66af4ec3-aa5d-5ac1-97c2-27ef7319a318,52491ce0-739a-59d5-8d2a-53d729c897b8,d07a3198-ccbe-5200-8c72-825d740d0d12,True,True
66af4ec3-aa5d-5ac1-97c2-27ef7319a318,17e00d1e-a167-5eea-978a-2b9b8e463ca2,d07a3198-ccbe-5200-8c72-825d740d0d12,True,True
66af4ec3-aa5d-5ac1-97c2-27ef7319a318,a33cabfd-325c-5227-a006-777546b21d1d,d07a3198-ccbe-5200-8c72-825d740d0d12,True,True
66af4ec3-aa5d-5ac1-97c2-27ef7319a318,9982c6f5-9659-5d92-afaf-9ee3f28f94a2,d07a3198-ccbe-5200-8c72-825d740d0d12,True,True
66af4ec3-aa5d-5ac1-97c2-27ef7319a318,07e17ae1-54a8-500b-8be0-5aaace9f9996,d07a3198-ccbe-5200-8c72-825d740d0d12,True,True
66af4ec3-aa5d-5ac1-97c2-27ef7319a318,83f6998d-9b9c-5916-a44b-e2ef6d996a83,d07a3198-ccbe-5200-8c72-825d740d0d12,True,True
66af4ec3-aa5d-5ac1-97c2-27ef7319a318,330ef8e0-4773-566e-acde-89d475e82c11,d07a3198-ccbe-5200-8c72-825d740d0d12,True,True
66af4ec3-aa5d-5ac1-97c2-27ef7319a318,fd475379-a4bb-5b2c-b421-75efb24bd07d,d07a3198-ccbe-5200-8c72-825d740d0d12,True,True
66af4ec3-aa5d-5ac1-97c2-27ef7319a318,976ffb11-3cec-5809-bc51-64fd8f0e610d,d07a3198-ccbe-5200-8c72-825d740d0d12,True,True
66af4ec3-aa5d-5ac1-97c2-27ef7319a318,0cc3ee80-bbd7-5047-a5c7-d92f65cc7974,d07a3198-ccbe-5200-8c72-825d740d0d12,True,True
66af4ec3-aa5d-5ac1-97c2-27ef7319a318,ecd4468a-8a05-540d-8e3d-2b1ed9f75d44,d07a3198-ccbe-5200-8c72-825d740d0d12,True,True
66af4ec3-aa5d-5ac1-97c2-27ef7319a318,5e097483-ac02-5e10-bebf-aeaeee3667c1,d07a3198-ccbe-5200-8c72-825d740d0d12,True,True
66af4ec3-aa5d-5ac1-97c2-27ef7319a318,9b46c5d6-2260-5467-ab8d-6127fc9a55e3,d07a3198-ccbe-5200-8c72-825d740d0d12,True,True
66af4ec3-aa5d-5ac1-97c2-27ef7319a318,2249873f-edee-5b34-949f-4695325ee630,d07a3198-ccbe-5200-8c72-825d740d0d12,True,True
66af4ec3-aa5d-5ac1-97c2-27ef7319a318,ba71b91c-f306-500f-9643-c134fc55dcf5,d07a3198-ccbe-5200-8c72-825d740d0d12,True,True
66af4ec3-aa5d-5ac1-97c2-27ef7319a318,9b5fa11c-e357-51ae-a9b9-30c6bfa69ac8,d07a3198-ccbe-5200-8c72-825d740d0d12,True,True
66af4ec3-aa5d-5ac1-97c2-27ef7319a318,ef94a85a-7ec0-5803-93b2-b68b14fda203,d07a3198-ccbe-5200-8c72-825d740d0d12,True,True
66af4ec3-aa5d-5ac1-97c2-27ef7319a318,46479fc8-844c-554d-97c6-917deb404320,d07a3198-ccbe-5200-8c72-825d740d0d12,True,True
66af4ec3-aa5d-5ac1-97c2-27ef7319a318,9071c8a1-103f-59e2-be38-4624854727ff,d07a3198-ccbe-5200-8c72-825d740d0d12,True,True
66af4ec3-aa5d-5ac1-97c2-27ef7319a318,9cf58f4e-b1a2-5463-855d-6a7136d69b7e,d07a3198-ccbe-5200-8c72-825d740d0d12,True,True
66af4ec3-aa5d-5ac1-97c2-27ef7319a318,654ec794-d7a3-54a1-8ba3-c3539103b4ef,d07a3198-ccbe-5200-8c72-825d740d0d12,True,True
66af4ec3-aa5d-5ac1-97c2-27ef7319a318,faca6f62-65ad-52b1-a3fd-36e904a0ca68,d07a3198-ccbe-5200-8c72-825d740d0d12,True,True
66af4ec3-aa5d-5ac1-97c2-27ef7319a318,2a4c6e09-cd64-53a0-a63a-1e2e9352ea8b,d07a3198-ccbe-5200-8c72-825d740d0d12,True,True
66af4ec3-aa5d-5ac1-97c2-27ef7319a318,f4a8658d-1bb1-50cf-9e69-cb8dc72daff0,d07a3198-ccbe-5200-8c72-825d740d0d12,True,True
66af4ec3-aa5d-5ac1-97c2-27ef7319a318,06b89af9-d6ed-5aff-b92d-d6fa03088897,d07a3198-ccbe-5200-8c72-825d740d0d12,True,True
66af4ec3-aa5d-5ac1-97c2-27ef7319a318,2436e77e-df7a-525b-bd78-ac7dedffb3f6,d07a3198-ccbe-5200-8c72-825d740d0d12,True,True
66af4ec3-aa5d-5ac1-97c2-27ef7319a318,3675ebb6-182e-52d1-96de-0eb4a3f58326,d07a3198-ccbe-5200-8c72-825d740d0d12,True,True
66af4ec3-aa5d-5ac1-97c2-27ef7319a318,f34a0861-c386-53d5-ad54-924144bda5e1,d07a3198-ccbe-5200-8c72-825d740d0d12,True,True
66af4ec3-aa5d-5ac1-97c2-27ef7319a318,96f4c1a3-30dd-526d-ad13-c9a8416c6df1,d07a3198-ccbe-5200-8c72-825d740d0d12,True,True
66af4ec3-aa5d-5ac1-97c2-27ef7319a318,6973c314-56e2-5909-b0a1-79aff777fbc6,d07a3198-ccbe-5200-8c72-825d740d0d12,True,True
66af4ec3-aa5d-5ac1-97c2-27ef7319a318,27118376-18c7-5a71-bf4a-f0a670a7cac8,d07a3198-ccbe-5200-8c72-825d740d0d12,True,True
66af4ec3-aa5d-5ac1-97c2-27ef7319a318,3157fb3a-2f5c-5ad7-825d-cb3b98951383,dd82bb6d-7946-5e45-8774-0341c93ac734,True,True
66af4ec3-aa5d-5ac1-97c2-27ef7319a318,bf917e42-976b-504e-a76a-b52849d11c30,dd82bb6d-7946-5e45-8774-0341c93ac734,True,True
66af4ec3-aa5d-5ac1-97c2-27ef7319a318,33b777e9-5289-55b6-8cdb-08b009ffe2a0,dd82bb6d-7946-5e45-8774-0341c93ac734,True,True
66af4ec3-aa5d-5ac1-97c2-27ef7319a318,7b444e26-6748-5abe-a9a2-3aa6edc6e107,dd82bb6d-7946-5e45-8774-0341c93ac734,True,True
66af4ec3-aa5d-5ac1-97c2-27ef7319a318,9d375dd9-3626-5494-8351-0a7176ec7375,dd82bb6d-7946-5e45-8774-0341c93ac734,True,True
66af4ec3-aa5d-5ac1-97c2-27ef7319a318,51af225b-c388-5ffe-bcd1-5bd2c4b69adf,dd82bb6d-7946-5e45-8774-0341c93ac734,True,True
66af4ec3-aa5d-5ac1-97c2-27ef7319a318,d11e475a-bfdc-5426-b610-a38f0e27fe5a,dd82bb6d-7946-5e45-8774-0341c93ac734,True,True
66af4ec3-aa5d-5ac1-97c2-27ef7319a318,644b1e85-3b9c-5cdc-af3d-4cdce53ae9dc,dd82bb6d-7946-5e45-8774-0341c93ac734,True,True
66af4ec3-aa5d-5ac1-97c2-27ef7319a318,6d03718c-6ca9-57f0-880d-958c12b37e50,dd82bb6d-7946-5e45-8774-0341c93ac734,True,True
66af4ec3-aa5d-5ac1-97c2-27ef7319a318,0303daca-f3cb-524d-b2ba-fcb473f727e9,dd82bb6d-7946-5e45-8774-0341c93ac734,True,True
66af4ec3-aa5d-5ac1-97c2-27ef7319a318,6189701a-95f1-5739-ba9c-623f65c46d4b,dd82bb6d-7946-5e45-8774-0341c93ac734,True,True
66af4ec3-aa5d-5ac1-97c2-27ef7319a318,8531306b-23f1-58d0-9721-ef546c9b6686,dd82bb6d-7946-5e45-8774-0341c93ac734,True,True
66af4ec3-aa5d-5ac1-97c2-27ef7319a318,574739f9-eacb-5975-ba15-c765113bb49b,dd82bb6d-7946-5e45-8774-0341c93ac734,True,True
66af4ec3-aa5d-5ac1-97c2-27ef7319a318,ac9e3b5c-1252-5db1-9c2f-1ca07c0f19bd,dd82bb6d-7946-5e45-8774-0341c93ac734,True,True
66af4ec3-aa5d-5ac1-97c2-27ef7319a318,8f33ce06-eabb-544f-868f-b5c7be1c0555,dd82bb6d-7946-5e45-8774-0341c93ac734,True,True
66af4ec3-aa5d-5ac1-97c2-27ef7319a318,f75e9474-211b-595a-adc5-51142a0505d1,dd82bb6d-7946-5e45-8774-0341c93ac734,True,True
66af4ec3-aa5d-5ac1-97c2-27ef7319a318,ec40c78c-f7f6-55ea-898f-2918bd0e33a5,dd82bb6d-7946-5e45-8774-0341c93ac734,True,True
66af4ec3-aa5d-5ac1-97c2-27ef7319a318,af4c4685-5d08-5b46-9fd1-5e5370b5d933,dd82bb6d-7946-5e45-8774-0341c93ac734,True,True
66af4ec3-aa5d-5ac1-97c2-27ef7319a318,b0b7ff61-a4a4-5c94-900b-d46e94c56e69,dd82bb6d-7946-5e45-8774-0341c93ac734,True,True
66af4ec3-aa5d-5ac1-97c2-27ef7319a318,6e175aef-fee2-5e4d-9fdd-44a784047b5b,dd82bb6d-7946-5e45-8774-0341c93ac734,True,True
66af4ec3-aa5d-5ac1-97c2-27ef7319a318,207c0ebc-997b-5266-bfbf-e1bb6b134f3d,dd82bb6d-7946-5e45-8774-0341c93ac734,True,True
66af4ec3-aa5d-5ac1-97c2-27ef7319a318,dbd209ed-4340-5f00-8584-7d103f9dd7d5,dd82bb6d-7946-5e45-8774-0341c93ac734,True,True
66af4ec3-aa5d-5ac1-97c2-27ef7319a318,0c731f6f-8e32-583f-87ea-0c1aadec2d12,dd82bb6d-7946-5e45-8774-0341c93ac734,True,True
66af4ec3-aa5d-5ac1-97c2-27ef7319a318,09992620-b676-54fc-a502-5b09ddaf3e9c,dd82bb6d-7946-5e45-8774-0341c93ac734,True,True
66af4ec3-aa5d-5ac1-97c2-27ef7319a318,49a01734-fb60-5b43-89c5-4785cf1af6f2,dd82bb6d-7946-5e45-8774-0341c93ac734,True,True
66af4ec3-aa5d-5ac1-97c2-27ef7319a318,ef673899-ecaa-513a-9467-6892e79ec123,dd82bb6d-7946-5e45-8774-0341c93ac734,True,True
66af4ec3-aa5d-5ac1-97c2-27ef7319a318,27167649-e104-5bd2-a319-b6fd084e5a51,dd82bb6d-7946-5e45-8774-0341c93ac734,True,True
66af4ec3-aa5d-5ac1-97c2-27ef7319a318,f67daf48-1629-53ee-8c60-26f8ef0ea22f,dd82bb6d-7946-5e45-8774-0341c93ac734,True,True
66af4ec3-aa5d-5ac1-97c2-27ef7319a318,683bfe23-4924-5ed3-a910-993233660a10,dd82bb6d-7946-5e45-8774-0341c93ac734,True,True
66af4ec3-aa5d-5ac1-97c2-27ef7319a318,4b81b795-9cc7-5144-882c-3dd0f316d13e,dd82bb6d-7946-5e45-8774-0341c93ac734,True,True
66af4ec3-aa5d-5ac1-97c2-27ef7319a318,50624e47-919a-5579-a695-3268a4895585,dd82bb6d-7946-5e45-8774-0341c93ac734,True,True
66af4ec3-aa5d-5ac1-97c2-27ef7319a318,e796af03-e5bc-5a88-93cb-b5a79af0467a,dd82bb6d-7946-5e45-8774-0341c93ac734,True,True
66af4ec3-aa5d-5ac1-97c2-27ef7319a318,7fd9b78b-cecb-5905-8f2d-f95635e18ee9,dd82bb6d-7946-5e45-8774-0341c93ac734,True,True
66af4ec3-aa5d-5ac1-97c2-27ef7319a318,918ce077-a8d0-5669-acc6-19851214414d,dd82bb6d-7946-5e45-8774-0341c93ac734,True,True
66af4ec3-aa5d-5ac1-97c2-27ef7319a318,a17fb572-bb1f-5e37-b43f-df05e06a0a86,dd82bb6d-7946-5e45-8774-0341c93ac734,True,True
66af4ec3-aa5d-5ac1-97c2-27ef7319a318,d20b2848-71cd-50a8-af7a-b4b124c9c68e,dd82bb6d-7946-5e45-8774-0341c93ac734,True,True
66af4ec3-aa5d-5ac1-97c2-27ef7319a318,715529d9-88ce-5b9b-b8d6-4132205e5a91,dd82bb6d-7946-5e45-8774-0341c93ac734,True,True
66af4ec3-aa5d-5ac1-97c2-27ef7319a318,2560f540-1fd1-5c50-a76f-9a0129ff8a9a,dd82bb6d-7946-5e45-8774-0341c93ac734,True,True
66af4ec3-aa5d-5ac1-97c2-27ef7319a318,9fb52e77-cdeb-5a70-a84e-59cbd01824a7,dd82bb6d-7946-5e45-8774-0341c93ac734,True,True
66af4ec3-aa5d-5ac1-97c2-27ef7319a318,a6277424-22b8-5b70-ac34-08c06e851aa8,dd82bb6d-7946-5e45-8774-0341c93ac734,True,True
66af4ec3-aa5d-5ac1-97c2-27ef7319a318,a5a39eef-6802-5c8e-a9ca-3173700ed128,dd82bb6d-7946-5e45-8774-0341c93ac734,True,True
66af4ec3-aa5d-5ac1-97c2-27ef7319a318,12dd2ef0-2884-5436-a76f-8b598024e2d3,dd82bb6d-7946-5e45-8774-0341c93ac734,True,True
66af4ec3-aa5d-5ac1-97c2-27ef7319a318,a1ac99d8-4ce8-5a8c-b98b-4a847a4463d7,dd82bb6d-7946-5e45-8774-0341c93ac734,True,True
66af4ec3-aa5d-5ac1-97c2-27ef7319a318,1b0c8e7e-0788-5a52-8e8d-1d62bff8b461,dd82bb6d-7946-5e45-8774-0341c93ac734,True,True
66af4ec3-aa5d-5ac1-97c2-27ef7319a318,d954fda1-c357-5570-a059-c0f84fcc4e35,dd82bb6d-7946-5e45-8774-0341c93ac734,True,True
66af4ec3-aa5d-5ac1-97c2-27ef7319a318,fb31af56-0d36-537b-9698-768447e533af,dd82bb6d-7946-5e45-8774-0341c93ac734,True,True
66af4ec3-aa5d-5ac1-97c2-27ef7319a318,2e703536-ae21-54db-bb5b-cb0a9801800d,dd82bb6d-7946-5e45-8774-0341c93ac734,True,True
66af4ec3-aa5d-5ac1-97c2-27ef7319a318,ccce9431-518d-5365-b14a-56f3e0d073e8,dd82bb6d-7946-5e45-8774-0341c93ac734,True,True
66af4ec3-aa5d-5ac1-97c2-27ef7319a318,bce7cbff-4ba6-502c-b6ac-100643d21def,dd82bb6d-7946-5e45-8774-0341c93ac734,True,True
66af4ec3-aa5d-5ac1-97c2-27ef7319a318,5aaf73bd-9f60-5cad-a30f-e8de142405e1,dd82bb6d-7946-5e45-8774-0341c93ac734,True,True
66af4ec3-aa5d-5ac1-97c2-27ef7319a318,77d0fbf9-ae8e-50d5-a0b4-af6946581dc9,dd82bb6d-7946-5e45-8774-0341c93ac734,True,True
66af4ec3-aa5d-5ac1-97c2-27ef7319a318,d63360f8-2cc9-5e00-b77f-242fc2cea477,dd82bb6d-7946-5e45-8774-0341c93ac734,True,True
66af4ec3-aa5d-5ac1-97c2-27ef7319a318,cf660c2f-0b9d-5774-98ac-bab0984e9793,dd82bb6d-7946-5e45-8774-0341c93ac734,True,True
66af4ec3-aa5d-5ac1-97c2-27ef7319a318,a1dd9e62-a87c-5e0c-ab7d-abf22bb549b3,dd82bb6d-7946-5e45-8774-0341c93ac734,True,True
66af4ec3-aa5d-5ac1-97c2-27ef7319a318,368114fb-1063-5504-9c3e-a89f17ed7be0,dd82bb6d-7946-5e45-8774-0341c93ac734,True,True
66af4ec3-aa5d-5ac1-97c2-27ef7319a318,1b23ac04-65d1-58be-a2b1-632975812ea7,dd82bb6d-7946-5e45-8774-0341c93ac734,True,True
66af4ec3-aa5d-5ac1-97c2-27ef7319a318,951244ac-5dda-5801-86bb-138cf1ac1bd8,dd82bb6d-7946-5e45-8774-0341c93ac734,True,True
66af4ec3-aa5d-5ac1-97c2-27ef7319a318,8dee69ed-391f-5684-948d-3e4641c255fb,dd82bb6d-7946-5e45-8774-0341c93ac734,True,True
66af4ec3-aa5d-5ac1-97c2-27ef7319a318,bbddb59c-8f82-5120-9b71-b70f5e99d52e,dd82bb6d-7946-5e45-8774-0341c93ac734,True,True
66af4ec3-aa5d-5ac1-97c2-27ef7319a318,310ea25e-f670-5b06-9e3e-292342934db8,dd82bb6d-7946-5e45-8774-0341c93ac734,True,True
66af4ec3-aa5d-5ac1-97c2-27ef7319a318,f15263f0-a71d-5ff7-90a2-f05510a233b4,dd82bb6d-7946-5e45-8774-0341c93ac734,True,True
66af4ec3-aa5d-5ac1-97c2-27ef7319a318,f366ea13-b304-501b-b687-45928735a6b1,dd82bb6d-7946-5e45-8774-0341c93ac734,True,True
66af4ec3-aa5d-5ac1-97c2-27ef7319a318,12252405-f546-52bb-9d97-ad1d0f4a19a9,dd82bb6d-7946-5e45-8774-0341c93ac734,True,True
66af4ec3-aa5d-5ac1-97c2-27ef7319a318,c2011803-d950-55c9-adf6-801dc26c9368,dd82bb6d-7946-5e45-8774-0341c93ac734,True,True
66af4ec3-aa5d-5ac1-97c2-27ef7319a318,42e78283-d813-5892-8088-706b71c140fe,dd82bb6d-7946-5e45-8774-0341c93ac734,True,True
66af4ec3-aa5d-5ac1-97c2-27ef7319a318,0713ae70-fb22-5a80-9064-066323bfad2a,dd82bb6d-7946-5e45-8774-0341c93ac734,True,True
66af4ec3-aa5d-5ac1-97c2-27ef7319a318,cf1c364b-399b-5100-baa3-8d4a530a8d33,dd82bb6d-7946-5e45-8774-0341c93ac734,True,True
66af4ec3-aa5d-5ac1-97c2-27ef7319a318,2a09fe12-9440-56c5-b908-52ebac1bd33d,dd82bb6d-7946-5e45-8774-0341c93ac734,True,True
66af4ec3-aa5d-5ac1-97c2-27ef7319a318,6c7dafbc-2708-5a90-98f4-9bd4ea3d674c,dd82bb6d-7946-5e45-8774-0341c93ac734,True,True
66af4ec3-aa5d-5ac1-97c2-27ef7319a318,baa6f3f1-5111-5f53-8763-1d1a607080f6,dd82bb6d-7946-5e45-8774-0341c93ac734,True,True
66af4ec3-aa5d-5ac1-97c2-27ef7319a318,951c5bfb-cf51-5a14-829c-46846085558f,dd82bb6d-7946-5e45-8774-0341c93ac734,True,True
66af4ec3-aa5d-5ac1-97c2-27ef7319a318,a1cfb4d3-3e34-59f3-9e1b-d6c4cb20b637,dd82bb6d-7946-5e45-8774-0341c93ac734,True,True
66af4ec3-aa5d-5ac1-97c2-27ef7319a318,224647da-60f9-53c6-b497-103acc25a817,dd82bb6d-7946-5e45-8774-0341c93ac734,True,True
66af4ec3-aa5d-5ac1-97c2-27ef7319a318,cdc003a2-3286-52db-a81b-ae862e6ee075,dd82bb6d-7946-5e45-8774-0341c93ac734,True,True
66af4ec3-aa5d-5ac1-97c2-27ef7319a318,0c35bca6-8de6-5689-bb62-55a4394d639e,dd82bb6d-7946-5e45-8774-0341c93ac734,True,True
66af4ec3-aa5d-5ac1-97c2-27ef7319a318,6f9f36f5-4d8f-55e0-a51e-8a3df74cb3f5,dd82bb6d-7946-5e45-8774-0341c93ac734,True,True
66af4ec3-aa5d-5ac1-97c2-27ef7319a318,a2b14673-554d-5212-aede-cd799f838a46,dd82bb6d-7946-5e45-8774-0341c93ac734,True,True
66af4ec3-aa5d-5ac1-97c2-27ef7319a318,8b5e1150-8a83-5ce3-82fa-169e1ada9169,dd82bb6d-7946-5e45-8774-0341c93ac734,True,True
66af4ec3-aa5d-5ac1-97c2-27ef7319a318,51c6331e-b0b2-52c1-bcd0-d8870ad1753f,dd82bb6d-7946-5e45-8774-0341c93ac734,True,True
66af4ec3-aa5d-5ac1-97c2-27ef7319a318,43214316-319c-5cc5-88e5-1df12de55469,dd82bb6d-7946-5e45-8774-0341c93ac734,True,True
66af4ec3-aa5d-5ac1-97c2-27ef7319a318,9921dfd3-f4a9-5d35-b71c-35c2c8a46747,dd82bb6d-7946-5e45-8774-0341c93ac734,True,True
66af4ec3-aa5d-5ac1-97c2-27ef7319a318,08114b08-5276-5881-8b2a-022e41644d75,dd82bb6d-7946-5e45-8774-0341c93ac734,True,True
66af4ec3-aa5d-5ac1-97c2-27ef7319a318,d2b7e2bf-2f0b-5e97-8579-2c5362e0fe56,dd82bb6d-7946-5e45-8774-0341c93ac734,True,True
66af4ec3-aa5d-5ac1-97c2-27ef7319a318,4b31abad-7ce8-53c6-99f8-363b0af486d5,dd82bb6d-7946-5e45-8774-0341c93ac734,True,True
66af4ec3-aa5d-5ac1-97c2-27ef7319a318,c5ec4a2a-e321-5087-97b5-965e8b0db32b,dd82bb6d-7946-5e45-8774-0341c93ac734,True,True
66af4ec3-aa5d-5ac1-97c2-27ef7319a318,98ecb960-8153-5b8b-81e8-af75abf9c453,dd82bb6d-7946-5e45-8774-0341c93ac734,True,True
66af4ec3-aa5d-5ac1-97c2-27ef7319a318,cca287e5-f8aa-56dd-8b4a-3139b28febdd,dd82bb6d-7946-5e45-8774-0341c93ac734,True,True
66af4ec3-aa5d-5ac1-97c2-27ef7319a318,b79c6223-957c-5d50-8b3b-be828349d44c,dd82bb6d-7946-5e45-8774-0341c93ac734,True,True
66af4ec3-aa5d-5ac1-97c2-27ef7319a318,6a490c76-2829-5b3d-bfae-8dd8490635c8,dd82bb6d-7946-5e45-8774-0341c93ac734,True,True
66af4ec3-aa5d-5ac1-97c2-27ef7319a318,80fa457c-0234-5b8e-b126-1f3e9235b7ea,dd82bb6d-7946-5e45-8774-0341c93ac734,True,True
66af4ec3-aa5d-5ac1-97c2-27ef7319a318,cf6ae00c-281e-5a9c-af67-93862672ab72,dd82bb6d-7946-5e45-8774-0341c93ac734,True,True
66af4ec3-aa5d-5ac1-97c2-27ef7319a318,79056220-3fdc-51e3-9de7-26b5eb201aca,dd82bb6d-7946-5e45-8774-0341c93ac734,True,True
66af4ec3-aa5d-5ac1-97c2-27ef7319a318,72221148-bb49-52c3-80d5-dde260f95b89,dd82bb6d-7946-5e45-8774-0341c93ac734,True,True
66af4ec3-aa5d-5ac1-97c2-27ef7319a318,309a6a33-fa29-52e0-b40f-f4315c1abe50,dd82bb6d-7946-5e45-8774-0341c93ac734,True,True
66af4ec3-aa5d-5ac1-97c2-27ef7319a318,c9182ee7-9149-52b0-917a-74f339c827cb,dd82bb6d-7946-5e45-8774-0341c93ac734,True,True
66af4ec3-aa5d-5ac1-97c2-27ef7319a318,d94a4b56-6e69-5f19-8280-a1cbf8d2b5c4,dd82bb6d-7946-5e45-8774-0341c93ac734,True,True
66af4ec3-aa5d-5ac1-97c2-27ef7319a318,96439afe-0e1b-5a09-aeb3-06613f98caf9,dd82bb6d-7946-5e45-8774-0341c93ac734,True,True
66af4ec3-aa5d-5ac1-97c2-27ef7319a318,8288ccb2-ae5e-5f6a-9b47-d751746b3f43,dd82bb6d-7946-5e45-8774-0341c93ac734,True,True
66af4ec3-aa5d-5ac1-97c2-27ef7319a318,4c21f54a-a1d5-5840-9f29-bbd01f3e11de,dd82bb6d-7946-5e45-8774-0341c93ac734,True,True
66af4ec3-aa5d-5ac1-97c2-27ef7319a318,17c0380f-c9ea-58d5-9c21-6d388017d6e0,dd82bb6d-7946-5e45-8774-0341c93ac734,True,True
66af4ec3-aa5d-5ac1-97c2-27ef7319a318,232a9bd6-76d0-5952-8933-8372339254c0,dd82bb6d-7946-5e45-8774-0341c93ac734,True,True
66af4ec3-aa5d-5ac1-97c2-27ef7319a318,acc12ea5-ae88-5ff3-b8e7-32d0e57a4912,dd82bb6d-7946-5e45-8774-0341c93ac734,True,True
66af4ec3-aa5d-5ac1-97c2-27ef7319a318,df85f3ad-8eb2-5d2d-9e06-590d284d13f0,dd82bb6d-7946-5e45-8774-0341c93ac734,True,True
66af4ec3-aa5d-5ac1-97c2-27ef7319a318,c1cd2eb0-8107-5207-b89f-dedf163de9cd,dd82bb6d-7946-5e45-8774-0341c93ac734,True,True
66af4ec3-aa5d-5ac1-97c2-27ef7319a318,cd7754d8-f94b-5a28-9c4d-2767a92b428c,dd82bb6d-7946-5e45-8774-0341c93ac734,True,True
66af4ec3-aa5d-5ac1-97c2-27ef7319a318,96c45bee-6b3a-5a6a-9e2c-b9498969401e,dd82bb6d-7946-5e45-8774-0341c93ac734,True,True
66af4ec3-aa5d-5ac1-97c2-27ef7319a318,96d8dae7-53f0-5229-a295-59731437cd68,dd82bb6d-7946-5e45-8774-0341c93ac734,True,True
66af4ec3-aa5d-5ac1-97c2-27ef7319a318,168931fe-a375-5044-9ecc-fa6fb3195020,dd82bb6d-7946-5e45-8774-0341c93ac734,True,True
66af4ec3-aa5d-5ac1-97c2-27ef7319a318,ff968c48-27c5-5def-92d4-e977299790a1,dd82bb6d-7946-5e45-8774-0341c93ac734,True,True
66af4ec3-aa5d-5ac1-97c2-27ef7319a318,e5a1ae77-98d1-5ec9-9dc1-d44384af6b6c,dd82bb6d-7946-5e45-8774-0341c93ac734,True,True
66af4ec3-aa5d-5ac1-97c2-27ef7319a318,9229bcb5-8f90-5615-926a-38825fc16a3d,dd82bb6d-7946-5e45-8774-0341c93ac734,True,True
66af4ec3-aa5d-5ac1-97c2-27ef7319a318,54f33d4c-2094-52b3-97a2-cc92cebc67b0,dd82bb6d-7946-5e45-8774-0341c93ac734,True,True
66af4ec3-aa5d-5ac1-97c2-27ef7319a318,1bf9f9bf-28f5-54b2-a8c1-06918c3e7559,dd82bb6d-7946-5e45-8774-0341c93ac734,True,True
66af4ec3-aa5d-5ac1-97c2-27ef7319a318,bf5e2dd1-26a9-520f-b457-f520adcc3e09,dd82bb6d-7946-5e45-8774-0341c93ac734,True,True
66af4ec3-aa5d-5ac1-97c2-27ef7319a318,ae1afbdb-6afe-5d30-a5b2-ad5146b53a45,dd82bb6d-7946-5e45-8774-0341c93ac734,True,True
66af4ec3-aa5d-5ac1-97c2-27ef7319a318,ba7f5443-ee49-5ef2-a243-7a4f5b36110f,dd82bb6d-7946-5e45-8774-0341c93ac734,True,True
66af4ec3-aa5d-5ac1-97c2-27ef7319a318,32bf4f36-01b0-5707-8410-7b39a1f7135e,dd82bb6d-7946-5e45-8774-0341c93ac734,True,True
66af4ec3-aa5d-5ac1-97c2-27ef7319a318,d0959bc0-f250-5d53-98d6-cecaeb32295c,dd82bb6d-7946-5e45-8774-0341c93ac734,True,True
66af4ec3-aa5d-5ac1-97c2-27ef7319a318,0abd7af7-ade7-57b2-982f-cabc20456fb4,dd82bb6d-7946-5e45-8774-0341c93ac734,True,True
66af4ec3-aa5d-5ac1-97c2-27ef7319a318,46799c38-c963-55b2-b946-13e946f7bedd,dd82bb6d-7946-5e45-8774-0341c93ac734,True,True
66af4ec3-aa5d-5ac1-97c2-27ef7319a318,d6ca81b0-e964-56ca-9005-466f6543ec2b,dd82bb6d-7946-5e45-8774-0341c93ac734,True,True
66af4ec3-aa5d-5ac1-97c2-27ef7319a318,0d013226-f663-5676-aae2-7ffe3040de90,dd82bb6d-7946-5e45-8774-0341c93ac734,True,True
66af4ec3-aa5d-5ac1-97c2-27ef7319a318,5e734f93-e124-5548-9d54-4488ff468ec7,dd82bb6d-7946-5e45-8774-0341c93ac734,True,True
66af4ec3-aa5d-5ac1-97c2-27ef7319a318,a8192b2a-8b19-5da0-a337-1a22067f2591,dd82bb6d-7946-5e45-8774-0341c93ac734,True,True
66af4ec3-aa5d-5ac1-97c2-27ef7319a318,2f6082f1-b436-5fb3-983c-d6d301198a19,dd82bb6d-7946-5e45-8774-0341c93ac734,True,True
66af4ec3-aa5d-5ac1-97c2-27ef7319a318,00c1ec53-5f95-5d89-a7c0-fc3ed96079ff,dd82bb6d-7946-5e45-8774-0341c93ac734,True,True
66af4ec3-aa5d-5ac1-97c2-27ef7319a318,2932198b-0972-594f-a1ab-6dce777c8aba,dd82bb6d-7946-5e45-8774-0341c93ac734,True,True
66af4ec3-aa5d-5ac1-97c2-27ef7319a318,28a085fc-8510-59c4-993b-ff8117b30717,dd82bb6d-7946-5e45-8774-0341c93ac734,True,True
66af4ec3-aa5d-5ac1-97c2-27ef7319a318,668458f5-c0a4-5803-8fc8-c6ad7bbd9a2d,dd82bb6d-7946-5e45-8774-0341c93ac734,True,True
66af4ec3-aa5d-5ac1-97c2-27ef7319a318,9aa71d01-423b-5e31-8a2c-c050e641110a,dd82bb6d-7946-5e45-8774-0341c93ac734,True,True
66af4ec3-aa5d-5ac1-97c2-27ef7319a318,3f33d555-4f41-5a92-b77a-e00d93000496,dd82bb6d-7946-5e45-8774-0341c93ac734,True,True
66af4ec3-aa5d-5ac1-97c2-27ef7319a318,b27360f9-3cff-5e57-9029-03f7dc3c75b1,dd82bb6d-7946-5e45-8774-0341c93ac734,True,True
66af4ec3-aa5d-5ac1-97c2-27ef7319a318,ab0d32e5-cbf4-5ae0-ad79-256db88a88c1,dd82bb6d-7946-5e45-8774-0341c93ac734,True,True
66af4ec3-aa5d-5ac1-97c2-27ef7319a318,e9c72d27-676f-594c-9241-a058c490031e,dd82bb6d-7946-5e45-8774-0341c93ac734,True,True
66af4ec3-aa5d-5ac1-97c2-27ef7319a318,6506e56b-38b7-59cd-9e84-0929347bc137,dd82bb6d-7946-5e45-8774-0341c93ac734,True,True
66af4ec3-aa5d-5ac1-97c2-27ef7319a318,83240012-c559-5467-b443-73de5d71ed91,dd82bb6d-7946-5e45-8774-0341c93ac734,True,True
66af4ec3-aa5d-5ac1-97c2-27ef7319a318,b2c313f2-8bac-5b0b-9e9f-4ea14a00db2c,dd82bb6d-7946-5e45-8774-0341c93ac734,True,True
66af4ec3-aa5d-5ac1-97c2-27ef7319a318,df62aa34-6a6d-5b69-976d-c80b4d113321,dd82bb6d-7946-5e45-8774-0341c93ac734,True,True
66af4ec3-aa5d-5ac1-97c2-27ef7319a318,f30d3fa5-3800-5060-8186-94e9dea1a761,dd82bb6d-7946-5e45-8774-0341c93ac734,True,True
66af4ec3-aa5d-5ac1-97c2-27ef7319a318,24b69c54-8391-5be5-ab71-c6a2c5617d74,dd82bb6d-7946-5e45-8774-0341c93ac734,True,True
66af4ec3-aa5d-5ac1-97c2-27ef7319a318,7320bf01-6d8c-5fc9-b23a-54f5f2466548,dd82bb6d-7946-5e45-8774-0341c93ac734,True,True
66af4ec3-aa5d-5ac1-97c2-27ef7319a318,9a74bc16-48f0-5e25-9fd3-5a2fe59e85e4,dd82bb6d-7946-5e45-8774-0341c93ac734,True,True
66af4ec3-aa5d-5ac1-97c2-27ef7319a318,9637ad10-26d4-50af-834b-7d41dbe2664a,dd82bb6d-7946-5e45-8774-0341c93ac734,True,True
66af4ec3-aa5d-5ac1-97c2-27ef7319a318,8bc1f19b-ac99-548c-9d65-b6de9fda95ea,dd82bb6d-7946-5e45-8774-0341c93ac734,True,True
66af4ec3-aa5d-5ac1-97c2-27ef7319a318,6e793f27-f831-5ddb-bc57-fc5d1e2cdaca,dd82bb6d-7946-5e45-8774-0341c93ac734,True,True
66af4ec3-aa5d-5ac1-97c2-27ef7319a318,0638ae53-0046-5221-afab-f9ea525d3f3b,dd82bb6d-7946-5e45-8774-0341c93ac734,True,True
66af4ec3-aa5d-5ac1-97c2-27ef7319a318,9859e8d4-7f81-575d-8b0a-4b39eb720d73,dd82bb6d-7946-5e45-8774-0341c93ac734,True,True
66af4ec3-aa5d-5ac1-97c2-27ef7319a318,8463bf64-9056-5f3b-bfa3-f73f3bcbfbb5,dd82bb6d-7946-5e45-8774-0341c93ac734,True,True
66af4ec3-aa5d-5ac1-97c2-27ef7319a318,1f19530d-f543-5e7c-ab3e-e39fceb8cbf7,dd82bb6d-7946-5e45-8774-0341c93ac734,True,True
66af4ec3-aa5d-5ac1-97c2-27ef7319a318,84645cb4-8f36-5d8d-8e23-f2530c8d2f0c,dd82bb6d-7946-5e45-8774-0341c93ac734,True,True
66af4ec3-aa5d-5ac1-97c2-27ef7319a318,9143b6f5-bd58-5459-8921-4012634e930c,dd82bb6d-7946-5e45-8774-0341c93ac734,True,True
66af4ec3-aa5d-5ac1-97c2-27ef7319a318,4bfcc0bb-5af3-53d0-9530-07af4813aa1c,dd82bb6d-7946-5e45-8774-0341c93ac734,True,True
66af4ec3-aa5d-5ac1-97c2-27ef7319a318,46bf1820-f605-563b-bbbe-e807fcd95de8,dd82bb6d-7946-5e45-8774-0341c93ac734,True,True
66af4ec3-aa5d-5ac1-97c2-27ef7319a318,5c71ff91-7f8a-54ce-87be-50424f204a4c,dd82bb6d-7946-5e45-8774-0341c93ac734,True,True
66af4ec3-aa5d-5ac1-97c2-27ef7319a318,58bd75de-c2aa-5424-a329-14ebacbbccb3,dd82bb6d-7946-5e45-8774-0341c93ac734,True,True
66af4ec3-aa5d-5ac1-97c2-27ef7319a318,eced6c98-9b26-57ef-861d-84ebbc7be55a,dd82bb6d-7946-5e45-8774-0341c93ac734,True,True
66af4ec3-aa5d-5ac1-97c2-27ef7319a318,d040b47a-fb7a-5e00-90a3-22b9f48ca4c7,dd82bb6d-7946-5e45-8774-0341c93ac734,True,True
66af4ec3-aa5d-5ac1-97c2-27ef7319a318,d16d2123-fb7c-5ce8-af1d-333ea9c85095,dd82bb6d-7946-5e45-8774-0341c93ac734,True,True
66af4ec3-aa5d-5ac1-97c2-27ef7319a318,36306541-25c9-5fc7-b697-3d7f305f9a09,dd82bb6d-7946-5e45-8774-0341c93ac734,True,True
66af4ec3-aa5d-5ac1-97c2-27ef7319a318,cdb64ea1-b6d4-5bd0-91f3-6f470d78e808,dd82bb6d-7946-5e45-8774-0341c93ac734,True,True
66af4ec3-aa5d-5ac1-97c2-27ef7319a318,8095720c-d72e-55c0-8bf6-35027393df21,dd82bb6d-7946-5e45-8774-0341c93ac734,True,True
66af4ec3-aa5d-5ac1-97c2-27ef7319a318,b27fccd7-7ea4-567c-9b6c-32b915a935ce,dd82bb6d-7946-5e45-8774-0341c93ac734,True,True
66af4ec3-aa5d-5ac1-97c2-27ef7319a318,559e130e-e01d-58c8-84f2-725db4efa65d,dd82bb6d-7946-5e45-8774-0341c93ac734,True,True
66af4ec3-aa5d-5ac1-97c2-27ef7319a318,e51e2fb1-d752-509b-ad96-86eafb1af592,dd82bb6d-7946-5e45-8774-0341c93ac734,True,True
66af4ec3-aa5d-5ac1-97c2-27ef7319a318,fcc89d21-82c5-5d9d-9fa7-1ce20a83d846,dd82bb6d-7946-5e45-8774-0341c93ac734,True,True
66af4ec3-aa5d-5ac1-97c2-27ef7319a318,4b881f71-4d30-51b3-b6b7-6ddcb111c1e9,dd82bb6d-7946-5e45-8774-0341c93ac734,True,True
66af4ec3-aa5d-5ac1-97c2-27ef7319a318,dfffd86a-306b-5cba-9c1d-e91b0b3efcf6,dd82bb6d-7946-5e45-8774-0341c93ac734,True,True
66af4ec3-aa5d-5ac1-97c2-27ef7319a318,71c121e0-bfe2-53d2-af91-e65947e848b6,dd82bb6d-7946-5e45-8774-0341c93ac734,True,True
66af4ec3-aa5d-5ac1-97c2-27ef7319a318,1b7a222a-f0f9-500c-b2ac-80317eb8ef00,dd82bb6d-7946-5e45-8774-0341c93ac734,True,True
66af4ec3-aa5d-5ac1-97c2-27ef7319a318,058babbd-dd88-5882-b2ab-0d0be9c17548,dd82bb6d-7946-5e45-8774-0341c93ac734,True,True
66af4ec3-aa5d-5ac1-97c2-27ef7319a318,6746bfb9-a4ea-5b2c-b259-13cce55ca240,dd82bb6d-7946-5e45-8774-0341c93ac734,True,True
66af4ec3-aa5d-5ac1-97c2-27ef7319a318,96aefcd8-b236-5a78-80d1-0f09ad4d2e17,dd82bb6d-7946-5e45-8774-0341c93ac734,True,True
66af4ec3-aa5d-5ac1-97c2-27ef7319a318,88760f73-e635-5e4c-a0f5-9436db145f82,dd82bb6d-7946-5e45-8774-0341c93ac734,True,True
66af4ec3-aa5d-5ac1-97c2-27ef7319a318,07641c69-d8d7-504b-81fe-d22663b90058,dd82bb6d-7946-5e45-8774-0341c93ac734,True,True
66af4ec3-aa5d-5ac1-97c2-27ef7319a318,eb2eb2bd-976c-5d6d-b164-22afe6b24377,dd82bb6d-7946-5e45-8774-0341c93ac734,True,True
66af4ec3-aa5d-5ac1-97c2-27ef7319a318,96ebe81e-d99e-5cdd-a7f2-290b9c423a85,dd82bb6d-7946-5e45-8774-0341c93ac734,True,True
66af4ec3-aa5d-5ac1-97c2-27ef7319a318,4240c57e-0d4b-5de2-bd49-ce30750f5981,dd82bb6d-7946-5e45-8774-0341c93ac734,True,True
66af4ec3-aa5d-5ac1-97c2-27ef7319a318,63c18e21-285c-5325-a48c-1638f160fda7,dd82bb6d-7946-5e45-8774-0341c93ac734,True,True
66af4ec3-aa5d-5ac1-97c2-27ef7319a318,63b4f0b8-ccb2-519a-8d9f-e09aca136f5a,dd82bb6d-7946-5e45-8774-0341c93ac734,True,True
66af4ec3-aa5d-5ac1-97c2-27ef7319a318,ffcb5b75-6199-51d1-b762-0374a44482da,dd82bb6d-7946-5e45-8774-0341c93ac734,True,True
66af4ec3-aa5d-5ac1-97c2-27ef7319a318,b99cc7d3-a1bf-5691-a0c6-b738129cd353,dd82bb6d-7946-5e45-8774-0341c93ac734,True,True
66af4ec3-aa5d-5ac1-97c2-27ef7319a318,43b8eb0c-a1cb-57e9-9ed9-c5775e40aece,dd82bb6d-7946-5e45-8774-0341c93ac734,True,True
66af4ec3-aa5d-5ac1-97c2-27ef7319a318,f0e2d290-5bd2-514c-9771-5e7b2aac4c43,dd82bb6d-7946-5e45-8774-0341c93ac734,True,True
66af4ec3-aa5d-5ac1-97c2-27ef7319a318,6fc5e44a-a730-5c38-afe5-56b8c5b61253,dd82bb6d-7946-5e45-8774-0341c93ac734,True,True
66af4ec3-aa5d-5ac1-97c2-27ef7319a318,59e86524-e520-59a0-ae3f-d1349805dba5,dd82bb6d-7946-5e45-8774-0341c93ac734,True,True
66af4ec3-aa5d-5ac1-97c2-27ef7319a318,d339865d-a6a4-501a-b131-d4b2f5380405,dd82bb6d-7946-5e45-8774-0341c93ac734,True,True
66af4ec3-aa5d-5ac1-97c2-27ef7319a318,01ce8d0a-68d6-54d3-9ba9-1f5b759d35ca,dd82bb6d-7946-5e45-8774-0341c93ac734,True,True
66af4ec3-aa5d-5ac1-97c2-27ef7319a318,5a612246-b407-5455-9028-9269b401bf0b,dd82bb6d-7946-5e45-8774-0341c93ac734,True,True
66af4ec3-aa5d-5ac1-97c2-27ef7319a318,4b1f0a96-9459-5c01-b565-2f2bb1651011,dd82bb6d-7946-5e45-8774-0341c93ac734,True,True
66af4ec3-aa5d-5ac1-97c2-27ef7319a318,e82418dc-4c10-51ed-96b2-e93a63e27e22,dd82bb6d-7946-5e45-8774-0341c93ac734,True,True
66af4ec3-aa5d-5ac1-97c2-27ef7319a318,d61fddc6-ec0c-585c-b62d-2ecdc5ca3797,dd82bb6d-7946-5e45-8774-0341c93ac734,True,True
66af4ec3-aa5d-5ac1-97c2-27ef7319a318,d2e4c9d5-54ab-5deb-ae1e-0c797ff9ba9a,dd82bb6d-7946-5e45-8774-0341c93ac734,True,True
66af4ec3-aa5d-5ac1-97c2-27ef7319a318,70bb8ba5-e08c-599c-983c-6476fc8d6457,dd82bb6d-7946-5e45-8774-0341c93ac734,True,True
66af4ec3-aa5d-5ac1-97c2-27ef7319a318,4905ff19-2ede-5865-8011-54549f00fc36,dd82bb6d-7946-5e45-8774-0341c93ac734,True,True
66af4ec3-aa5d-5ac1-97c2-27ef7319a318,12780858-b879-576e-973b-049939fbc56e,dd82bb6d-7946-5e45-8774-0341c93ac734,True,True
66af4ec3-aa5d-5ac1-97c2-27ef7319a318,49e0f199-22e7-509d-8d16-a3b3a8b5128e,dd82bb6d-7946-5e45-8774-0341c93ac734,True,True
66af4ec3-aa5d-5ac1-97c2-27ef7319a318,5d2ec5dc-bc3b-5536-84a3-0011733b37d6,dd82bb6d-7946-5e45-8774-0341c93ac734,True,True
66af4ec3-aa5d-5ac1-97c2-27ef7319a318,c8cdc8ac-3530-5f44-a69e-c14218daa118,dd82bb6d-7946-5e45-8774-0341c93ac734,True,True
66af4ec3-aa5d-5ac1-97c2-27ef7319a318,fec47ffa-9e19-5f99-9458-a91f2667973b,dd82bb6d-7946-5e45-8774-0341c93ac734,True,True
66af4ec3-aa5d-5ac1-97c2-27ef7319a318,ccb7457a-e09d-56f7-bc59-61c2bcb2c87e,dd82bb6d-7946-5e45-8774-0341c93ac734,True,True
66af4ec3-aa5d-5ac1-97c2-27ef7319a318,2e1dd26e-ad65-5dcd-ad99-1f2172ca5d56,dd82bb6d-7946-5e45-8774-0341c93ac734,True,True
66af4ec3-aa5d-5ac1-97c2-27ef7319a318,8d97d58b-7084-525e-b6cf-191f382cf793,dd82bb6d-7946-5e45-8774-0341c93ac734,True,True
66af4ec3-aa5d-5ac1-97c2-27ef7319a318,4b45645a-5b77-5fe5-b76d-d37f168069bf,dd82bb6d-7946-5e45-8774-0341c93ac734,True,True
66af4ec3-aa5d-5ac1-97c2-27ef7319a318,766229f5-d5e6-517c-a2b2-599693e92814,dd82bb6d-7946-5e45-8774-0341c93ac734,True,True
66af4ec3-aa5d-5ac1-97c2-27ef7319a318,7fcd7ffd-9a3e-5212-bcb8-3151a456394a,dd82bb6d-7946-5e45-8774-0341c93ac734,True,True
66af4ec3-aa5d-5ac1-97c2-27ef7319a318,dbee2a35-3259-5a8e-b0d2-f473f73bcd2e,dd82bb6d-7946-5e45-8774-0341c93ac734,True,True
66af4ec3-aa5d-5ac1-97c2-27ef7319a318,70cba6bb-221f-5753-ac1e-3fc7e51278fd,dd82bb6d-7946-5e45-8774-0341c93ac734,True,True
66af4ec3-aa5d-5ac1-97c2-27ef7319a318,2025f324-bf66-5b8b-9680-f59aeac5ee78,dd82bb6d-7946-5e45-8774-0341c93ac734,True,True
66af4ec3-aa5d-5ac1-97c2-27ef7319a318,a738d2bc-3396-54c8-9e4f-e1e727142f8f,dd82bb6d-7946-5e45-8774-0341c93ac734,True,True
66af4ec3-aa5d-5ac1-97c2-27ef7319a318,2e880c4c-5439-5927-b1a9-89126a725ea1,dd82bb6d-7946-5e45-8774-0341c93ac734,True,True
66af4ec3-aa5d-5ac1-97c2-27ef7319a318,1fe11d6f-050b-580d-a43d-6fa0b880db97,dd82bb6d-7946-5e45-8774-0341c93ac734,True,True
66af4ec3-aa5d-5ac1-97c2-27ef7319a318,a396d968-17a2-5af2-9a0e-03dca7599463,dd82bb6d-7946-5e45-8774-0341c93ac734,True,True
66af4ec3-aa5d-5ac1-97c2-27ef7319a318,9c38bfb4-2147-51ad-a174-801a76a2da90,dd82bb6d-7946-5e45-8774-0341c93ac734,True,True
66af4ec3-aa5d-5ac1-97c2-27ef7319a318,5215c4a0-6f34-5193-bdf8-648774ff25d6,dd82bb6d-7946-5e45-8774-0341c93ac734,True,True
66af4ec3-aa5d-5ac1-97c2-27ef7319a318,923861b0-7939-5ec2-b0ed-cb21f4040df8,dd82bb6d-7946-5e45-8774-0341c93ac734,True,True
66af4ec3-aa5d-5ac1-97c2-27ef7319a318,a41e03f5-105c-54f4-87fa-fa6f34b39761,dd82bb6d-7946-5e45-8774-0341c93ac734,True,True
66af4ec3-aa5d-5ac1-97c2-27ef7319a318,13f277e9-4db8-5cef-8a3f-d8a3d9aa48f5,dd82bb6d-7946-5e45-8774-0341c93ac734,True,True
66af4ec3-aa5d-5ac1-97c2-27ef7319a318,937be834-4d37-57ca-9fa7-b37c0f25b545,dd82bb6d-7946-5e45-8774-0341c93ac734,True,True
66af4ec3-aa5d-5ac1-97c2-27ef7319a318,fdc791a1-93b3-5c47-a176-d01a72b07041,dd82bb6d-7946-5e45-8774-0341c93ac734,True,True
66af4ec3-aa5d-5ac1-97c2-27ef7319a318,e87cc3af-c692-501c-b99b-bad6ffb643f0,dd82bb6d-7946-5e45-8774-0341c93ac734,True,True
66af4ec3-aa5d-5ac1-97c2-27ef7319a318,bedcaee9-6bba-59cf-9d53-2f016789f79c,dd82bb6d-7946-5e45-8774-0341c93ac734,True,True
66af4ec3-aa5d-5ac1-97c2-27ef7319a318,7f91ca71-05d7-5c34-bdce-1376d70b2eed,dd82bb6d-7946-5e45-8774-0341c93ac734,True,True
66af4ec3-aa5d-5ac1-97c2-27ef7319a318,64635dfa-8287-5b80-a41b-036e3b145d02,deff2788-8f71-5868-99d0-8a79175c6974,True,True
66af4ec3-aa5d-5ac1-97c2-27ef7319a318,ca19e837-8eeb-5c08-83f0-92d20b3c9936,deff2788-8f71-5868-99d0-8a79175c6974,True,True
66af4ec3-aa5d-5ac1-97c2-27ef7319a318,1db1d16b-4879-5073-8c1c-b4e66a5a8bae,deff2788-8f71-5868-99d0-8a79175c6974,True,True
66af4ec3-aa5d-5ac1-97c2-27ef7319a318,36afa8b5-3840-512f-8794-d60b2e056b01,deff2788-8f71-5868-99d0-8a79175c6974,True,True
66af4ec3-aa5d-5ac1-97c2-27ef7319a318,9ce2658e-428c-5ce6-a979-bcd1f2432f74,deff2788-8f71-5868-99d0-8a79175c6974,True,True
66af4ec3-aa5d-5ac1-97c2-27ef7319a318,4d6c468f-2119-5690-be5c-2562937fce0e,deff2788-8f71-5868-99d0-8a79175c6974,True,True
66af4ec3-aa5d-5ac1-97c2-27ef7319a318,e3c567f1-c5c9-55dc-94d7-a74f920a6705,deff2788-8f71-5868-99d0-8a79175c6974,True,True
66af4ec3-aa5d-5ac1-97c2-27ef7319a318,35a24f5e-c0ce-530b-baab-22548b5112cc,deff2788-8f71-5868-99d0-8a79175c6974,True,True
66af4ec3-aa5d-5ac1-97c2-27ef7319a318,4a6f133a-3e65-552f-8a88-7699ab98f5cb,deff2788-8f71-5868-99d0-8a79175c6974,True,True
66af4ec3-aa5d-5ac1-97c2-27ef7319a318,d0d8b08e-4108-5ad8-8b9b-f4e86a2a4c1e,deff2788-8f71-5868-99d0-8a79175c6974,True,True
66af4ec3-aa5d-5ac1-97c2-27ef7319a318,e17e1113-035b-5bfd-bf7e-bc3a431eec08,deff2788-8f71-5868-99d0-8a79175c6974,True,True
66af4ec3-aa5d-5ac1-97c2-27ef7319a318,7e16eaa3-3a9a-5e2c-b2ca-c37b940c13f4,deff2788-8f71-5868-99d0-8a79175c6974,True,True
66af4ec3-aa5d-5ac1-97c2-27ef7319a318,840c1dfa-4553-52d2-aadc-ba2791c8cba3,deff2788-8f71-5868-99d0-8a79175c6974,True,True
66af4ec3-aa5d-5ac1-97c2-27ef7319a318,9cb4a240-d377-5ee4-889e-81e7174dc334,deff2788-8f71-5868-99d0-8a79175c6974,True,True
66af4ec3-aa5d-5ac1-97c2-27ef7319a318,27e4e796-df79-5640-85ce-005df174056a,deff2788-8f71-5868-99d0-8a79175c6974,True,True
66af4ec3-aa5d-5ac1-97c2-27ef7319a318,65c1a2b2-37b9-5c8a-b774-ae53dce93547,deff2788-8f71-5868-99d0-8a79175c6974,True,True
66af4ec3-aa5d-5ac1-97c2-27ef7319a318,5e47fb1d-8694-5590-b213-2b593cbf3c63,deff2788-8f71-5868-99d0-8a79175c6974,True,True
66af4ec3-aa5d-5ac1-97c2-27ef7319a318,5415ab71-c547-5b96-b09d-c2d0e1c7a6e1,deff2788-8f71-5868-99d0-8a79175c6974,True,True
66af4ec3-aa5d-5ac1-97c2-27ef7319a318,f424edb7-d0b7-5c8e-a819-eb8243922ece,deff2788-8f71-5868-99d0-8a79175c6974,True,True
66af4ec3-aa5d-5ac1-97c2-27ef7319a318,819e8b1c-3a64-5518-aeb1-798afbe2cd37,deff2788-8f71-5868-99d0-8a79175c6974,True,True
66af4ec3-aa5d-5ac1-97c2-27ef7319a318,173481b8-c82d-558c-b275-e5c03c78cafc,deff2788-8f71-5868-99d0-8a79175c6974,True,True
66af4ec3-aa5d-5ac1-97c2-27ef7319a318,89d209e6-a0b5-5606-ab1d-fccdfd4dd7cd,deff2788-8f71-5868-99d0-8a79175c6974,True,True
66af4ec3-aa5d-5ac1-97c2-27ef7319a318,0504dc5c-f3e0-5419-a8c1-922b04ceb6d9,deff2788-8f71-5868-99d0-8a79175c6974,True,True
66af4ec3-aa5d-5ac1-97c2-27ef7319a318,559f9cee-56e6-54d7-9860-44750654c6cd,deff2788-8f71-5868-99d0-8a79175c6974,True,True
66af4ec3-aa5d-5ac1-97c2-27ef7319a318,916c9b4a-24e5-5d73-a608-cd1efb82048f,deff2788-8f71-5868-99d0-8a79175c6974,True,True
66af4ec3-aa5d-5ac1-97c2-27ef7319a318,452cb0f0-d2a0-5ab3-900e-df313e60f8e9,deff2788-8f71-5868-99d0-8a79175c6974,True,True
66af4ec3-aa5d-5ac1-97c2-27ef7319a318,a91338c8-d5c3-5fc4-9f04-7ab6e876a700,deff2788-8f71-5868-99d0-8a79175c6974,True,True
66af4ec3-aa5d-5ac1-97c2-27ef7319a318,44e925e9-ed21-508b-80d1-794078082ad7,deff2788-8f71-5868-99d0-8a79175c6974,True,True
66af4ec3-aa5d-5ac1-97c2-27ef7319a318,2ac72d94-987d-5b34-b8e3-04f7e3330dd7,deff2788-8f71-5868-99d0-8a79175c6974,True,True
66af4ec3-aa5d-5ac1-97c2-27ef7319a318,47482e7c-eb0b-527d-a339-bc10897cd28c,deff2788-8f71-5868-99d0-8a79175c6974,True,True
66af4ec3-aa5d-5ac1-97c2-27ef7319a318,b37da3fc-f7f9-5aec-99d6-110cfd7d7c22,deff2788-8f71-5868-99d0-8a79175c6974,True,True
66af4ec3-aa5d-5ac1-97c2-27ef7319a318,29e48f3f-33d0-5121-a4a9-a856bbeaff6e,deff2788-8f71-5868-99d0-8a79175c6974,True,True
66af4ec3-aa5d-5ac1-97c2-27ef7319a318,f9fe41e9-e76b-58f6-9ef3-0dfa037c769d,deff2788-8f71-5868-99d0-8a79175c6974,True,True
66af4ec3-aa5d-5ac1-97c2-27ef7319a318,1763cbb3-e03f-5e84-a0d2-c5303760779f,deff2788-8f71-5868-99d0-8a79175c6974,True,True
66af4ec3-aa5d-5ac1-97c2-27ef7319a318,14e2238b-8b44-5c3e-98ca-b10095b7b399,deff2788-8f71-5868-99d0-8a79175c6974,True,True
66af4ec3-aa5d-5ac1-97c2-27ef7319a318,de600f67-38af-56bb-9d9b-be0b52a859f0,deff2788-8f71-5868-99d0-8a79175c6974,True,True
66af4ec3-aa5d-5ac1-97c2-27ef7319a318,8036a5ad-1b53-5981-88b5-97380a839066,deff2788-8f71-5868-99d0-8a79175c6974,True,True
66af4ec3-aa5d-5ac1-97c2-27ef7319a318,52fab9d1-a68d-54be-8a38-2ad84b6a6603,deff2788-8f71-5868-99d0-8a79175c6974,True,True
66af4ec3-aa5d-5ac1-97c2-27ef7319a318,69aa42b2-0b7f-5787-b5d8-51a4d3d32e16,deff2788-8f71-5868-99d0-8a79175c6974,True,True
66af4ec3-aa5d-5ac1-97c2-27ef7319a318,694424bc-ac84-58b6-aa3f-12b9d0433382,deff2788-8f71-5868-99d0-8a79175c6974,True,True
66af4ec3-aa5d-5ac1-97c2-27ef7319a318,14042f74-7e8b-58db-b6d5-9ec274ee8c52,deff2788-8f71-5868-99d0-8a79175c6974,True,True
66af4ec3-aa5d-5ac1-97c2-27ef7319a318,3da51428-dbd4-57ca-a5aa-ea63ac1caf86,deff2788-8f71-5868-99d0-8a79175c6974,True,True
66af4ec3-aa5d-5ac1-97c2-27ef7319a318,589beb1e-3b5f-5da8-8a49-19f014e9d20c,deff2788-8f71-5868-99d0-8a79175c6974,True,True
66af4ec3-aa5d-5ac1-97c2-27ef7319a318,5f89e088-1ef3-54af-9c33-82cce68448ea,deff2788-8f71-5868-99d0-8a79175c6974,True,True
66af4ec3-aa5d-5ac1-97c2-27ef7319a318,ded3f769-2321-5ab3-885c-54766fb45c25,deff2788-8f71-5868-99d0-8a79175c6974,True,True
66af4ec3-aa5d-5ac1-97c2-27ef7319a318,e7d79dad-07fd-52c0-b667-cf43dd45701b,deff2788-8f71-5868-99d0-8a79175c6974,True,True
66af4ec3-aa5d-5ac1-97c2-27ef7319a318,31004110-2ccb-540a-84b1-6b00cc19d805,deff2788-8f71-5868-99d0-8a79175c6974,True,True
66af4ec3-aa5d-5ac1-97c2-27ef7319a318,85381f32-9454-5961-b899-e2ea493cb2ff,deff2788-8f71-5868-99d0-8a79175c6974,True,True
66af4ec3-aa5d-5ac1-97c2-27ef7319a318,ce47d006-ecf8-5366-b2c6-fd12e2284cc5,deff2788-8f71-5868-99d0-8a79175c6974,True,True
66af4ec3-aa5d-5ac1-97c2-27ef7319a318,edaecc10-c605-556c-a077-51b08d791dd1,deff2788-8f71-5868-99d0-8a79175c6974,True,True
66af4ec3-aa5d-5ac1-97c2-27ef7319a318,f5309732-e91d-5158-a210-4c7390a00d85,deff2788-8f71-5868-99d0-8a79175c6974,True,True
66af4ec3-aa5d-5ac1-97c2-27ef7319a318,ba11c600-5240-5470-8cef-1c2e452ab8d4,deff2788-8f71-5868-99d0-8a79175c6974,True,True
66af4ec3-aa5d-5ac1-97c2-27ef7319a318,3676be68-bc17-5d31-8119-f5b0748663f7,deff2788-8f71-5868-99d0-8a79175c6974,True,True
66af4ec3-aa5d-5ac1-97c2-27ef7319a318,45eb0970-5833-5f06-838c-5c73c8277fb7,deff2788-8f71-5868-99d0-8a79175c6974,True,True
66af4ec3-aa5d-5ac1-97c2-27ef7319a318,d708a2db-ba33-5cba-9bdb-cd0ea6e8f3f2,deff2788-8f71-5868-99d0-8a79175c6974,True,True
66af4ec3-aa5d-5ac1-97c2-27ef7319a318,2df69cbd-1678-5f4d-8da3-c2f424dedb09,deff2788-8f71-5868-99d0-8a79175c6974,True,True
66af4ec3-aa5d-5ac1-97c2-27ef7319a318,01b8f7e1-353e-5df6-b1ca-dbbeb7881151,deff2788-8f71-5868-99d0-8a79175c6974,True,True
66af4ec3-aa5d-5ac1-97c2-27ef7319a318,bca125c0-bb10-59e8-9a7b-cb38a12b0eb0,deff2788-8f71-5868-99d0-8a79175c6974,True,True
66af4ec3-aa5d-5ac1-97c2-27ef7319a318,a8f397d8-8780-579d-8300-9259fef070a5,deff2788-8f71-5868-99d0-8a79175c6974,True,True
66af4ec3-aa5d-5ac1-97c2-27ef7319a318,460c6b1b-393e-570d-9b84-c74940343ea2,deff2788-8f71-5868-99d0-8a79175c6974,True,True
66af4ec3-aa5d-5ac1-97c2-27ef7319a318,523a2331-06ea-52ab-b931-0ddf5fa24738,deff2788-8f71-5868-99d0-8a79175c6974,True,True
66af4ec3-aa5d-5ac1-97c2-27ef7319a318,c99b404c-f97a-5e4d-a02b-8e8824f29e8a,deff2788-8f71-5868-99d0-8a79175c6974,True,True
66af4ec3-aa5d-5ac1-97c2-27ef7319a318,08a176dd-5165-571c-99a7-223946acc785,deff2788-8f71-5868-99d0-8a79175c6974,True,True
66af4ec3-aa5d-5ac1-97c2-27ef7319a318,97f03de0-a069-500c-9924-9f8dc83e0919,deff2788-8f71-5868-99d0-8a79175c6974,True,True
66af4ec3-aa5d-5ac1-97c2-27ef7319a318,6720d09e-0bbb-5f31-abd9-11430e0f4aba,deff2788-8f71-5868-99d0-8a79175c6974,True,True
66af4ec3-aa5d-5ac1-97c2-27ef7319a318,7ef2a684-bcaa-567d-9fd2-6ce5fff27f4b,deff2788-8f71-5868-99d0-8a79175c6974,True,True
66af4ec3-aa5d-5ac1-97c2-27ef7319a318,3d51cb61-88f0-58d3-ad97-f30b7e1c7ec7,deff2788-8f71-5868-99d0-8a79175c6974,True,True
66af4ec3-aa5d-5ac1-97c2-27ef7319a318,e96a5108-aef8-5136-9a3d-759eec2f8bbf,deff2788-8f71-5868-99d0-8a79175c6974,True,True
66af4ec3-aa5d-5ac1-97c2-27ef7319a318,741fb049-ade4-53f6-b5da-404d8e039334,deff2788-8f71-5868-99d0-8a79175c6974,True,True
66af4ec3-aa5d-5ac1-97c2-27ef7319a318,33192305-dab8-5d0f-9ee5-017980309a3d,deff2788-8f71-5868-99d0-8a79175c6974,True,True
66af4ec3-aa5d-5ac1-97c2-27ef7319a318,4ee78ff1-460d-57c8-a7f2-23e4517aaf1e,deff2788-8f71-5868-99d0-8a79175c6974,True,True
66af4ec3-aa5d-5ac1-97c2-27ef7319a318,b1e3fd7c-a6b1-5ec6-9623-0caa80181b8d,deff2788-8f71-5868-99d0-8a79175c6974,True,True
66af4ec3-aa5d-5ac1-97c2-27ef7319a318,581716dd-3b07-56bb-8164-7e46fd694562,deff2788-8f71-5868-99d0-8a79175c6974,True,True
66af4ec3-aa5d-5ac1-97c2-27ef7319a318,3cbdccb2-5cc0-5ff0-8f3d-0136556bf4dc,deff2788-8f71-5868-99d0-8a79175c6974,True,True
66af4ec3-aa5d-5ac1-97c2-27ef7319a318,1e575d73-4bb1-5e09-970b-bd536887aa6c,deff2788-8f71-5868-99d0-8a79175c6974,True,True
66af4ec3-aa5d-5ac1-97c2-27ef7319a318,c99dc4d4-79fc-529e-a6f8-85fae4b50173,deff2788-8f71-5868-99d0-8a79175c6974,True,True
66af4ec3-aa5d-5ac1-97c2-27ef7319a318,5d254609-7e01-52b5-b3a9-4510ff1ff81b,deff2788-8f71-5868-99d0-8a79175c6974,True,True
66af4ec3-aa5d-5ac1-97c2-27ef7319a318,6375a018-ffdd-5357-a791-22c5087d0e4a,deff2788-8f71-5868-99d0-8a79175c6974,True,True
66af4ec3-aa5d-5ac1-97c2-27ef7319a318,e466352e-eaa7-5ac2-98be-8e9137308811,deff2788-8f71-5868-99d0-8a79175c6974,True,True
66af4ec3-aa5d-5ac1-97c2-27ef7319a318,5e640002-633b-5270-968b-5cba39c4a43f,deff2788-8f71-5868-99d0-8a79175c6974,True,True
66af4ec3-aa5d-5ac1-97c2-27ef7319a318,fc0f7120-b79e-5313-a012-5dbd167a8b65,deff2788-8f71-5868-99d0-8a79175c6974,True,True
66af4ec3-aa5d-5ac1-97c2-27ef7319a318,99602de0-783c-5481-9ea8-110aeddbb1e5,deff2788-8f71-5868-99d0-8a79175c6974,True,True
66af4ec3-aa5d-5ac1-97c2-27ef7319a318,b5145e78-e395-5c2b-a7f1-f61c329648c5,deff2788-8f71-5868-99d0-8a79175c6974,True,True
66af4ec3-aa5d-5ac1-97c2-27ef7319a318,f767d464-c602-5644-8645-69641d76f54e,deff2788-8f71-5868-99d0-8a79175c6974,True,True
66af4ec3-aa5d-5ac1-97c2-27ef7319a318,655e43d1-1893-5649-b233-5900c069ebb8,deff2788-8f71-5868-99d0-8a79175c6974,True,True
66af4ec3-aa5d-5ac1-97c2-27ef7319a318,52b2d256-8c37-54b8-8647-824484bc1b82,deff2788-8f71-5868-99d0-8a79175c6974,True,True
66af4ec3-aa5d-5ac1-97c2-27ef7319a318,30522331-6049-5500-85d5-1122221a117c,deff2788-8f71-5868-99d0-8a79175c6974,True,True
66af4ec3-aa5d-5ac1-97c2-27ef7319a318,fdc17f9f-2d39-5581-9ef3-dd079f5f2c51,deff2788-8f71-5868-99d0-8a79175c6974,True,True
66af4ec3-aa5d-5ac1-97c2-27ef7319a318,2a214537-9aa8-548a-b49c-58d4a0c56441,deff2788-8f71-5868-99d0-8a79175c6974,True,True
66af4ec3-aa5d-5ac1-97c2-27ef7319a318,57a20f68-aa8d-53c0-8e71-776a8a2fe152,deff2788-8f71-5868-99d0-8a79175c6974,True,True
66af4ec3-aa5d-5ac1-97c2-27ef7319a318,450ef806-65b3-5d4a-9d83-61aee9e49006,deff2788-8f71-5868-99d0-8a79175c6974,True,True
66af4ec3-aa5d-5ac1-97c2-27ef7319a318,a4693c63-c30c-5bd3-aeea-0073c0913572,deff2788-8f71-5868-99d0-8a79175c6974,True,True
66af4ec3-aa5d-5ac1-97c2-27ef7319a318,4b7e8c7a-3429-59a8-8bb2-c19333ee4898,deff2788-8f71-5868-99d0-8a79175c6974,True,True
66af4ec3-aa5d-5ac1-97c2-27ef7319a318,efcfd82f-955c-556e-a6c5-66cf21140049,deff2788-8f71-5868-99d0-8a79175c6974,True,True
66af4ec3-aa5d-5ac1-97c2-27ef7319a318,bc17ec48-b045-5983-840b-75874e77c34e,e345dcbb-658d-54b0-a585-75f430e81e07,True,True
66af4ec3-aa5d-5ac1-97c2-27ef7319a318,6f5aff11-814f-530e-aa68-a671a178e17e,e345dcbb-658d-54b0-a585-75f430e81e07,True,True
66af4ec3-aa5d-5ac1-97c2-27ef7319a318,df9790e9-a877-5cbf-83c1-f96d34f20e39,e345dcbb-658d-54b0-a585-75f430e81e07,True,True
66af4ec3-aa5d-5ac1-97c2-27ef7319a318,8c9b621a-f7ba-543b-bf3b-cecb91347ebb,e345dcbb-658d-54b0-a585-75f430e81e07,True,True
66af4ec3-aa5d-5ac1-97c2-27ef7319a318,8d5632ec-b7f9-5b1f-a76c-b5959c5482ba,e345dcbb-658d-54b0-a585-75f430e81e07,True,True
66af4ec3-aa5d-5ac1-97c2-27ef7319a318,0b6e9d88-919b-567d-a4c8-91ed1d4b5f9a,e345dcbb-658d-54b0-a585-75f430e81e07,True,True
66af4ec3-aa5d-5ac1-97c2-27ef7319a318,bfc88720-b548-5539-9b33-6486e29c971a,e345dcbb-658d-54b0-a585-75f430e81e07,True,True
66af4ec3-aa5d-5ac1-97c2-27ef7319a318,9a388f45-a823-5b65-83fe-ac55f57892e3,e345dcbb-658d-54b0-a585-75f430e81e07,True,True
66af4ec3-aa5d-5ac1-97c2-27ef7319a318,e70b1b93-8f4b-550c-9b6f-913901befe2b,e345dcbb-658d-54b0-a585-75f430e81e07,True,True
66af4ec3-aa5d-5ac1-97c2-27ef7319a318,a469e140-9908-5857-83e2-f5c5c8b4d550,e345dcbb-658d-54b0-a585-75f430e81e07,True,True
66af4ec3-aa5d-5ac1-97c2-27ef7319a318,6d735660-23c4-5e58-b1f8-d116a561cfb3,e345dcbb-658d-54b0-a585-75f430e81e07,True,True
66af4ec3-aa5d-5ac1-97c2-27ef7319a318,bdd3ed10-cdee-5dd4-9434-6b32c19e5f01,e345dcbb-658d-54b0-a585-75f430e81e07,True,True
66af4ec3-aa5d-5ac1-97c2-27ef7319a318,8df4374f-205f-577e-ac98-d3b88af09235,e345dcbb-658d-54b0-a585-75f430e81e07,True,True
66af4ec3-aa5d-5ac1-97c2-27ef7319a318,002919d2-324d-5446-82eb-8d136f8c03e6,e345dcbb-658d-54b0-a585-75f430e81e07,True,True
66af4ec3-aa5d-5ac1-97c2-27ef7319a318,00e5438f-9720-50e8-8f03-f9757ae9ec39,e345dcbb-658d-54b0-a585-75f430e81e07,True,True
66af4ec3-aa5d-5ac1-97c2-27ef7319a318,bbf3e53d-3d0e-575c-b0db-e79d08be1061,e345dcbb-658d-54b0-a585-75f430e81e07,True,True
66af4ec3-aa5d-5ac1-97c2-27ef7319a318,b0b4922a-8e75-5b73-9824-5836a857ceb3,e345dcbb-658d-54b0-a585-75f430e81e07,True,True
66af4ec3-aa5d-5ac1-97c2-27ef7319a318,432186bc-fcd0-5ded-9734-8bc0f0eadab8,e345dcbb-658d-54b0-a585-75f430e81e07,True,True
66af4ec3-aa5d-5ac1-97c2-27ef7319a318,0049019e-57b9-5ce5-8564-77f4918c7984,e345dcbb-658d-54b0-a585-75f430e81e07,True,True
66af4ec3-aa5d-5ac1-97c2-27ef7319a318,ba422697-3ad2-5819-bf4a-fbe5c94635a5,e345dcbb-658d-54b0-a585-75f430e81e07,True,True
66af4ec3-aa5d-5ac1-97c2-27ef7319a318,fcf5a55b-4677-5ae0-ad5a-a8723718c5a6,e345dcbb-658d-54b0-a585-75f430e81e07,True,True
66af4ec3-aa5d-5ac1-97c2-27ef7319a318,9d587c18-d0e9-5ac4-92cf-116b67df477a,e345dcbb-658d-54b0-a585-75f430e81e07,True,True
66af4ec3-aa5d-5ac1-97c2-27ef7319a318,70ea9fa8-14fd-53bf-8dd3-73a3ab3d430b,e345dcbb-658d-54b0-a585-75f430e81e07,True,True
66af4ec3-aa5d-5ac1-97c2-27ef7319a318,c0982528-4159-54ef-a434-b032f5776e01,e345dcbb-658d-54b0-a585-75f430e81e07,True,True
66af4ec3-aa5d-5ac1-97c2-27ef7319a318,709d64c3-25fd-5443-b84e-22fe5d02c372,e345dcbb-658d-54b0-a585-75f430e81e07,True,True
66af4ec3-aa5d-5ac1-97c2-27ef7319a318,1df7d067-5041-5b86-920c-5c1f8777298f,e345dcbb-658d-54b0-a585-75f430e81e07,True,True
66af4ec3-aa5d-5ac1-97c2-27ef7319a318,980dc1be-52ab-5ea9-bd84-197676df2369,e345dcbb-658d-54b0-a585-75f430e81e07,True,True
66af4ec3-aa5d-5ac1-97c2-27ef7319a318,c73156a0-c3f2-541d-85d0-1e3c5239977f,e345dcbb-658d-54b0-a585-75f430e81e07,True,True
66af4ec3-aa5d-5ac1-97c2-27ef7319a318,a64687dd-d903-5ebf-b314-b69e8026c71f,e345dcbb-658d-54b0-a585-75f430e81e07,True,True
66af4ec3-aa5d-5ac1-97c2-27ef7319a318,3177cbae-a9a2-58a9-9d00-e1ad504e3db5,e345dcbb-658d-54b0-a585-75f430e81e07,True,True
66af4ec3-aa5d-5ac1-97c2-27ef7319a318,35d4fd17-9201-5a20-9d77-7e51db928503,e345dcbb-658d-54b0-a585-75f430e81e07,True,True
66af4ec3-aa5d-5ac1-97c2-27ef7319a318,7bd426d0-dd91-5bb0-abcf-b2ced778cf48,e345dcbb-658d-54b0-a585-75f430e81e07,True,True
66af4ec3-aa5d-5ac1-97c2-27ef7319a318,f7d52787-b929-57bd-99ca-539072cc7749,e345dcbb-658d-54b0-a585-75f430e81e07,True,True
66af4ec3-aa5d-5ac1-97c2-27ef7319a318,3172cfdb-91d2-58a3-a623-1b22dae99a50,e345dcbb-658d-54b0-a585-75f430e81e07,True,True
66af4ec3-aa5d-5ac1-97c2-27ef7319a318,2af1cb7f-e899-597b-b284-27916ba2a1b8,e345dcbb-658d-54b0-a585-75f430e81e07,True,True
66af4ec3-aa5d-5ac1-97c2-27ef7319a318,ec09c48f-ea79-5b67-8705-3d33ec4df5d2,e345dcbb-658d-54b0-a585-75f430e81e07,True,True
66af4ec3-aa5d-5ac1-97c2-27ef7319a318,4821da1e-bfcc-5b1d-af7c-cd6579b0598f,e345dcbb-658d-54b0-a585-75f430e81e07,True,True
66af4ec3-aa5d-5ac1-97c2-27ef7319a318,9a12bfe1-51a0-50c5-a44c-8e6cf3487825,e345dcbb-658d-54b0-a585-75f430e81e07,True,True
66af4ec3-aa5d-5ac1-97c2-27ef7319a318,4b38d04c-1ed1-5dd9-be3c-5bbd9f5aabe6,e345dcbb-658d-54b0-a585-75f430e81e07,True,True
66af4ec3-aa5d-5ac1-97c2-27ef7319a318,a9a20e6a-f4a3-57a1-94c4-a6f7b664ab46,e345dcbb-658d-54b0-a585-75f430e81e07,True,True
66af4ec3-aa5d-5ac1-97c2-27ef7319a318,5cdd6bb8-3c9a-5f48-87fc-683924a42829,e345dcbb-658d-54b0-a585-75f430e81e07,True,True
66af4ec3-aa5d-5ac1-97c2-27ef7319a318,11329535-46a2-5961-96fe-527a206fc41a,e345dcbb-658d-54b0-a585-75f430e81e07,True,True
66af4ec3-aa5d-5ac1-97c2-27ef7319a318,0afe33c1-0ff9-5ad7-a638-a1efe442e72c,e345dcbb-658d-54b0-a585-75f430e81e07,True,True
66af4ec3-aa5d-5ac1-97c2-27ef7319a318,eea5dc12-583e-5a80-a033-c77542577e0c,e345dcbb-658d-54b0-a585-75f430e81e07,True,True
66af4ec3-aa5d-5ac1-97c2-27ef7319a318,e2b22bee-a532-5cf1-9835-161d8b00fc94,e345dcbb-658d-54b0-a585-75f430e81e07,True,True
66af4ec3-aa5d-5ac1-97c2-27ef7319a318,a6801fd4-ceb6-5e3e-a7ea-695a4bd6c457,e345dcbb-658d-54b0-a585-75f430e81e07,True,True
66af4ec3-aa5d-5ac1-97c2-27ef7319a318,ae673da7-926b-5af8-9f79-840780e80018,e345dcbb-658d-54b0-a585-75f430e81e07,True,True
66af4ec3-aa5d-5ac1-97c2-27ef7319a318,8de2cee7-b0a6-5bc5-ab9c-c40665c5d8f3,e345dcbb-658d-54b0-a585-75f430e81e07,True,True
66af4ec3-aa5d-5ac1-97c2-27ef7319a318,59ec0dbc-6bd8-543c-a799-72d1cff19094,e345dcbb-658d-54b0-a585-75f430e81e07,True,True
66af4ec3-aa5d-5ac1-97c2-27ef7319a318,f8e73618-3e58-5b25-8220-20b889a84ad2,e345dcbb-658d-54b0-a585-75f430e81e07,True,True
66af4ec3-aa5d-5ac1-97c2-27ef7319a318,19764945-a859-50a4-923b-34a9270becb5,e345dcbb-658d-54b0-a585-75f430e81e07,True,True
66af4ec3-aa5d-5ac1-97c2-27ef7319a318,52bdfe38-ad75-5d93-8d84-08c9b6f40bee,e345dcbb-658d-54b0-a585-75f430e81e07,True,True
66af4ec3-aa5d-5ac1-97c2-27ef7319a318,ca881417-a8ef-5f2e-8b18-5fcdfc0414b4,e345dcbb-658d-54b0-a585-75f430e81e07,True,True
66af4ec3-aa5d-5ac1-97c2-27ef7319a318,6d046d28-f86e-56dc-8795-3635b4705c1e,e345dcbb-658d-54b0-a585-75f430e81e07,True,True
66af4ec3-aa5d-5ac1-97c2-27ef7319a318,3bececa6-c56c-5de9-9c37-8c3ca2212d89,e345dcbb-658d-54b0-a585-75f430e81e07,True,True
66af4ec3-aa5d-5ac1-97c2-27ef7319a318,14b9e56e-d4d6-5e9b-a80c-ffc8f400eab3,e345dcbb-658d-54b0-a585-75f430e81e07,True,True
66af4ec3-aa5d-5ac1-97c2-27ef7319a318,72f16f30-2164-565e-946a-d6c583fff9d8,e345dcbb-658d-54b0-a585-75f430e81e07,True,True
66af4ec3-aa5d-5ac1-97c2-27ef7319a318,9d98c28e-bd85-5306-b75a-1ae9264c8bcd,e345dcbb-658d-54b0-a585-75f430e81e07,True,True
66af4ec3-aa5d-5ac1-97c2-27ef7319a318,b068ca61-95a8-5400-bfdd-ffee99dd23cd,e345dcbb-658d-54b0-a585-75f430e81e07,True,True
66af4ec3-aa5d-5ac1-97c2-27ef7319a318,2fc866e6-beb0-5aae-872c-c80930dc9dfe,e345dcbb-658d-54b0-a585-75f430e81e07,True,True
66af4ec3-aa5d-5ac1-97c2-27ef7319a318,91010ad3-024f-592a-a509-7b2f5a661af2,e345dcbb-658d-54b0-a585-75f430e81e07,True,True
66af4ec3-aa5d-5ac1-97c2-27ef7319a318,a741c025-a425-589e-9610-ffba8370b7ba,e345dcbb-658d-54b0-a585-75f430e81e07,True,True
66af4ec3-aa5d-5ac1-97c2-27ef7319a318,37371a45-12ed-572e-b351-593b6122bbdd,e345dcbb-658d-54b0-a585-75f430e81e07,True,True
66af4ec3-aa5d-5ac1-97c2-27ef7319a318,67694202-6180-581a-837d-8d0a96bb7a87,e345dcbb-658d-54b0-a585-75f430e81e07,True,True
66af4ec3-aa5d-5ac1-97c2-27ef7319a318,d6b9d55b-73df-5c9b-9a94-bb3fb005f0a3,e345dcbb-658d-54b0-a585-75f430e81e07,True,True
66af4ec3-aa5d-5ac1-97c2-27ef7319a318,59882125-ffcd-5766-b5d6-9d2fdb8225d2,e345dcbb-658d-54b0-a585-75f430e81e07,True,True
66af4ec3-aa5d-5ac1-97c2-27ef7319a318,7acc67f8-e863-5dae-a198-2d37fac85009,e345dcbb-658d-54b0-a585-75f430e81e07,True,True
66af4ec3-aa5d-5ac1-97c2-27ef7319a318,7e29aafe-70b9-5619-9e9d-3380e7dc5584,e345dcbb-658d-54b0-a585-75f430e81e07,True,True
66af4ec3-aa5d-5ac1-97c2-27ef7319a318,33749936-5898-522c-aa84-cacbebf07ce1,e345dcbb-658d-54b0-a585-75f430e81e07,True,True
66af4ec3-aa5d-5ac1-97c2-27ef7319a318,3357c8be-4053-5c32-90eb-40ae4d554fd4,e345dcbb-658d-54b0-a585-75f430e81e07,True,True
66af4ec3-aa5d-5ac1-97c2-27ef7319a318,ea907ca9-25ae-5499-830c-152713f83692,e345dcbb-658d-54b0-a585-75f430e81e07,True,True
66af4ec3-aa5d-5ac1-97c2-27ef7319a318,491ed786-5d53-5a49-877b-c93d03fb0926,e345dcbb-658d-54b0-a585-75f430e81e07,True,True
66af4ec3-aa5d-5ac1-97c2-27ef7319a318,7604c04b-9a1c-5bf4-9489-65574f7ecd72,e345dcbb-658d-54b0-a585-75f430e81e07,True,True
66af4ec3-aa5d-5ac1-97c2-27ef7319a318,9f27a094-f0a8-5d46-be1e-062e8ce924e5,e345dcbb-658d-54b0-a585-75f430e81e07,True,True
66af4ec3-aa5d-5ac1-97c2-27ef7319a318,4823beee-ce69-5bcc-b42b-32b751e50b6c,e345dcbb-658d-54b0-a585-75f430e81e07,True,True
66af4ec3-aa5d-5ac1-97c2-27ef7319a318,f5f45941-c508-5d7e-8e1f-8b835cbf7681,e345dcbb-658d-54b0-a585-75f430e81e07,True,True
66af4ec3-aa5d-5ac1-97c2-27ef7319a318,74f88e6d-6f9b-5f16-9c27-0a63d415b636,e345dcbb-658d-54b0-a585-75f430e81e07,True,True
66af4ec3-aa5d-5ac1-97c2-27ef7319a318,95148fe7-4a1f-5edc-9652-a8719d76dc56,e345dcbb-658d-54b0-a585-75f430e81e07,True,True
66af4ec3-aa5d-5ac1-97c2-27ef7319a318,628c5c7e-5217-57b0-939e-9d0045854f40,e345dcbb-658d-54b0-a585-75f430e81e07,True,True
66af4ec3-aa5d-5ac1-97c2-27ef7319a318,f34a8b18-6a15-5a76-9100-75d0f9101dc1,e345dcbb-658d-54b0-a585-75f430e81e07,True,True
66af4ec3-aa5d-5ac1-97c2-27ef7319a318,3d465457-d8bc-58fe-8d99-499047f18287,e345dcbb-658d-54b0-a585-75f430e81e07,True,True
66af4ec3-aa5d-5ac1-97c2-27ef7319a318,dfe72c05-6fe9-5220-a6fd-87412a7d5b64,e345dcbb-658d-54b0-a585-75f430e81e07,True,True
66af4ec3-aa5d-5ac1-97c2-27ef7319a318,0cccbeb6-2537-5a24-9389-4e5f169f00d4,e345dcbb-658d-54b0-a585-75f430e81e07,True,True
66af4ec3-aa5d-5ac1-97c2-27ef7319a318,6c900429-6cdc-5de4-96f3-357707b6bde8,e345dcbb-658d-54b0-a585-75f430e81e07,True,True
66af4ec3-aa5d-5ac1-97c2-27ef7319a318,ca60bdb4-c418-541e-a3fb-df73fe16488c,e345dcbb-658d-54b0-a585-75f430e81e07,True,True
66af4ec3-aa5d-5ac1-97c2-27ef7319a318,a29f1c30-30c4-5aec-9532-163fe8632c9e,e345dcbb-658d-54b0-a585-75f430e81e07,True,True
66af4ec3-aa5d-5ac1-97c2-27ef7319a318,d66bd3b6-2dc0-58a0-9ab0-3503674c0602,e345dcbb-658d-54b0-a585-75f430e81e07,True,True
66af4ec3-aa5d-5ac1-97c2-27ef7319a318,9bc8f02b-c425-53ec-a29f-5ed6bb549b4d,e345dcbb-658d-54b0-a585-75f430e81e07,True,True
66af4ec3-aa5d-5ac1-97c2-27ef7319a318,6f705ca7-7d6a-5b77-9dfb-4233197c664c,e345dcbb-658d-54b0-a585-75f430e81e07,True,True
66af4ec3-aa5d-5ac1-97c2-27ef7319a318,af14fecd-9bce-5742-aa42-109cdfd6d26a,e345dcbb-658d-54b0-a585-75f430e81e07,True,True
66af4ec3-aa5d-5ac1-97c2-27ef7319a318,b78a1d83-5736-582b-bf1d-a41f2811aef2,e345dcbb-658d-54b0-a585-75f430e81e07,True,True
66af4ec3-aa5d-5ac1-97c2-27ef7319a318,b290c7b1-36aa-539d-af1b-3c652583b6ec,e345dcbb-658d-54b0-a585-75f430e81e07,True,True
66af4ec3-aa5d-5ac1-97c2-27ef7319a318,c720647e-584c-58cb-a982-d8a8232d362b,e345dcbb-658d-54b0-a585-75f430e81e07,True,True
66af4ec3-aa5d-5ac1-97c2-27ef7319a318,2d64684f-4e7c-5e64-8155-44e5efe2e7da,e55a337e-1c87-5b9d-8625-f0b4bd2dc0ae,True,True
66af4ec3-aa5d-5ac1-97c2-27ef7319a318,4832a610-1d53-5a07-89cb-8c334bb6fddc,e55a337e-1c87-5b9d-8625-f0b4bd2dc0ae,True,True
66af4ec3-aa5d-5ac1-97c2-27ef7319a318,d1272738-c931-5df8-a027-10e70a2676a9,e55a337e-1c87-5b9d-8625-f0b4bd2dc0ae,True,True
66af4ec3-aa5d-5ac1-97c2-27ef7319a318,5dce2849-88d1-5b09-b0fa-8d34d82368ee,e55a337e-1c87-5b9d-8625-f0b4bd2dc0ae,True,True
66af4ec3-aa5d-5ac1-97c2-27ef7319a318,8f7969d2-50bf-50be-92be-6a99662ee60e,e55a337e-1c87-5b9d-8625-f0b4bd2dc0ae,True,True
66af4ec3-aa5d-5ac1-97c2-27ef7319a318,09c5ca45-ce3e-58c0-abc1-1f6ee4e6b0fe,e55a337e-1c87-5b9d-8625-f0b4bd2dc0ae,True,True
66af4ec3-aa5d-5ac1-97c2-27ef7319a318,b8f90c27-e932-56f9-9353-66b7a45d970d,e55a337e-1c87-5b9d-8625-f0b4bd2dc0ae,True,True
66af4ec3-aa5d-5ac1-97c2-27ef7319a318,b2f95598-905f-5278-a97c-d78d80f5c203,e55a337e-1c87-5b9d-8625-f0b4bd2dc0ae,True,True
66af4ec3-aa5d-5ac1-97c2-27ef7319a318,56415b1f-bbdc-54aa-98b8-789b21c4162a,e55a337e-1c87-5b9d-8625-f0b4bd2dc0ae,True,True
66af4ec3-aa5d-5ac1-97c2-27ef7319a318,27c77ebc-01be-525d-ad44-2d65e44283c9,e55a337e-1c87-5b9d-8625-f0b4bd2dc0ae,True,True
66af4ec3-aa5d-5ac1-97c2-27ef7319a318,8b7dfc18-d8d8-5c17-b110-69ef9003c43d,e55a337e-1c87-5b9d-8625-f0b4bd2dc0ae,True,True
66af4ec3-aa5d-5ac1-97c2-27ef7319a318,7798acaf-5860-52b3-bc6f-a4997c30f26b,e55a337e-1c87-5b9d-8625-f0b4bd2dc0ae,True,True
66af4ec3-aa5d-5ac1-97c2-27ef7319a318,4b736e15-accd-566e-8a2c-9d8d3b438e2e,e55a337e-1c87-5b9d-8625-f0b4bd2dc0ae,True,True
66af4ec3-aa5d-5ac1-97c2-27ef7319a318,05400a9c-79f2-5a53-b2b1-5e9c67f8aaf7,e55a337e-1c87-5b9d-8625-f0b4bd2dc0ae,True,True
66af4ec3-aa5d-5ac1-97c2-27ef7319a318,918eeeec-8870-514b-9c48-ed089a931870,e55a337e-1c87-5b9d-8625-f0b4bd2dc0ae,True,True
66af4ec3-aa5d-5ac1-97c2-27ef7319a318,4db1ccb8-7305-522e-8ee8-1bbd9f3e9fa1,e55a337e-1c87-5b9d-8625-f0b4bd2dc0ae,True,True
66af4ec3-aa5d-5ac1-97c2-27ef7319a318,e87a3d55-efd2-5669-94a4-5e227f687b1d,e55a337e-1c87-5b9d-8625-f0b4bd2dc0ae,True,True
66af4ec3-aa5d-5ac1-97c2-27ef7319a318,404a2789-cad2-5ce2-8bad-c22f41d050ba,e55a337e-1c87-5b9d-8625-f0b4bd2dc0ae,True,True
66af4ec3-aa5d-5ac1-97c2-27ef7319a318,07fddd3b-ee2c-5e2b-b3a4-e546fe4296d4,e55a337e-1c87-5b9d-8625-f0b4bd2dc0ae,True,True
66af4ec3-aa5d-5ac1-97c2-27ef7319a318,92f45696-4668-54e2-9857-c749a881c75c,e55a337e-1c87-5b9d-8625-f0b4bd2dc0ae,True,True
66af4ec3-aa5d-5ac1-97c2-27ef7319a318,3ad408f5-f73e-530d-8ad5-4a8e543daffa,e55a337e-1c87-5b9d-8625-f0b4bd2dc0ae,True,True
66af4ec3-aa5d-5ac1-97c2-27ef7319a318,489317ce-9796-5ae7-a32c-2c40edbfcd39,e55a337e-1c87-5b9d-8625-f0b4bd2dc0ae,True,True
66af4ec3-aa5d-5ac1-97c2-27ef7319a318,e074442d-6252-53d7-b18e-bc6bb44ca14a,e55a337e-1c87-5b9d-8625-f0b4bd2dc0ae,True,True
66af4ec3-aa5d-5ac1-97c2-27ef7319a318,d1e7f3ed-9ed6-5920-a5b2-ae9834f539cd,e55a337e-1c87-5b9d-8625-f0b4bd2dc0ae,True,True
66af4ec3-aa5d-5ac1-97c2-27ef7319a318,361419cd-316e-5a46-8ba2-9d98eacddc81,e55a337e-1c87-5b9d-8625-f0b4bd2dc0ae,True,True
66af4ec3-aa5d-5ac1-97c2-27ef7319a318,4c811ef6-4a2b-5f66-9765-4977c917b2e8,e55a337e-1c87-5b9d-8625-f0b4bd2dc0ae,True,True
66af4ec3-aa5d-5ac1-97c2-27ef7319a318,bdcdfc5e-4253-50ab-b1ad-487580b939eb,e55a337e-1c87-5b9d-8625-f0b4bd2dc0ae,True,True
66af4ec3-aa5d-5ac1-97c2-27ef7319a318,a5745deb-daa2-5976-b00d-7fe42c45d4ba,e55a337e-1c87-5b9d-8625-f0b4bd2dc0ae,True,True
66af4ec3-aa5d-5ac1-97c2-27ef7319a318,bdf6642b-9093-5594-8b44-26a515dd888e,e55a337e-1c87-5b9d-8625-f0b4bd2dc0ae,True,True
66af4ec3-aa5d-5ac1-97c2-27ef7319a318,666a4919-a8fc-501c-be03-26bc0b36062d,e55a337e-1c87-5b9d-8625-f0b4bd2dc0ae,True,True
66af4ec3-aa5d-5ac1-97c2-27ef7319a318,c948ba30-1431-5462-a7bb-72e9cea1b57e,e55a337e-1c87-5b9d-8625-f0b4bd2dc0ae,True,True
66af4ec3-aa5d-5ac1-97c2-27ef7319a318,210a2330-a23b-5cb4-b6e3-675a2b945161,e55a337e-1c87-5b9d-8625-f0b4bd2dc0ae,True,True
66af4ec3-aa5d-5ac1-97c2-27ef7319a318,73fbdac0-f357-5c98-b701-b16c74ca818f,e55a337e-1c87-5b9d-8625-f0b4bd2dc0ae,True,True
66af4ec3-aa5d-5ac1-97c2-27ef7319a318,7709bf89-631c-54c5-af00-b0fc46a3e129,e55a337e-1c87-5b9d-8625-f0b4bd2dc0ae,True,True
66af4ec3-aa5d-5ac1-97c2-27ef7319a318,f948df6b-6dbd-5e3e-89f4-6a4db983b75a,e55a337e-1c87-5b9d-8625-f0b4bd2dc0ae,True,True
66af4ec3-aa5d-5ac1-97c2-27ef7319a318,12198dbe-d1d5-5a83-b60b-8bae457831ab,e55a337e-1c87-5b9d-8625-f0b4bd2dc0ae,True,True
66af4ec3-aa5d-5ac1-97c2-27ef7319a318,6f3523dc-b6d9-541d-9e14-92702d67d947,e55a337e-1c87-5b9d-8625-f0b4bd2dc0ae,True,True
66af4ec3-aa5d-5ac1-97c2-27ef7319a318,948b34aa-3380-57e5-aa29-6802cab652fb,e55a337e-1c87-5b9d-8625-f0b4bd2dc0ae,True,True
66af4ec3-aa5d-5ac1-97c2-27ef7319a318,3b0de82f-994f-5177-bc52-a5c4f3c98b22,e55a337e-1c87-5b9d-8625-f0b4bd2dc0ae,True,True
66af4ec3-aa5d-5ac1-97c2-27ef7319a318,21cf357d-8e52-5b76-95a0-75c5f57792f4,e55a337e-1c87-5b9d-8625-f0b4bd2dc0ae,True,True
66af4ec3-aa5d-5ac1-97c2-27ef7319a318,27e91f1e-2d5d-5ea3-81d5-df48558fd932,e55a337e-1c87-5b9d-8625-f0b4bd2dc0ae,True,True
66af4ec3-aa5d-5ac1-97c2-27ef7319a318,9355ad48-61d9-59cb-b56c-bb4d57d6a4f8,e55a337e-1c87-5b9d-8625-f0b4bd2dc0ae,True,True
66af4ec3-aa5d-5ac1-97c2-27ef7319a318,de563a60-c33c-5272-8677-1dac7e5e2bbc,e55a337e-1c87-5b9d-8625-f0b4bd2dc0ae,True,True
66af4ec3-aa5d-5ac1-97c2-27ef7319a318,64bf8179-31aa-5454-a8de-9e05a32325c8,e55a337e-1c87-5b9d-8625-f0b4bd2dc0ae,True,True
66af4ec3-aa5d-5ac1-97c2-27ef7319a318,07888fd0-7c73-54f7-be73-39ba8c100bd6,e55a337e-1c87-5b9d-8625-f0b4bd2dc0ae,True,True
66af4ec3-aa5d-5ac1-97c2-27ef7319a318,bddeee3e-7dda-5b4f-8363-00ee3dc30a5a,e55a337e-1c87-5b9d-8625-f0b4bd2dc0ae,True,True
66af4ec3-aa5d-5ac1-97c2-27ef7319a318,bdc49380-7704-5911-a150-6411382c5c19,e55a337e-1c87-5b9d-8625-f0b4bd2dc0ae,True,True
66af4ec3-aa5d-5ac1-97c2-27ef7319a318,8066b1c0-3c31-5809-b79b-a8a6d91dc3b6,e55a337e-1c87-5b9d-8625-f0b4bd2dc0ae,True,True
66af4ec3-aa5d-5ac1-97c2-27ef7319a318,c3139b15-683e-542c-a60b-9f3e9d12880c,e55a337e-1c87-5b9d-8625-f0b4bd2dc0ae,True,True
66af4ec3-aa5d-5ac1-97c2-27ef7319a318,26718aaf-4fbb-5011-8dc6-e1b85e6431ab,e55a337e-1c87-5b9d-8625-f0b4bd2dc0ae,True,True
66af4ec3-aa5d-5ac1-97c2-27ef7319a318,b7895acb-96e3-54e1-9c0e-6ef5aa6e7b65,e55a337e-1c87-5b9d-8625-f0b4bd2dc0ae,True,True
66af4ec3-aa5d-5ac1-97c2-27ef7319a318,99bc2e32-ff43-55f0-a148-1289a6c769c4,e55a337e-1c87-5b9d-8625-f0b4bd2dc0ae,True,True
66af4ec3-aa5d-5ac1-97c2-27ef7319a318,03124de4-556a-5a4e-b86a-29248e959b2e,e55a337e-1c87-5b9d-8625-f0b4bd2dc0ae,True,True
66af4ec3-aa5d-5ac1-97c2-27ef7319a318,7b64e650-bf7e-5c3f-9dff-55805b38fc0f,e55a337e-1c87-5b9d-8625-f0b4bd2dc0ae,True,True
66af4ec3-aa5d-5ac1-97c2-27ef7319a318,070aa758-972e-59b3-8d9e-252e3e12dc79,e55a337e-1c87-5b9d-8625-f0b4bd2dc0ae,True,True
66af4ec3-aa5d-5ac1-97c2-27ef7319a318,dbb9ec47-05ff-510a-b450-1ce159ccd993,e55a337e-1c87-5b9d-8625-f0b4bd2dc0ae,True,True
66af4ec3-aa5d-5ac1-97c2-27ef7319a318,f6f9d5f9-02b8-5a43-9c7e-5b48901af946,e55a337e-1c87-5b9d-8625-f0b4bd2dc0ae,True,True
66af4ec3-aa5d-5ac1-97c2-27ef7319a318,d3dab741-fc70-56c9-bee7-f6b4aff666ca,e55a337e-1c87-5b9d-8625-f0b4bd2dc0ae,True,True
66af4ec3-aa5d-5ac1-97c2-27ef7319a318,1b8892e3-11d2-574d-95d5-5c8307ad7e9d,e55a337e-1c87-5b9d-8625-f0b4bd2dc0ae,True,True
66af4ec3-aa5d-5ac1-97c2-27ef7319a318,42ea9fad-ecfd-5543-9f7d-47f16501ef9c,e55a337e-1c87-5b9d-8625-f0b4bd2dc0ae,True,True
66af4ec3-aa5d-5ac1-97c2-27ef7319a318,61e1dfb8-90cf-5d24-81b4-69e63a684041,e55a337e-1c87-5b9d-8625-f0b4bd2dc0ae,True,True
66af4ec3-aa5d-5ac1-97c2-27ef7319a318,33fb30ea-a154-5a99-8c89-f367c3ae706c,e55a337e-1c87-5b9d-8625-f0b4bd2dc0ae,True,True
66af4ec3-aa5d-5ac1-97c2-27ef7319a318,20f9b135-b829-5761-b9a6-09082ae50952,e55a337e-1c87-5b9d-8625-f0b4bd2dc0ae,True,True
66af4ec3-aa5d-5ac1-97c2-27ef7319a318,c802a442-9cd4-5e70-911c-4fbe21fb3ce2,e55a337e-1c87-5b9d-8625-f0b4bd2dc0ae,True,True
66af4ec3-aa5d-5ac1-97c2-27ef7319a318,04a2505d-4f89-54e7-914f-2a888da80313,e55a337e-1c87-5b9d-8625-f0b4bd2dc0ae,True,True
66af4ec3-aa5d-5ac1-97c2-27ef7319a318,9bbe7cf9-339f-51c3-8cc1-dee2aeec3e6a,e55a337e-1c87-5b9d-8625-f0b4bd2dc0ae,True,True
66af4ec3-aa5d-5ac1-97c2-27ef7319a318,0f6a571d-c066-5ec3-bc96-4633c5ebbde6,e55a337e-1c87-5b9d-8625-f0b4bd2dc0ae,True,True
66af4ec3-aa5d-5ac1-97c2-27ef7319a318,e3c90257-52f6-5877-97c8-138b8468b35d,e55a337e-1c87-5b9d-8625-f0b4bd2dc0ae,True,True
66af4ec3-aa5d-5ac1-97c2-27ef7319a318,3e2408fa-68b6-506e-8783-3e3342ab5f42,e55a337e-1c87-5b9d-8625-f0b4bd2dc0ae,True,True
66af4ec3-aa5d-5ac1-97c2-27ef7319a318,18108183-1e22-5fa6-bfcb-2bb560b46f66,e55a337e-1c87-5b9d-8625-f0b4bd2dc0ae,True,True
66af4ec3-aa5d-5ac1-97c2-27ef7319a318,b16c0376-2c5c-57fd-95a2-222137905296,e55a337e-1c87-5b9d-8625-f0b4bd2dc0ae,True,True
66af4ec3-aa5d-5ac1-97c2-27ef7319a318,77794dd5-a38f-5361-9387-b40cd8747e2c,e55a337e-1c87-5b9d-8625-f0b4bd2dc0ae,True,True
66af4ec3-aa5d-5ac1-97c2-27ef7319a318,aba8a712-fa1a-585b-983f-2c8e5db447a7,e55a337e-1c87-5b9d-8625-f0b4bd2dc0ae,True,True
66af4ec3-aa5d-5ac1-97c2-27ef7319a318,4764e281-e5d3-56bf-a7d1-6034b853a9c1,e55a337e-1c87-5b9d-8625-f0b4bd2dc0ae,True,True
66af4ec3-aa5d-5ac1-97c2-27ef7319a318,4628df32-65ca-5948-9ae9-2289adfa8a0d,e55a337e-1c87-5b9d-8625-f0b4bd2dc0ae,True,True
66af4ec3-aa5d-5ac1-97c2-27ef7319a318,0a05dfc3-f7b6-5134-a1d2-33b11e17b361,e55a337e-1c87-5b9d-8625-f0b4bd2dc0ae,True,True
66af4ec3-aa5d-5ac1-97c2-27ef7319a318,563e7592-3f62-5695-af24-319e0c1faa01,e55a337e-1c87-5b9d-8625-f0b4bd2dc0ae,True,True
66af4ec3-aa5d-5ac1-97c2-27ef7319a318,e886d11e-c540-58a9-8fea-ac5bea713e51,e55a337e-1c87-5b9d-8625-f0b4bd2dc0ae,True,True
66af4ec3-aa5d-5ac1-97c2-27ef7319a318,2b95f16e-b932-5ab5-962a-d4df6d2271a8,e55a337e-1c87-5b9d-8625-f0b4bd2dc0ae,True,True
66af4ec3-aa5d-5ac1-97c2-27ef7319a318,27b01922-0393-5fd7-a0f9-dab90def0dfa,e55a337e-1c87-5b9d-8625-f0b4bd2dc0ae,True,True
66af4ec3-aa5d-5ac1-97c2-27ef7319a318,a98cc4dd-74b8-5c8b-8885-1e362144c47a,e55a337e-1c87-5b9d-8625-f0b4bd2dc0ae,True,True
66af4ec3-aa5d-5ac1-97c2-27ef7319a318,1916eae5-3ead-500d-bf42-2ebca844102e,e55a337e-1c87-5b9d-8625-f0b4bd2dc0ae,True,True
66af4ec3-aa5d-5ac1-97c2-27ef7319a318,01a086a6-ec9e-51b4-a3d0-5f504a1e37d2,e55a337e-1c87-5b9d-8625-f0b4bd2dc0ae,True,True
66af4ec3-aa5d-5ac1-97c2-27ef7319a318,e8a956f4-ac70-5389-944a-8493ff4c3470,e55a337e-1c87-5b9d-8625-f0b4bd2dc0ae,True,True
66af4ec3-aa5d-5ac1-97c2-27ef7319a318,26cbf9a5-d36c-55f1-be85-b459b9201e17,e55a337e-1c87-5b9d-8625-f0b4bd2dc0ae,True,True
66af4ec3-aa5d-5ac1-97c2-27ef7319a318,edf0ce09-0f4d-5752-9809-8c02a94ebf39,e55a337e-1c87-5b9d-8625-f0b4bd2dc0ae,True,True
66af4ec3-aa5d-5ac1-97c2-27ef7319a318,b89a4b5c-9d5c-50ae-bf3a-80cbe02d11ec,e55a337e-1c87-5b9d-8625-f0b4bd2dc0ae,True,True
66af4ec3-aa5d-5ac1-97c2-27ef7319a318,f5add937-c841-57ad-9ff1-2517532ddbee,e55a337e-1c87-5b9d-8625-f0b4bd2dc0ae,True,True
66af4ec3-aa5d-5ac1-97c2-27ef7319a318,a3788d67-75d2-5aa5-b820-58e2c50de0b9,e55a337e-1c87-5b9d-8625-f0b4bd2dc0ae,True,True
66af4ec3-aa5d-5ac1-97c2-27ef7319a318,339eeccc-6435-51d2-8d3e-bd20f0931b05,e55a337e-1c87-5b9d-8625-f0b4bd2dc0ae,True,True
66af4ec3-aa5d-5ac1-97c2-27ef7319a318,33480390-2fba-5cb9-90b6-a0c027b86877,e55a337e-1c87-5b9d-8625-f0b4bd2dc0ae,True,True
66af4ec3-aa5d-5ac1-97c2-27ef7319a318,925ecf6e-0917-5041-ba97-ff577f28fc05,e55a337e-1c87-5b9d-8625-f0b4bd2dc0ae,True,True
66af4ec3-aa5d-5ac1-97c2-27ef7319a318,b004bb44-bc47-5206-b2f7-57d24a29fc68,e55a337e-1c87-5b9d-8625-f0b4bd2dc0ae,True,True
66af4ec3-aa5d-5ac1-97c2-27ef7319a318,56463864-ac1e-58db-bb72-b15fa3010b6b,e55a337e-1c87-5b9d-8625-f0b4bd2dc0ae,True,True
66af4ec3-aa5d-5ac1-97c2-27ef7319a318,f1d179fa-19cc-566b-8cd9-06d6605ec1bb,e55a337e-1c87-5b9d-8625-f0b4bd2dc0ae,True,True
66af4ec3-aa5d-5ac1-97c2-27ef7319a318,d5789821-d3e9-5a91-b6f4-43a024ab9899,e55a337e-1c87-5b9d-8625-f0b4bd2dc0ae,True,True
66af4ec3-aa5d-5ac1-97c2-27ef7319a318,5c0918e2-cd35-58a5-8e94-14dc8a05f965,e55a337e-1c87-5b9d-8625-f0b4bd2dc0ae,True,True
66af4ec3-aa5d-5ac1-97c2-27ef7319a318,e2a96175-40fa-597e-8d5b-d1719f2a66a8,e55a337e-1c87-5b9d-8625-f0b4bd2dc0ae,True,True
66af4ec3-aa5d-5ac1-97c2-27ef7319a318,f5d2d775-1644-58cb-adfb-7b72808170f1,e55a337e-1c87-5b9d-8625-f0b4bd2dc0ae,True,True
66af4ec3-aa5d-5ac1-97c2-27ef7319a318,0578c22c-2473-5c52-a963-62addf0376cc,e55a337e-1c87-5b9d-8625-f0b4bd2dc0ae,True,True
66af4ec3-aa5d-5ac1-97c2-27ef7319a318,7b037243-e3d7-542a-8311-013d29c45819,e55a337e-1c87-5b9d-8625-f0b4bd2dc0ae,True,True
66af4ec3-aa5d-5ac1-97c2-27ef7319a318,e9bf8fd1-dd1b-55d3-948e-4b8d7236724c,e55a337e-1c87-5b9d-8625-f0b4bd2dc0ae,True,True
66af4ec3-aa5d-5ac1-97c2-27ef7319a318,2675d2a3-3bdc-5c60-a510-0812a5cb1b68,e55a337e-1c87-5b9d-8625-f0b4bd2dc0ae,True,True
66af4ec3-aa5d-5ac1-97c2-27ef7319a318,61096a25-a766-54ba-8101-2cff054ef750,e55a337e-1c87-5b9d-8625-f0b4bd2dc0ae,True,True
66af4ec3-aa5d-5ac1-97c2-27ef7319a318,2993d5a4-1b22-51b6-ac8f-6e6992b3cb56,e55a337e-1c87-5b9d-8625-f0b4bd2dc0ae,True,True
66af4ec3-aa5d-5ac1-97c2-27ef7319a318,9c095a8c-dcdf-5a4b-9f50-ae290fb5301c,e55a337e-1c87-5b9d-8625-f0b4bd2dc0ae,True,True
66af4ec3-aa5d-5ac1-97c2-27ef7319a318,bedde3f4-b393-5b04-9d4a-66599a531fbd,e55a337e-1c87-5b9d-8625-f0b4bd2dc0ae,True,True
66af4ec3-aa5d-5ac1-97c2-27ef7319a318,5685477b-1fd7-5713-93a1-8c58f0d81420,e55a337e-1c87-5b9d-8625-f0b4bd2dc0ae,True,True
66af4ec3-aa5d-5ac1-97c2-27ef7319a318,fc828a51-65cb-59e4-95e3-5a0cf49d461d,e55a337e-1c87-5b9d-8625-f0b4bd2dc0ae,True,True
66af4ec3-aa5d-5ac1-97c2-27ef7319a318,e59e0cb7-1a6c-59dd-8918-383ad5f3b7d5,e55a337e-1c87-5b9d-8625-f0b4bd2dc0ae,True,True
66af4ec3-aa5d-5ac1-97c2-27ef7319a318,2f1f8b8b-65ea-5fed-b16d-2949dbd2f5a7,e55a337e-1c87-5b9d-8625-f0b4bd2dc0ae,True,True
66af4ec3-aa5d-5ac1-97c2-27ef7319a318,8e66d899-5ac4-56e7-94a7-145b494827a7,e55a337e-1c87-5b9d-8625-f0b4bd2dc0ae,True,True
66af4ec3-aa5d-5ac1-97c2-27ef7319a318,dbc54471-3629-5869-a10d-d0b23d39d123,e55a337e-1c87-5b9d-8625-f0b4bd2dc0ae,True,True
66af4ec3-aa5d-5ac1-97c2-27ef7319a318,42fa6eec-a779-5ef7-a6e2-900d05d46ee8,e55a337e-1c87-5b9d-8625-f0b4bd2dc0ae,True,True
66af4ec3-aa5d-5ac1-97c2-27ef7319a318,cb7e051d-706e-544f-a942-33822423753d,e55a337e-1c87-5b9d-8625-f0b4bd2dc0ae,True,True
66af4ec3-aa5d-5ac1-97c2-27ef7319a318,d9ec7394-b27a-5d46-a67d-90f3a28cdbaf,e55a337e-1c87-5b9d-8625-f0b4bd2dc0ae,True,True
66af4ec3-aa5d-5ac1-97c2-27ef7319a318,8a1bfc11-4c21-506d-afb1-34b0c0bd65c7,e55a337e-1c87-5b9d-8625-f0b4bd2dc0ae,True,True
66af4ec3-aa5d-5ac1-97c2-27ef7319a318,99851a2c-83b3-5cab-b790-d9d883194958,e55a337e-1c87-5b9d-8625-f0b4bd2dc0ae,True,True
66af4ec3-aa5d-5ac1-97c2-27ef7319a318,89336368-a247-56fa-8544-754eba75135e,e55a337e-1c87-5b9d-8625-f0b4bd2dc0ae,True,True
66af4ec3-aa5d-5ac1-97c2-27ef7319a318,ebb63047-b638-548d-8546-27da83120faf,e55a337e-1c87-5b9d-8625-f0b4bd2dc0ae,True,True
66af4ec3-aa5d-5ac1-97c2-27ef7319a318,3af4b678-9a76-50df-a4bf-7f4d89208782,e55a337e-1c87-5b9d-8625-f0b4bd2dc0ae,True,True
66af4ec3-aa5d-5ac1-97c2-27ef7319a318,9f933647-84df-5d3a-824d-f1f73c5b64eb,e55a337e-1c87-5b9d-8625-f0b4bd2dc0ae,True,True
66af4ec3-aa5d-5ac1-97c2-27ef7319a318,2386f0a8-2936-5fc4-ae79-87f39c2de8aa,e55a337e-1c87-5b9d-8625-f0b4bd2dc0ae,True,True
66af4ec3-aa5d-5ac1-97c2-27ef7319a318,8764722d-cc53-5018-a37a-8165ba38a43f,e55a337e-1c87-5b9d-8625-f0b4bd2dc0ae,True,True
66af4ec3-aa5d-5ac1-97c2-27ef7319a318,6c3bafc5-10da-5d24-b70e-7dc7a4af53f5,e55a337e-1c87-5b9d-8625-f0b4bd2dc0ae,True,True
66af4ec3-aa5d-5ac1-97c2-27ef7319a318,729dbeb4-347b-50f3-9b09-524699245309,e55a337e-1c87-5b9d-8625-f0b4bd2dc0ae,True,True
66af4ec3-aa5d-5ac1-97c2-27ef7319a318,7ab8e3ff-02cc-537f-9e88-d04655d71098,e55a337e-1c87-5b9d-8625-f0b4bd2dc0ae,True,True
66af4ec3-aa5d-5ac1-97c2-27ef7319a318,a0ed6f8e-a654-5b12-b752-10b9cba62bcd,e55a337e-1c87-5b9d-8625-f0b4bd2dc0ae,True,True
66af4ec3-aa5d-5ac1-97c2-27ef7319a318,e5833f9e-85a6-5278-a7a9-a418c218150f,e55a337e-1c87-5b9d-8625-f0b4bd2dc0ae,True,True
66af4ec3-aa5d-5ac1-97c2-27ef7319a318,1d3359f0-d527-550e-afdd-73a212c8be6e,e55a337e-1c87-5b9d-8625-f0b4bd2dc0ae,True,True
66af4ec3-aa5d-5ac1-97c2-27ef7319a318,be9ed6ad-f94d-5e9c-b627-1b8d088f69e9,e55a337e-1c87-5b9d-8625-f0b4bd2dc0ae,True,True
66af4ec3-aa5d-5ac1-97c2-27ef7319a318,d943cf55-516c-5b15-b802-44c82e7cab5e,e55a337e-1c87-5b9d-8625-f0b4bd2dc0ae,True,True
66af4ec3-aa5d-5ac1-97c2-27ef7319a318,2f2b9873-219e-5f6e-9268-8d680d1e6113,e55a337e-1c87-5b9d-8625-f0b4bd2dc0ae,True,True
66af4ec3-aa5d-5ac1-97c2-27ef7319a318,4b344d22-0eff-5a80-a139-61a591f5ca73,e55a337e-1c87-5b9d-8625-f0b4bd2dc0ae,True,True
66af4ec3-aa5d-5ac1-97c2-27ef7319a318,02d1f060-c1bc-5993-9e96-3bf4010f2f96,e55a337e-1c87-5b9d-8625-f0b4bd2dc0ae,True,True
66af4ec3-aa5d-5ac1-97c2-27ef7319a318,10c859d3-31be-53c4-a6a9-ef820ea40f4c,e55a337e-1c87-5b9d-8625-f0b4bd2dc0ae,True,True
66af4ec3-aa5d-5ac1-97c2-27ef7319a318,febf5686-b4a5-517a-969f-ba87ced93bbc,e55a337e-1c87-5b9d-8625-f0b4bd2dc0ae,True,True
66af4ec3-aa5d-5ac1-97c2-27ef7319a318,7d429634-3cb3-5c2a-b8df-bc9c16d0de6d,e55a337e-1c87-5b9d-8625-f0b4bd2dc0ae,True,True
66af4ec3-aa5d-5ac1-97c2-27ef7319a318,38b36bae-1996-59e8-80b3-2660c0dde5bb,e55a337e-1c87-5b9d-8625-f0b4bd2dc0ae,True,True
66af4ec3-aa5d-5ac1-97c2-27ef7319a318,6042ba8e-be53-5845-8051-bbc16553819c,e55a337e-1c87-5b9d-8625-f0b4bd2dc0ae,True,True
66af4ec3-aa5d-5ac1-97c2-27ef7319a318,5ccd282d-7ea6-52f6-b7c1-32c5f219b97c,e55a337e-1c87-5b9d-8625-f0b4bd2dc0ae,True,True
66af4ec3-aa5d-5ac1-97c2-27ef7319a318,3e54b2ea-e17d-5c9f-a70f-c7bc882ad489,e55a337e-1c87-5b9d-8625-f0b4bd2dc0ae,True,True
66af4ec3-aa5d-5ac1-97c2-27ef7319a318,5d6b01ad-076b-5549-b0f7-d854271b55a6,e55a337e-1c87-5b9d-8625-f0b4bd2dc0ae,True,True
66af4ec3-aa5d-5ac1-97c2-27ef7319a318,0933b4bc-ce02-59ac-ac59-9bac18c19706,e55a337e-1c87-5b9d-8625-f0b4bd2dc0ae,True,True
66af4ec3-aa5d-5ac1-97c2-27ef7319a318,49fe2e59-0adb-52bd-b584-349c4152b52b,e55a337e-1c87-5b9d-8625-f0b4bd2dc0ae,True,True
66af4ec3-aa5d-5ac1-97c2-27ef7319a318,1706d35a-1195-564a-ae9d-571821df2bff,e55a337e-1c87-5b9d-8625-f0b4bd2dc0ae,True,True
66af4ec3-aa5d-5ac1-97c2-27ef7319a318,e2016e66-3741-5ccb-8d84-daae3e9193d8,e55a337e-1c87-5b9d-8625-f0b4bd2dc0ae,True,True
66af4ec3-aa5d-5ac1-97c2-27ef7319a318,0eeaf936-d8ee-5d67-b49d-be39efe42153,e55a337e-1c87-5b9d-8625-f0b4bd2dc0ae,True,True
66af4ec3-aa5d-5ac1-97c2-27ef7319a318,c526daf4-872e-50e6-ae40-dd3bd2ed4238,e55a337e-1c87-5b9d-8625-f0b4bd2dc0ae,True,True
66af4ec3-aa5d-5ac1-97c2-27ef7319a318,d90e4ff2-7eec-5029-b515-8e39d5f481d2,e55a337e-1c87-5b9d-8625-f0b4bd2dc0ae,True,True
66af4ec3-aa5d-5ac1-97c2-27ef7319a318,33ba6c55-05d0-5b0f-846e-2ddcfd9763ab,e55a337e-1c87-5b9d-8625-f0b4bd2dc0ae,True,True
66af4ec3-aa5d-5ac1-97c2-27ef7319a318,de218d98-b579-5563-a125-fe8ae084fab9,e55a337e-1c87-5b9d-8625-f0b4bd2dc0ae,True,True
66af4ec3-aa5d-5ac1-97c2-27ef7319a318,8871ee38-5a2f-55ed-a687-b1d68591d8bd,e55a337e-1c87-5b9d-8625-f0b4bd2dc0ae,True,True
66af4ec3-aa5d-5ac1-97c2-27ef7319a318,30566f62-b87d-5500-9f19-3ce115b46ffa,e55a337e-1c87-5b9d-8625-f0b4bd2dc0ae,True,True
66af4ec3-aa5d-5ac1-97c2-27ef7319a318,2bea4d43-2ef6-56f6-af6a-d7afa57d9852,e55a337e-1c87-5b9d-8625-f0b4bd2dc0ae,True,True
66af4ec3-aa5d-5ac1-97c2-27ef7319a318,6ebbd176-1364-5699-a3a2-726575592aa4,e55a337e-1c87-5b9d-8625-f0b4bd2dc0ae,True,True
66af4ec3-aa5d-5ac1-97c2-27ef7319a318,098e4fd4-2654-541a-b1e6-84ae0ca616af,e55a337e-1c87-5b9d-8625-f0b4bd2dc0ae,True,True
66af4ec3-aa5d-5ac1-97c2-27ef7319a318,04084469-e022-581f-b243-fe62dad673f8,e55a337e-1c87-5b9d-8625-f0b4bd2dc0ae,True,True
66af4ec3-aa5d-5ac1-97c2-27ef7319a318,f2c99d66-ca51-57ca-8c50-f3f2d637063b,e55a337e-1c87-5b9d-8625-f0b4bd2dc0ae,True,True
66af4ec3-aa5d-5ac1-97c2-27ef7319a318,866a43c8-fd4f-5bca-9531-fdfb33e95bbe,e55a337e-1c87-5b9d-8625-f0b4bd2dc0ae,True,True
66af4ec3-aa5d-5ac1-97c2-27ef7319a318,2f8192fe-527c-50f7-a29d-02cdb9e03c0f,e55a337e-1c87-5b9d-8625-f0b4bd2dc0ae,True,True
66af4ec3-aa5d-5ac1-97c2-27ef7319a318,8bcb8b1d-33b0-50f7-9e15-626e47484895,e55a337e-1c87-5b9d-8625-f0b4bd2dc0ae,True,True
66af4ec3-aa5d-5ac1-97c2-27ef7319a318,435af170-e275-523b-8394-15db95955975,e55a337e-1c87-5b9d-8625-f0b4bd2dc0ae,True,True
66af4ec3-aa5d-5ac1-97c2-27ef7319a318,356cb25a-c714-5f74-8019-c49140f5a716,e55a337e-1c87-5b9d-8625-f0b4bd2dc0ae,True,True
66af4ec3-aa5d-5ac1-97c2-27ef7319a318,4e7e48dd-95e1-50e0-9353-93577ae56669,e55a337e-1c87-5b9d-8625-f0b4bd2dc0ae,True,True
66af4ec3-aa5d-5ac1-97c2-27ef7319a318,3ceb31de-64de-51b1-9d1d-333e83dc5f64,e55a337e-1c87-5b9d-8625-f0b4bd2dc0ae,True,True
66af4ec3-aa5d-5ac1-97c2-27ef7319a318,acaa779b-d238-5535-9ac0-11650d600d01,e55a337e-1c87-5b9d-8625-f0b4bd2dc0ae,True,True
66af4ec3-aa5d-5ac1-97c2-27ef7319a318,ae7e1b1a-c9d9-55cc-a3e9-8ff23f8cb10c,e55a337e-1c87-5b9d-8625-f0b4bd2dc0ae,True,True
66af4ec3-aa5d-5ac1-97c2-27ef7319a318,cc7599d4-2de8-594a-914c-bbf75c8f088b,e55a337e-1c87-5b9d-8625-f0b4bd2dc0ae,True,True
66af4ec3-aa5d-5ac1-97c2-27ef7319a318,f1cda412-e387-5f61-94fd-20cae6c39e35,e55a337e-1c87-5b9d-8625-f0b4bd2dc0ae,True,True
66af4ec3-aa5d-5ac1-97c2-27ef7319a318,cc56c203-11ca-5b17-a505-89c9d8926c6a,e55a337e-1c87-5b9d-8625-f0b4bd2dc0ae,True,True
66af4ec3-aa5d-5ac1-97c2-27ef7319a318,5f9b3d04-a964-5c49-89e8-0b2f1054b21b,e55a337e-1c87-5b9d-8625-f0b4bd2dc0ae,True,True
66af4ec3-aa5d-5ac1-97c2-27ef7319a318,36ad6b59-c797-5cc3-985c-d10a0f6ed649,e55a337e-1c87-5b9d-8625-f0b4bd2dc0ae,True,True
66af4ec3-aa5d-5ac1-97c2-27ef7319a318,c48c2fe7-4a71-53da-8c8a-465a6b817f83,ee457b37-7e1a-592b-a010-583b690350e5,True,True
66af4ec3-aa5d-5ac1-97c2-27ef7319a318,82749e21-31fb-5050-9f6a-bd3bae9981f9,ee457b37-7e1a-592b-a010-583b690350e5,True,True
66af4ec3-aa5d-5ac1-97c2-27ef7319a318,d716d178-627d-5b98-82e9-b4d4f7a37893,ee457b37-7e1a-592b-a010-583b690350e5,True,True
66af4ec3-aa5d-5ac1-97c2-27ef7319a318,9c19b24c-cc7b-5924-9708-d08a18f2ef6b,ee457b37-7e1a-592b-a010-583b690350e5,True,True
66af4ec3-aa5d-5ac1-97c2-27ef7319a318,b41196a1-7e15-551e-8b5d-2a103fef1aca,ee457b37-7e1a-592b-a010-583b690350e5,True,True
66af4ec3-aa5d-5ac1-97c2-27ef7319a318,97f87744-888c-5e30-9071-cfa2b4e6694d,ee457b37-7e1a-592b-a010-583b690350e5,True,True
66af4ec3-aa5d-5ac1-97c2-27ef7319a318,ed29e5db-8b3d-5a57-b028-d97437ba10af,ee457b37-7e1a-592b-a010-583b690350e5,True,True
66af4ec3-aa5d-5ac1-97c2-27ef7319a318,3ab99f23-9c4f-54f5-ac24-9a6afb022e35,ee457b37-7e1a-592b-a010-583b690350e5,True,True
66af4ec3-aa5d-5ac1-97c2-27ef7319a318,e6b7a3ff-1b7d-5fcf-8ca0-8dd04d60f8b6,ee457b37-7e1a-592b-a010-583b690350e5,True,True
66af4ec3-aa5d-5ac1-97c2-27ef7319a318,ef2bdc77-c1be-52f8-8bc9-b55529d05518,ee457b37-7e1a-592b-a010-583b690350e5,True,True
66af4ec3-aa5d-5ac1-97c2-27ef7319a318,d5c8be5d-70f7-53e5-9d00-7399e9ee6918,ee457b37-7e1a-592b-a010-583b690350e5,True,True
66af4ec3-aa5d-5ac1-97c2-27ef7319a318,26b55040-19f0-5d84-bd75-00d51eed9c50,ee457b37-7e1a-592b-a010-583b690350e5,True,True
66af4ec3-aa5d-5ac1-97c2-27ef7319a318,31e5703e-f834-5563-ba5b-3219a321b3bc,ee457b37-7e1a-592b-a010-583b690350e5,True,True
66af4ec3-aa5d-5ac1-97c2-27ef7319a318,e6944ae2-0aee-5d8d-9f16-974537a000aa,ee457b37-7e1a-592b-a010-583b690350e5,True,True
66af4ec3-aa5d-5ac1-97c2-27ef7319a318,2f21abc7-92b6-511b-a744-2a2a77fcc9b9,ee457b37-7e1a-592b-a010-583b690350e5,True,True
66af4ec3-aa5d-5ac1-97c2-27ef7319a318,d2a6eb66-b857-5b78-ace8-28f16c1af6ba,ee457b37-7e1a-592b-a010-583b690350e5,True,True
66af4ec3-aa5d-5ac1-97c2-27ef7319a318,3b8171e3-24b9-561d-a563-ca2f4bb709f4,ee457b37-7e1a-592b-a010-583b690350e5,True,True
66af4ec3-aa5d-5ac1-97c2-27ef7319a318,8bd4c99e-a87a-59d8-9c9a-d6fa8b0d2f2e,ee457b37-7e1a-592b-a010-583b690350e5,True,True
66af4ec3-aa5d-5ac1-97c2-27ef7319a318,9c9436fe-48c5-5310-835c-bf0dd27e4f5c,ee457b37-7e1a-592b-a010-583b690350e5,True,True
66af4ec3-aa5d-5ac1-97c2-27ef7319a318,d65356e4-aefb-5430-93f1-8083c0a6748a,ee457b37-7e1a-592b-a010-583b690350e5,True,True
66af4ec3-aa5d-5ac1-97c2-27ef7319a318,447c4029-953b-5ef7-a273-2655e0f93901,ee457b37-7e1a-592b-a010-583b690350e5,True,True
66af4ec3-aa5d-5ac1-97c2-27ef7319a318,4f10ec24-cdfb-5180-9e3d-96ac3fd7a1f3,ee457b37-7e1a-592b-a010-583b690350e5,True,True
66af4ec3-aa5d-5ac1-97c2-27ef7319a318,ae263008-100a-59cd-9c61-22e1a798902e,ee457b37-7e1a-592b-a010-583b690350e5,True,True
66af4ec3-aa5d-5ac1-97c2-27ef7319a318,4772a9be-8eb1-5450-b37c-ef6c97645613,ee457b37-7e1a-592b-a010-583b690350e5,True,True
66af4ec3-aa5d-5ac1-97c2-27ef7319a318,cbb670b3-1244-5f6d-a85f-9ceee04ccfce,ee457b37-7e1a-592b-a010-583b690350e5,True,True
66af4ec3-aa5d-5ac1-97c2-27ef7319a318,ec5beee3-475c-583b-9885-16cf4c3b8b85,ee457b37-7e1a-592b-a010-583b690350e5,True,True
66af4ec3-aa5d-5ac1-97c2-27ef7319a318,cfddb5f3-339d-54ea-b08e-67ed448b3dbc,ee457b37-7e1a-592b-a010-583b690350e5,True,True
66af4ec3-aa5d-5ac1-97c2-27ef7319a318,60ce3ef9-4ec2-5b3c-8775-97d27c70bbfa,ee457b37-7e1a-592b-a010-583b690350e5,True,True
66af4ec3-aa5d-5ac1-97c2-27ef7319a318,92778956-da6a-55d6-916c-5365217ecaeb,ee457b37-7e1a-592b-a010-583b690350e5,True,True
66af4ec3-aa5d-5ac1-97c2-27ef7319a318,dd437d70-c76b-588b-9dd9-05c3b28241ed,ee457b37-7e1a-592b-a010-583b690350e5,True,True
66af4ec3-aa5d-5ac1-97c2-27ef7319a318,9ce4b997-dd95-5d22-8314-21514079fcf2,ee457b37-7e1a-592b-a010-583b690350e5,True,True
66af4ec3-aa5d-5ac1-97c2-27ef7319a318,6d3b8647-f9ab-5794-a362-b6187d3cac70,ee457b37-7e1a-592b-a010-583b690350e5,True,True
66af4ec3-aa5d-5ac1-97c2-27ef7319a318,f83b4470-973d-5d0a-bb96-e0b372701dfe,ee457b37-7e1a-592b-a010-583b690350e5,True,True
66af4ec3-aa5d-5ac1-97c2-27ef7319a318,9cf33e04-e15c-5038-8c7b-50dceacdeb80,ee457b37-7e1a-592b-a010-583b690350e5,True,True
66af4ec3-aa5d-5ac1-97c2-27ef7319a318,3ad34801-8034-5a0e-a9df-fe56bb756a59,ee457b37-7e1a-592b-a010-583b690350e5,True,True
66af4ec3-aa5d-5ac1-97c2-27ef7319a318,efe505c2-ff75-58aa-973b-d5582a9d50f5,ee457b37-7e1a-592b-a010-583b690350e5,True,True
66af4ec3-aa5d-5ac1-97c2-27ef7319a318,c4332ab9-16fa-5a76-bf9f-f129ea0ab459,ee457b37-7e1a-592b-a010-583b690350e5,True,True
66af4ec3-aa5d-5ac1-97c2-27ef7319a318,47ab20a9-49f0-5e28-803a-8c71436ce5ed,ee457b37-7e1a-592b-a010-583b690350e5,True,True
66af4ec3-aa5d-5ac1-97c2-27ef7319a318,5651b4e3-c139-5087-9b91-10c53aa252d5,ee457b37-7e1a-592b-a010-583b690350e5,True,True
66af4ec3-aa5d-5ac1-97c2-27ef7319a318,49953dc9-6d7d-5e02-9a27-07ae512119eb,ee457b37-7e1a-592b-a010-583b690350e5,True,True
66af4ec3-aa5d-5ac1-97c2-27ef7319a318,2a659832-19b0-5068-8c92-94944e6aa002,ee457b37-7e1a-592b-a010-583b690350e5,True,True
66af4ec3-aa5d-5ac1-97c2-27ef7319a318,574cb4e6-cfaf-5844-a149-4448414366d9,ee457b37-7e1a-592b-a010-583b690350e5,True,True
66af4ec3-aa5d-5ac1-97c2-27ef7319a318,2289eca7-a94e-5871-9b63-1d6fdb038ba0,ee457b37-7e1a-592b-a010-583b690350e5,True,True
66af4ec3-aa5d-5ac1-97c2-27ef7319a318,b4433d39-6ace-54ec-819e-f076f73b6b85,ee457b37-7e1a-592b-a010-583b690350e5,True,True
66af4ec3-aa5d-5ac1-97c2-27ef7319a318,eaca8015-bcbf-560c-82aa-663e7311c95d,ee457b37-7e1a-592b-a010-583b690350e5,True,True
66af4ec3-aa5d-5ac1-97c2-27ef7319a318,f4e6adca-db3b-56cb-a8c2-0b3596d56101,ee457b37-7e1a-592b-a010-583b690350e5,True,True
66af4ec3-aa5d-5ac1-97c2-27ef7319a318,58f4348f-381f-53da-b592-0bf8f5a6f756,ee457b37-7e1a-592b-a010-583b690350e5,True,True
66af4ec3-aa5d-5ac1-97c2-27ef7319a318,b66bf776-eed2-550a-be6e-dc1aeccbb2ca,ee457b37-7e1a-592b-a010-583b690350e5,True,True
66af4ec3-aa5d-5ac1-97c2-27ef7319a318,2931be8c-4656-593a-9926-3e5c8eebede7,ee457b37-7e1a-592b-a010-583b690350e5,True,True
66af4ec3-aa5d-5ac1-97c2-27ef7319a318,d90cb5a7-db4f-5dbb-8720-6d363c5b37c9,ee457b37-7e1a-592b-a010-583b690350e5,True,True
66af4ec3-aa5d-5ac1-97c2-27ef7319a318,85380b4f-5744-5c01-8bfa-7f56f5b6a28d,ee457b37-7e1a-592b-a010-583b690350e5,True,True
66af4ec3-aa5d-5ac1-97c2-27ef7319a318,0f4aaf65-4abb-56c8-923e-8d71d512f2f5,ee457b37-7e1a-592b-a010-583b690350e5,True,True
66af4ec3-aa5d-5ac1-97c2-27ef7319a318,450f4777-82c5-54c0-8d4e-433b56cedc52,ee457b37-7e1a-592b-a010-583b690350e5,True,True
66af4ec3-aa5d-5ac1-97c2-27ef7319a318,c2758220-ac5d-58e3-a700-1adc50196d57,ee457b37-7e1a-592b-a010-583b690350e5,True,True
66af4ec3-aa5d-5ac1-97c2-27ef7319a318,94ec434c-2158-5ddc-9170-003c5a713a6c,ee457b37-7e1a-592b-a010-583b690350e5,True,True
66af4ec3-aa5d-5ac1-97c2-27ef7319a318,439fe486-44b6-50ac-9537-1f8466b4f3f8,ee457b37-7e1a-592b-a010-583b690350e5,True,True
66af4ec3-aa5d-5ac1-97c2-27ef7319a318,b2647f21-d1c4-5ad1-9e10-4caa01f41b96,ee457b37-7e1a-592b-a010-583b690350e5,True,True
66af4ec3-aa5d-5ac1-97c2-27ef7319a318,672194d7-a599-5467-8467-9e30cb453d85,ee457b37-7e1a-592b-a010-583b690350e5,True,True
66af4ec3-aa5d-5ac1-97c2-27ef7319a318,82a8fc6e-af66-5226-b932-bf78b498c03d,ee457b37-7e1a-592b-a010-583b690350e5,True,True
66af4ec3-aa5d-5ac1-97c2-27ef7319a318,a6c7ffe2-d2de-5f5d-8342-6ebb99cb7c44,ee457b37-7e1a-592b-a010-583b690350e5,True,True
66af4ec3-aa5d-5ac1-97c2-27ef7319a318,7557ce5c-70f3-5e0a-9adb-0a2e3e2bbe8e,ee457b37-7e1a-592b-a010-583b690350e5,True,True
66af4ec3-aa5d-5ac1-97c2-27ef7319a318,88d50e07-77c0-5932-82c4-11a9b8d82127,ee457b37-7e1a-592b-a010-583b690350e5,True,True
66af4ec3-aa5d-5ac1-97c2-27ef7319a318,76b8c8b9-03c8-5bb0-bbeb-08678a0c934c,ee457b37-7e1a-592b-a010-583b690350e5,True,True
66af4ec3-aa5d-5ac1-97c2-27ef7319a318,91494439-cf3d-562a-86b2-4e8a76ed59d5,ee457b37-7e1a-592b-a010-583b690350e5,True,True
66af4ec3-aa5d-5ac1-97c2-27ef7319a318,ed08a9c5-90f8-58bc-9fbf-46a83d0d2d22,ee457b37-7e1a-592b-a010-583b690350e5,True,True
66af4ec3-aa5d-5ac1-97c2-27ef7319a318,86b39e62-0308-5db7-8928-5bde8e6c0567,ee457b37-7e1a-592b-a010-583b690350e5,True,True
66af4ec3-aa5d-5ac1-97c2-27ef7319a318,d3316fe0-fe79-5563-8985-109f8b76fd09,ee457b37-7e1a-592b-a010-583b690350e5,True,True
66af4ec3-aa5d-5ac1-97c2-27ef7319a318,3e3cc196-5116-5ec7-b602-43727acfccbb,ee457b37-7e1a-592b-a010-583b690350e5,True,True
66af4ec3-aa5d-5ac1-97c2-27ef7319a318,b2cc202a-8974-5abd-ad85-8d022b705fa8,ee457b37-7e1a-592b-a010-583b690350e5,True,True
66af4ec3-aa5d-5ac1-97c2-27ef7319a318,21b0a2aa-add9-51a7-af5e-f35fb3f3e28e,ee457b37-7e1a-592b-a010-583b690350e5,True,True
66af4ec3-aa5d-5ac1-97c2-27ef7319a318,eef1040b-c8f8-5825-951a-97bb86b9a0c6,ee457b37-7e1a-592b-a010-583b690350e5,True,True
66af4ec3-aa5d-5ac1-97c2-27ef7319a318,6174b9b5-d58e-5069-930f-46a201c13eaa,ee457b37-7e1a-592b-a010-583b690350e5,True,True
66af4ec3-aa5d-5ac1-97c2-27ef7319a318,55ca5ed0-fffc-5e0d-8fc7-4d5d18840286,ee457b37-7e1a-592b-a010-583b690350e5,True,True
66af4ec3-aa5d-5ac1-97c2-27ef7319a318,dfe61284-9808-5fd9-8003-64e721a16346,ee457b37-7e1a-592b-a010-583b690350e5,True,True
66af4ec3-aa5d-5ac1-97c2-27ef7319a318,2548b691-f58f-54e9-a446-1a0a060719b4,ee457b37-7e1a-592b-a010-583b690350e5,True,True
66af4ec3-aa5d-5ac1-97c2-27ef7319a318,9b8775de-59c2-5f94-9a78-4d10ff27dd38,ee457b37-7e1a-592b-a010-583b690350e5,True,True
66af4ec3-aa5d-5ac1-97c2-27ef7319a318,f08110de-a75c-55fd-af0b-2258a741dd3e,ee457b37-7e1a-592b-a010-583b690350e5,True,True
66af4ec3-aa5d-5ac1-97c2-27ef7319a318,61d6595c-c729-5eb4-a137-140d306e4b9b,ee457b37-7e1a-592b-a010-583b690350e5,True,True
66af4ec3-aa5d-5ac1-97c2-27ef7319a318,d5f30127-2a7c-58dc-b0b2-2fb5caca3a74,ee457b37-7e1a-592b-a010-583b690350e5,True,True
66af4ec3-aa5d-5ac1-97c2-27ef7319a318,6d2f7af7-7adf-5487-a3c2-54b6d2edad92,ee457b37-7e1a-592b-a010-583b690350e5,True,True
66af4ec3-aa5d-5ac1-97c2-27ef7319a318,7caa1972-68dd-5aab-85ac-a36f57cb1d0c,ee457b37-7e1a-592b-a010-583b690350e5,True,True
66af4ec3-aa5d-5ac1-97c2-27ef7319a318,5cc34712-b51b-57b6-9c66-50f991fe4792,ee457b37-7e1a-592b-a010-583b690350e5,True,True
66af4ec3-aa5d-5ac1-97c2-27ef7319a318,dd7e4ad8-cb12-5757-a403-0cdb360bd106,ee457b37-7e1a-592b-a010-583b690350e5,True,True
66af4ec3-aa5d-5ac1-97c2-27ef7319a318,a38f45c5-a4c0-5813-a884-4196dacf5859,ee457b37-7e1a-592b-a010-583b690350e5,True,True
66af4ec3-aa5d-5ac1-97c2-27ef7319a318,0a452c8b-5711-56d0-9e8f-e9304bcdca5f,ee457b37-7e1a-592b-a010-583b690350e5,True,True
66af4ec3-aa5d-5ac1-97c2-27ef7319a318,2f43634b-0cb8-53c6-ac0e-67f4de95501f,ee457b37-7e1a-592b-a010-583b690350e5,True,True
66af4ec3-aa5d-5ac1-97c2-27ef7319a318,4e53760f-915d-5484-b3dc-453efd984ee0,ee457b37-7e1a-592b-a010-583b690350e5,True,True
66af4ec3-aa5d-5ac1-97c2-27ef7319a318,fca99738-a92f-5faf-a5f7-152fd97239c8,ee457b37-7e1a-592b-a010-583b690350e5,True,True
66af4ec3-aa5d-5ac1-97c2-27ef7319a318,3134a5d1-8cab-5bee-b532-1435e0a59985,ee457b37-7e1a-592b-a010-583b690350e5,True,True
66af4ec3-aa5d-5ac1-97c2-27ef7319a318,4053b63c-14c2-5645-b8bb-fc3a2e3aabc7,ee457b37-7e1a-592b-a010-583b690350e5,True,True
66af4ec3-aa5d-5ac1-97c2-27ef7319a318,6f4dfe05-2f5b-5642-9e4b-4ce7fc76a763,ee457b37-7e1a-592b-a010-583b690350e5,True,True
66af4ec3-aa5d-5ac1-97c2-27ef7319a318,fd199003-b358-528e-b281-381b306f072c,ee457b37-7e1a-592b-a010-583b690350e5,True,True
66af4ec3-aa5d-5ac1-97c2-27ef7319a318,b5d45515-553f-5c6d-a247-4aaad277a7a6,ee457b37-7e1a-592b-a010-583b690350e5,True,True
66af4ec3-aa5d-5ac1-97c2-27ef7319a318,5fdc7626-88e3-55bb-bc76-6df2455dd811,ee457b37-7e1a-592b-a010-583b690350e5,True,True
66af4ec3-aa5d-5ac1-97c2-27ef7319a318,9cf0a2ed-c9ed-5d05-818c-7a21ad5782d3,ee457b37-7e1a-592b-a010-583b690350e5,True,True
66af4ec3-aa5d-5ac1-97c2-27ef7319a318,2f4d8932-1d9e-536a-b990-557d582ce3fc,ee457b37-7e1a-592b-a010-583b690350e5,True,True
66af4ec3-aa5d-5ac1-97c2-27ef7319a318,502dd162-bda1-5aac-8d15-1ceb338484fb,ee457b37-7e1a-592b-a010-583b690350e5,True,True
66af4ec3-aa5d-5ac1-97c2-27ef7319a318,d6f184c0-1eaa-513d-bb78-b8c673d42a19,ee457b37-7e1a-592b-a010-583b690350e5,True,True
66af4ec3-aa5d-5ac1-97c2-27ef7319a318,12080fb6-bf25-5cc3-ae44-14df364c82ab,ee457b37-7e1a-592b-a010-583b690350e5,True,True
66af4ec3-aa5d-5ac1-97c2-27ef7319a318,7a6dd6d6-e35a-56c8-aa23-f5a31323a9e0,ee457b37-7e1a-592b-a010-583b690350e5,True,True
66af4ec3-aa5d-5ac1-97c2-27ef7319a318,b7f42397-082e-59cb-b5f7-0cca97f5f517,ee457b37-7e1a-592b-a010-583b690350e5,True,True
66af4ec3-aa5d-5ac1-97c2-27ef7319a318,d549ab5b-97bf-516c-a767-f303071741e5,ee457b37-7e1a-592b-a010-583b690350e5,True,True
66af4ec3-aa5d-5ac1-97c2-27ef7319a318,a5d07b2f-29e1-5782-856d-29149b8de28d,ee457b37-7e1a-592b-a010-583b690350e5,True,True
66af4ec3-aa5d-5ac1-97c2-27ef7319a318,61a86545-3097-55d8-872a-f78306aa1049,ee457b37-7e1a-592b-a010-583b690350e5,True,True
66af4ec3-aa5d-5ac1-97c2-27ef7319a318,cc9ae6b6-5dfe-518a-b082-8cd471f9dfc1,ee457b37-7e1a-592b-a010-583b690350e5,True,True
66af4ec3-aa5d-5ac1-97c2-27ef7319a318,a78ec273-48f5-5391-921d-fdcc4bea5f7a,ee457b37-7e1a-592b-a010-583b690350e5,True,True
66af4ec3-aa5d-5ac1-97c2-27ef7319a318,7c8f7bf5-dc43-5229-9ebd-35e0a7d6ecc6,ee457b37-7e1a-592b-a010-583b690350e5,True,True
66af4ec3-aa5d-5ac1-97c2-27ef7319a318,80b41104-57d0-599a-ade8-a9ceb2f9a39e,ee457b37-7e1a-592b-a010-583b690350e5,True,True
66af4ec3-aa5d-5ac1-97c2-27ef7319a318,ca37970b-8396-5709-9f72-fa7558dbd3b2,ee457b37-7e1a-592b-a010-583b690350e5,True,True
66af4ec3-aa5d-5ac1-97c2-27ef7319a318,ddab7b1b-e64f-5b72-88ad-fb8762ac3848,ee457b37-7e1a-592b-a010-583b690350e5,True,True
66af4ec3-aa5d-5ac1-97c2-27ef7319a318,27be8cd0-5206-57f0-b8e7-ec0f13366fd8,ee457b37-7e1a-592b-a010-583b690350e5,True,True
66af4ec3-aa5d-5ac1-97c2-27ef7319a318,2cebf85d-4c1f-5952-9675-8a85b56d8187,ee457b37-7e1a-592b-a010-583b690350e5,True,True
66af4ec3-aa5d-5ac1-97c2-27ef7319a318,dd687c9c-13ef-551a-856f-1e079cc7d4f6,ee457b37-7e1a-592b-a010-583b690350e5,True,True
66af4ec3-aa5d-5ac1-97c2-27ef7319a318,f3e20392-0fee-51e7-983b-c926cf8d6373,ee457b37-7e1a-592b-a010-583b690350e5,True,True
66af4ec3-aa5d-5ac1-97c2-27ef7319a318,4eea8b60-fd08-5723-89df-002245942b5c,ee457b37-7e1a-592b-a010-583b690350e5,True,True
66af4ec3-aa5d-5ac1-97c2-27ef7319a318,e7962b9f-e890-530c-b41c-35f66879cffc,ee457b37-7e1a-592b-a010-583b690350e5,True,True
66af4ec3-aa5d-5ac1-97c2-27ef7319a318,05b837aa-0d64-534d-8646-d4bf746dbf61,ee457b37-7e1a-592b-a010-583b690350e5,True,True
66af4ec3-aa5d-5ac1-97c2-27ef7319a318,7dbd7b06-7862-596d-b235-cb3310a780fd,ee457b37-7e1a-592b-a010-583b690350e5,True,True
66af4ec3-aa5d-5ac1-97c2-27ef7319a318,91cc18f9-3413-5f91-b326-af9918d69c49,ee457b37-7e1a-592b-a010-583b690350e5,True,True
66af4ec3-aa5d-5ac1-97c2-27ef7319a318,2c5dc491-22d8-5a6d-abcc-e7e88c82b993,ee457b37-7e1a-592b-a010-583b690350e5,True,True
66af4ec3-aa5d-5ac1-97c2-27ef7319a318,af7f0496-72dc-5ba7-abd0-594c18293ba6,ee457b37-7e1a-592b-a010-583b690350e5,True,True
66af4ec3-aa5d-5ac1-97c2-27ef7319a318,9d95eb4d-eec2-5522-81b4-2b23a7b5883e,ee457b37-7e1a-592b-a010-583b690350e5,True,True
66af4ec3-aa5d-5ac1-97c2-27ef7319a318,027b36f4-be6d-5fbb-ae67-0b86ed5c1e7d,ee457b37-7e1a-592b-a010-583b690350e5,True,True
66af4ec3-aa5d-5ac1-97c2-27ef7319a318,8b4ea098-bf1c-59e9-bebc-dc536dfc7a6b,ee457b37-7e1a-592b-a010-583b690350e5,True,True
66af4ec3-aa5d-5ac1-97c2-27ef7319a318,683b8982-d706-5868-aad1-5d9abca8d858,ee457b37-7e1a-592b-a010-583b690350e5,True,True
66af4ec3-aa5d-5ac1-97c2-27ef7319a318,35695412-82ae-5567-ab62-293548ff8dc1,ee457b37-7e1a-592b-a010-583b690350e5,True,True
66af4ec3-aa5d-5ac1-97c2-27ef7319a318,fc9ccd38-c1d6-511e-b28c-2a3b209b396f,ee457b37-7e1a-592b-a010-583b690350e5,True,True
66af4ec3-aa5d-5ac1-97c2-27ef7319a318,8921f461-7960-5d8f-8ee9-dcc0475a53f6,ee457b37-7e1a-592b-a010-583b690350e5,True,True
66af4ec3-aa5d-5ac1-97c2-27ef7319a318,613cd195-d26c-50c0-8f45-95773ff938ad,ee457b37-7e1a-592b-a010-583b690350e5,True,True
66af4ec3-aa5d-5ac1-97c2-27ef7319a318,898f42bb-1d77-5f23-a84e-4af6d4795dbf,ee457b37-7e1a-592b-a010-583b690350e5,True,True
66af4ec3-aa5d-5ac1-97c2-27ef7319a318,f0bba611-bc58-51a9-8082-f9c3eb1da8bd,ee457b37-7e1a-592b-a010-583b690350e5,True,True
66af4ec3-aa5d-5ac1-97c2-27ef7319a318,b664d9ff-7ba7-50c2-ab49-da9ba5f66459,ee457b37-7e1a-592b-a010-583b690350e5,True,True
66af4ec3-aa5d-5ac1-97c2-27ef7319a318,aa6f706e-b5dd-5261-89b2-bcd6143c0822,ee457b37-7e1a-592b-a010-583b690350e5,True,True
66af4ec3-aa5d-5ac1-97c2-27ef7319a318,bb9be038-1a0a-5491-a23a-47d9740f1377,ee457b37-7e1a-592b-a010-583b690350e5,True,True
66af4ec3-aa5d-5ac1-97c2-27ef7319a318,28fd8611-84c4-5375-b74a-2fac7265f69f,ee457b37-7e1a-592b-a010-583b690350e5,True,True
66af4ec3-aa5d-5ac1-97c2-27ef7319a318,5b2c48d4-b05e-580d-8539-159e75646ad8,ee457b37-7e1a-592b-a010-583b690350e5,True,True
66af4ec3-aa5d-5ac1-97c2-27ef7319a318,9d22c672-03bc-54a6-aaee-9bf5394742de,ee457b37-7e1a-592b-a010-583b690350e5,True,True
66af4ec3-aa5d-5ac1-97c2-27ef7319a318,5b83889b-3ee7-5351-837c-d7c5dd3e4085,ee457b37-7e1a-592b-a010-583b690350e5,True,True
66af4ec3-aa5d-5ac1-97c2-27ef7319a318,08a10c2e-a5b8-571a-988c-d012fd3ab552,ee457b37-7e1a-592b-a010-583b690350e5,True,True
66af4ec3-aa5d-5ac1-97c2-27ef7319a318,ae7e1e3c-5224-5b40-a916-461006805f18,ee457b37-7e1a-592b-a010-583b690350e5,True,True
66af4ec3-aa5d-5ac1-97c2-27ef7319a318,f36eb02c-da52-574a-a4f3-59d53d0b95b9,ee457b37-7e1a-592b-a010-583b690350e5,True,True
66af4ec3-aa5d-5ac1-97c2-27ef7319a318,c19a25cf-e482-5b1e-937d-fea677eb68ff,ee457b37-7e1a-592b-a010-583b690350e5,True,True
66af4ec3-aa5d-5ac1-97c2-27ef7319a318,fb42d390-b98a-5c08-95e5-0111c2831a1b,ee457b37-7e1a-592b-a010-583b690350e5,True,True
66af4ec3-aa5d-5ac1-97c2-27ef7319a318,3c1048aa-eba2-57c4-a2d5-b9c8961be085,ee457b37-7e1a-592b-a010-583b690350e5,True,True
66af4ec3-aa5d-5ac1-97c2-27ef7319a318,8d7a2723-54ec-5432-860d-7f6f146d7751,ee457b37-7e1a-592b-a010-583b690350e5,True,True
66af4ec3-aa5d-5ac1-97c2-27ef7319a318,f69ce511-8f0d-5ece-bddb-247d461691c4,ee457b37-7e1a-592b-a010-583b690350e5,True,True
66af4ec3-aa5d-5ac1-97c2-27ef7319a318,d4a2794c-4a96-5004-a850-99f8b6f94e62,ee457b37-7e1a-592b-a010-583b690350e5,True,True
66af4ec3-aa5d-5ac1-97c2-27ef7319a318,a9c1d0b7-d886-5cf2-868d-b502ae86fb1a,ee457b37-7e1a-592b-a010-583b690350e5,True,True
66af4ec3-aa5d-5ac1-97c2-27ef7319a318,d1227f2e-f36c-548a-b25f-ac613c8de21a,ee457b37-7e1a-592b-a010-583b690350e5,True,True
66af4ec3-aa5d-5ac1-97c2-27ef7319a318,8c014bf7-50b4-5271-a244-b3e2705a4b77,ee457b37-7e1a-592b-a010-583b690350e5,True,True
66af4ec3-aa5d-5ac1-97c2-27ef7319a318,821d42ff-6fb8-5c10-9145-eb8ccf6c26d2,ee457b37-7e1a-592b-a010-583b690350e5,True,True
66af4ec3-aa5d-5ac1-97c2-27ef7319a318,1be55c88-da29-5bbc-81c1-36cdce42a80a,ee457b37-7e1a-592b-a010-583b690350e5,True,True
66af4ec3-aa5d-5ac1-97c2-27ef7319a318,37be284d-5171-51bd-bb71-a04dc835b7b6,ee457b37-7e1a-592b-a010-583b690350e5,True,True
66af4ec3-aa5d-5ac1-97c2-27ef7319a318,4704142a-a07d-596a-b32c-6ff4b666601b,ee457b37-7e1a-592b-a010-583b690350e5,True,True
66af4ec3-aa5d-5ac1-97c2-27ef7319a318,5ba3cf7a-c43b-5dd3-839a-0eb2870a454a,ee457b37-7e1a-592b-a010-583b690350e5,True,True
66af4ec3-aa5d-5ac1-97c2-27ef7319a318,d75d5188-77e7-5b83-ae50-141e098f2a9f,ee457b37-7e1a-592b-a010-583b690350e5,True,True
66af4ec3-aa5d-5ac1-97c2-27ef7319a318,965721bf-044f-58a9-b3c0-d817c3ddb508,ee457b37-7e1a-592b-a010-583b690350e5,True,True
66af4ec3-aa5d-5ac1-97c2-27ef7319a318,9791f75c-5fed-54bc-853f-d6a30dd56145,ee457b37-7e1a-592b-a010-583b690350e5,True,True
66af4ec3-aa5d-5ac1-97c2-27ef7319a318,f069106b-51c7-5d74-b98c-061c8e89baff,ee457b37-7e1a-592b-a010-583b690350e5,True,True
66af4ec3-aa5d-5ac1-97c2-27ef7319a318,9c6ce0ba-7f5c-58db-bae0-89bf5f4f075c,ee457b37-7e1a-592b-a010-583b690350e5,True,True
66af4ec3-aa5d-5ac1-97c2-27ef7319a318,c8ea7c56-743a-5016-9b8a-f5872c41870e,fb22627f-d03e-542a-b5e0-7caccdd9e82d,True,True
66af4ec3-aa5d-5ac1-97c2-27ef7319a318,64bffd7b-8f75-5fcc-97ee-cc984afb0020,fb22627f-d03e-542a-b5e0-7caccdd9e82d,True,True
66af4ec3-aa5d-5ac1-97c2-27ef7319a318,4796d994-8de4-59fc-96e9-ce1adc2d57bb,fb22627f-d03e-542a-b5e0-7caccdd9e82d,True,True
66af4ec3-aa5d-5ac1-97c2-27ef7319a318,fb7f1f58-1be5-58b3-b619-ecd6f899c511,fb22627f-d03e-542a-b5e0-7caccdd9e82d,True,True
66af4ec3-aa5d-5ac1-97c2-27ef7319a318,c6a22621-e8bc-5ce0-8e1f-0901d5199ab4,fb22627f-d03e-542a-b5e0-7caccdd9e82d,True,True
66af4ec3-aa5d-5ac1-97c2-27ef7319a318,f009a675-60a1-50fc-b1b8-5a69f29b3ce0,fb22627f-d03e-542a-b5e0-7caccdd9e82d,True,True
66af4ec3-aa5d-5ac1-97c2-27ef7319a318,26a0ae62-9c90-5c94-9caa-99c21d7f1769,fb22627f-d03e-542a-b5e0-7caccdd9e82d,True,True
66af4ec3-aa5d-5ac1-97c2-27ef7319a318,d5257b91-8293-5bac-a937-06a90b379fe0,fb22627f-d03e-542a-b5e0-7caccdd9e82d,True,True
66af4ec3-aa5d-5ac1-97c2-27ef7319a318,4e03c8af-133f-537c-867a-7be10b8579fe,fb22627f-d03e-542a-b5e0-7caccdd9e82d,True,True
66af4ec3-aa5d-5ac1-97c2-27ef7319a318,03ff5ee0-74a9-5d47-ad6b-93907282c420,fb22627f-d03e-542a-b5e0-7caccdd9e82d,True,True
66af4ec3-aa5d-5ac1-97c2-27ef7319a318,34b2b379-d410-50d2-8a86-378830afc662,fb22627f-d03e-542a-b5e0-7caccdd9e82d,True,True
66af4ec3-aa5d-5ac1-97c2-27ef7319a318,b1fd908d-5c7c-5b46-9804-a34ed85452e4,fb22627f-d03e-542a-b5e0-7caccdd9e82d,True,True
66af4ec3-aa5d-5ac1-97c2-27ef7319a318,94cdf5c8-135f-5918-af41-9fe62cd43ea6,fb22627f-d03e-542a-b5e0-7caccdd9e82d,True,True
66af4ec3-aa5d-5ac1-97c2-27ef7319a318,69224ff6-a926-5d01-9c36-813d5411c722,fb22627f-d03e-542a-b5e0-7caccdd9e82d,True,True
66af4ec3-aa5d-5ac1-97c2-27ef7319a318,949b4ccc-b2ac-59ef-921e-8fc30214a6c5,fb22627f-d03e-542a-b5e0-7caccdd9e82d,True,True
66af4ec3-aa5d-5ac1-97c2-27ef7319a318,4e21adc4-8a66-511f-83eb-e50dcde0906f,fb22627f-d03e-542a-b5e0-7caccdd9e82d,True,True
66af4ec3-aa5d-5ac1-97c2-27ef7319a318,26794e2b-299c-53e9-91c0-e2ed22120bc6,fb22627f-d03e-542a-b5e0-7caccdd9e82d,True,True
66af4ec3-aa5d-5ac1-97c2-27ef7319a318,42f40300-63d8-52b3-994c-2b59c248a775,fb22627f-d03e-542a-b5e0-7caccdd9e82d,True,True
66af4ec3-aa5d-5ac1-97c2-27ef7319a318,88d64647-89ff-52de-9bc7-ecdc2e99a412,fb22627f-d03e-542a-b5e0-7caccdd9e82d,True,True
66af4ec3-aa5d-5ac1-97c2-27ef7319a318,b3bf8888-012b-5656-86db-7b77aebf8094,fb22627f-d03e-542a-b5e0-7caccdd9e82d,True,True
66af4ec3-aa5d-5ac1-97c2-27ef7319a318,8338a814-2c95-5ea7-a324-12713be6e03a,fb22627f-d03e-542a-b5e0-7caccdd9e82d,True,True
66af4ec3-aa5d-5ac1-97c2-27ef7319a318,ffbd0eb0-dee1-5753-9fd9-aacc1879a018,fb22627f-d03e-542a-b5e0-7caccdd9e82d,True,True
66af4ec3-aa5d-5ac1-97c2-27ef7319a318,7aef05b8-8806-5a88-a966-d3e6b91e81ea,fb22627f-d03e-542a-b5e0-7caccdd9e82d,True,True
66af4ec3-aa5d-5ac1-97c2-27ef7319a318,1d2d6ef8-cdda-5b64-b32a-7e3490de5a8e,fb22627f-d03e-542a-b5e0-7caccdd9e82d,True,True
66af4ec3-aa5d-5ac1-97c2-27ef7319a318,1c636ac1-a99b-5ed1-a36f-85ed4fc129a3,fb22627f-d03e-542a-b5e0-7caccdd9e82d,True,True
66af4ec3-aa5d-5ac1-97c2-27ef7319a318,9d7d2bd0-94b5-5c1a-a74d-3d93f8d768fa,fb22627f-d03e-542a-b5e0-7caccdd9e82d,True,True
66af4ec3-aa5d-5ac1-97c2-27ef7319a318,0a22246a-9e19-552f-a0fd-540de5ef0b60,fb22627f-d03e-542a-b5e0-7caccdd9e82d,True,True
66af4ec3-aa5d-5ac1-97c2-27ef7319a318,fe2e4924-6dae-578b-903e-068c433cf3fe,fb22627f-d03e-542a-b5e0-7caccdd9e82d,True,True
66af4ec3-aa5d-5ac1-97c2-27ef7319a318,ebfcc729-5ee5-5c2b-bd69-2cad4150d0e6,fb22627f-d03e-542a-b5e0-7caccdd9e82d,True,True
66af4ec3-aa5d-5ac1-97c2-27ef7319a318,f735bef6-d328-55ee-89ea-11c1e26f637a,fb22627f-d03e-542a-b5e0-7caccdd9e82d,True,True
66af4ec3-aa5d-5ac1-97c2-27ef7319a318,fc3b2308-043b-5e96-bc9f-c11bcdfa1565,fb22627f-d03e-542a-b5e0-7caccdd9e82d,True,True
66af4ec3-aa5d-5ac1-97c2-27ef7319a318,f8809cdf-6afb-522e-b6fe-ac226f733dea,fb22627f-d03e-542a-b5e0-7caccdd9e82d,True,True
66af4ec3-aa5d-5ac1-97c2-27ef7319a318,ce38ea9d-dbe6-58ea-8c1e-46f00db2ea0f,fb22627f-d03e-542a-b5e0-7caccdd9e82d,True,True
66af4ec3-aa5d-5ac1-97c2-27ef7319a318,2de373a9-6c49-57b4-8608-bc77f71bd5d2,fb22627f-d03e-542a-b5e0-7caccdd9e82d,True,True
66af4ec3-aa5d-5ac1-97c2-27ef7319a318,c481bbba-fd79-572f-bec9-4c029f3154e9,fb22627f-d03e-542a-b5e0-7caccdd9e82d,True,True
66af4ec3-aa5d-5ac1-97c2-27ef7319a318,a9838b2c-f7b3-5900-95f5-a2ca713ced1c,fb22627f-d03e-542a-b5e0-7caccdd9e82d,True,True
66af4ec3-aa5d-5ac1-97c2-27ef7319a318,1ee728b0-cf9b-569c-a370-5b1b221bc63a,fb22627f-d03e-542a-b5e0-7caccdd9e82d,True,True
66af4ec3-aa5d-5ac1-97c2-27ef7319a318,671fa09c-0c27-5314-ab56-134a17d9870e,fb22627f-d03e-542a-b5e0-7caccdd9e82d,True,True
66af4ec3-aa5d-5ac1-97c2-27ef7319a318,c80b52a2-6274-5631-ac1a-eb74bfee95d1,fb22627f-d03e-542a-b5e0-7caccdd9e82d,True,True
66af4ec3-aa5d-5ac1-97c2-27ef7319a318,1dece7f1-bbc4-5d92-8228-a99d5bd8661d,fb22627f-d03e-542a-b5e0-7caccdd9e82d,True,True
66af4ec3-aa5d-5ac1-97c2-27ef7319a318,91733b78-dcd7-5706-a3e8-b0c9d5bfb0d6,fb22627f-d03e-542a-b5e0-7caccdd9e82d,True,True
66af4ec3-aa5d-5ac1-97c2-27ef7319a318,7a0b7c3b-e43e-5bd6-a7ae-dff768f96551,fb22627f-d03e-542a-b5e0-7caccdd9e82d,True,True
66af4ec3-aa5d-5ac1-97c2-27ef7319a318,6f2288e9-b6e9-5e92-85e4-f4ce2599891b,fb22627f-d03e-542a-b5e0-7caccdd9e82d,True,True
66af4ec3-aa5d-5ac1-97c2-27ef7319a318,6b22de7d-ff6c-5987-a95a-b253701fcc7e,fb22627f-d03e-542a-b5e0-7caccdd9e82d,True,True
66af4ec3-aa5d-5ac1-97c2-27ef7319a318,79248b3e-847a-5997-9041-cc44ded5dcb0,fb22627f-d03e-542a-b5e0-7caccdd9e82d,True,True
66af4ec3-aa5d-5ac1-97c2-27ef7319a318,8276d28b-f51d-5f10-a9db-18ba8c0c4d39,fb22627f-d03e-542a-b5e0-7caccdd9e82d,True,True
66af4ec3-aa5d-5ac1-97c2-27ef7319a318,26288b0b-2417-5ef3-aceb-3a412689cde1,fb22627f-d03e-542a-b5e0-7caccdd9e82d,True,True
66af4ec3-aa5d-5ac1-97c2-27ef7319a318,5db6c0ad-ebb5-5c44-9bdf-b9cf20dbee68,fb22627f-d03e-542a-b5e0-7caccdd9e82d,True,True
66af4ec3-aa5d-5ac1-97c2-27ef7319a318,b35ea7a2-59d5-52a2-8c9b-092f7c1bcde7,fb22627f-d03e-542a-b5e0-7caccdd9e82d,True,True
66af4ec3-aa5d-5ac1-97c2-27ef7319a318,ac457aa5-fe54-5a2f-b901-635079ecab24,fb22627f-d03e-542a-b5e0-7caccdd9e82d,True,True
66af4ec3-aa5d-5ac1-97c2-27ef7319a318,70594241-17f7-5100-84ed-e9f4b9fb34cb,fb22627f-d03e-542a-b5e0-7caccdd9e82d,True,True
66af4ec3-aa5d-5ac1-97c2-27ef7319a318,d3b980e2-d3d5-59b3-a854-5a56a9fbd1a7,fb22627f-d03e-542a-b5e0-7caccdd9e82d,True,True
66af4ec3-aa5d-5ac1-97c2-27ef7319a318,c3636f2b-75e2-5489-bba9-7639933b9ce3,fb22627f-d03e-542a-b5e0-7caccdd9e82d,True,True
66af4ec3-aa5d-5ac1-97c2-27ef7319a318,38659d2e-9e72-5c36-a7bc-f38741af899b,fb22627f-d03e-542a-b5e0-7caccdd9e82d,True,True
66af4ec3-aa5d-5ac1-97c2-27ef7319a318,289303cd-bdb9-5887-9844-93049ca36160,fb22627f-d03e-542a-b5e0-7caccdd9e82d,True,True
66af4ec3-aa5d-5ac1-97c2-27ef7319a318,a97c88aa-97ac-5445-92ba-021d06b35323,fb22627f-d03e-542a-b5e0-7caccdd9e82d,True,True
66af4ec3-aa5d-5ac1-97c2-27ef7319a318,c4b7949b-0499-5bc2-a4ed-f10608208b7a,fb22627f-d03e-542a-b5e0-7caccdd9e82d,True,True
66af4ec3-aa5d-5ac1-97c2-27ef7319a318,5599ce26-fdba-5e7c-be99-25aff9c73f6a,fb22627f-d03e-542a-b5e0-7caccdd9e82d,True,True
66af4ec3-aa5d-5ac1-97c2-27ef7319a318,1d807822-e964-5c98-bbbf-e1f68fae47af,fb22627f-d03e-542a-b5e0-7caccdd9e82d,True,True
66af4ec3-aa5d-5ac1-97c2-27ef7319a318,13d5eb4c-a1c9-507f-b673-9cf3736ba395,fb22627f-d03e-542a-b5e0-7caccdd9e82d,True,True
66af4ec3-aa5d-5ac1-97c2-27ef7319a318,8c084691-a0d2-5b52-a7c2-b8c18e6a940b,fb22627f-d03e-542a-b5e0-7caccdd9e82d,True,True
66af4ec3-aa5d-5ac1-97c2-27ef7319a318,76cf1d12-5d4d-59fc-a914-826c321ba6f1,fb22627f-d03e-542a-b5e0-7caccdd9e82d,True,True
66af4ec3-aa5d-5ac1-97c2-27ef7319a318,a110b925-1258-569c-81d2-8af92d878e2c,fb22627f-d03e-542a-b5e0-7caccdd9e82d,True,True
66af4ec3-aa5d-5ac1-97c2-27ef7319a318,7d9b8a24-77d6-5e61-9b55-11381e1be95a,fb22627f-d03e-542a-b5e0-7caccdd9e82d,True,True
66af4ec3-aa5d-5ac1-97c2-27ef7319a318,14461a50-4730-5e05-adee-7130811cc59b,fb22627f-d03e-542a-b5e0-7caccdd9e82d,True,True
66af4ec3-aa5d-5ac1-97c2-27ef7319a318,bb6aa1f1-d4a5-5353-baa5-6be22fc8c20a,fb22627f-d03e-542a-b5e0-7caccdd9e82d,True,True
66af4ec3-aa5d-5ac1-97c2-27ef7319a318,3243ca64-116b-5974-8c5b-747c033f192e,fb22627f-d03e-542a-b5e0-7caccdd9e82d,True,True
66af4ec3-aa5d-5ac1-97c2-27ef7319a318,57ad5a06-6c73-55b5-beb4-9dc5f5d49157,fb22627f-d03e-542a-b5e0-7caccdd9e82d,True,True
66af4ec3-aa5d-5ac1-97c2-27ef7319a318,056b18ea-ce1d-59ea-a63a-15e3562461e9,fb22627f-d03e-542a-b5e0-7caccdd9e82d,True,True
66af4ec3-aa5d-5ac1-97c2-27ef7319a318,d096bc54-4f1a-51b8-921b-b7a3d6bb6c70,fb22627f-d03e-542a-b5e0-7caccdd9e82d,True,True
66af4ec3-aa5d-5ac1-97c2-27ef7319a318,5cc721f3-fc5b-5a9c-a226-af496510201a,fb22627f-d03e-542a-b5e0-7caccdd9e82d,True,True
66af4ec3-aa5d-5ac1-97c2-27ef7319a318,1b9f7137-343f-5f80-bf94-889c74db7a49,fb22627f-d03e-542a-b5e0-7caccdd9e82d,True,True
66af4ec3-aa5d-5ac1-97c2-27ef7319a318,36ef8165-f98a-5f20-b5dd-5b4a6b69ef0a,fb22627f-d03e-542a-b5e0-7caccdd9e82d,True,True
66af4ec3-aa5d-5ac1-97c2-27ef7319a318,eb766cff-9239-5ced-99f4-3ebc43ae2dd5,fb22627f-d03e-542a-b5e0-7caccdd9e82d,True,True
66af4ec3-aa5d-5ac1-97c2-27ef7319a318,7250d921-9c84-5b08-8143-5dcf974a0444,fb22627f-d03e-542a-b5e0-7caccdd9e82d,True,True
66af4ec3-aa5d-5ac1-97c2-27ef7319a318,fb04e40e-a247-544a-add4-5abc2a29e26d,fb22627f-d03e-542a-b5e0-7caccdd9e82d,True,True
66af4ec3-aa5d-5ac1-97c2-27ef7319a318,b1343b95-c1b7-577d-b3c5-452c536a7c5a,fb22627f-d03e-542a-b5e0-7caccdd9e82d,True,True
66af4ec3-aa5d-5ac1-97c2-27ef7319a318,4fb1e81b-2bcc-5a65-a9ec-45c822089d4a,fb22627f-d03e-542a-b5e0-7caccdd9e82d,True,True
66af4ec3-aa5d-5ac1-97c2-27ef7319a318,39e86fbe-f175-541e-a924-11d658376444,fb22627f-d03e-542a-b5e0-7caccdd9e82d,True,True
66af4ec3-aa5d-5ac1-97c2-27ef7319a318,128bf661-3062-54ce-afc4-61bb185391a6,fb22627f-d03e-542a-b5e0-7caccdd9e82d,True,True
66af4ec3-aa5d-5ac1-97c2-27ef7319a318,0999f16d-59c0-5758-bf86-ab4a51975536,fb22627f-d03e-542a-b5e0-7caccdd9e82d,True,True
66af4ec3-aa5d-5ac1-97c2-27ef7319a318,518422df-0595-5d40-a31f-f809c96572cb,fb22627f-d03e-542a-b5e0-7caccdd9e82d,True,True
66af4ec3-aa5d-5ac1-97c2-27ef7319a318,ae77e18e-ad2d-56f1-89bc-5b77dc6fd257,fb22627f-d03e-542a-b5e0-7caccdd9e82d,True,True
66af4ec3-aa5d-5ac1-97c2-27ef7319a318,0be6e517-b1df-590c-9ea2-c89c46f53850,fb22627f-d03e-542a-b5e0-7caccdd9e82d,True,True
66af4ec3-aa5d-5ac1-97c2-27ef7319a318,58576084-a7a5-5f27-8b1b-32556f0b9162,fb22627f-d03e-542a-b5e0-7caccdd9e82d,True,True
66af4ec3-aa5d-5ac1-97c2-27ef7319a318,f41a8cdc-c963-591f-a805-d533591548f6,fb22627f-d03e-542a-b5e0-7caccdd9e82d,True,True
66af4ec3-aa5d-5ac1-97c2-27ef7319a318,e7d644c0-c767-5869-9d10-de0324b0557d,fb22627f-d03e-542a-b5e0-7caccdd9e82d,True,True
66af4ec3-aa5d-5ac1-97c2-27ef7319a318,11335fbc-7cea-5896-b63a-6f47bf2c7f0b,fb22627f-d03e-542a-b5e0-7caccdd9e82d,True,True
66af4ec3-aa5d-5ac1-97c2-27ef7319a318,a68dc947-37a3-5198-88d7-d2dadce72d26,fb22627f-d03e-542a-b5e0-7caccdd9e82d,True,True
66af4ec3-aa5d-5ac1-97c2-27ef7319a318,879989d1-1b3a-5320-8097-4eda33fc2ff8,fb22627f-d03e-542a-b5e0-7caccdd9e82d,True,True
66af4ec3-aa5d-5ac1-97c2-27ef7319a318,133e6365-ce31-5608-b083-05d29fea29d6,fb22627f-d03e-542a-b5e0-7caccdd9e82d,True,True
66af4ec3-aa5d-5ac1-97c2-27ef7319a318,9f614ffb-eee8-5b92-a68d-8319e4e97c6a,fb22627f-d03e-542a-b5e0-7caccdd9e82d,True,True
