ticker,report_id,directory_year,passage_id,heading_text,word_count,body_present,first_page_number,passage_type,constituent_block_types,text_excerpt,category,rule_evidence,suggested_action
ACT,923373ad-e6a8-4ca5-96c9-020a5c297d8f,2017,e01c2ee7-d281-47cd-943a-59b5738d311a,Bu,1,False,100,HEADING_WITH_BODY,,Bu,short_fragment_invalid,"heading_text='Bu', word_count=1, passage_type=HEADING_WITH_BODY -- isolated token with no body, the same failure signature as the fixed one-character DECORATIVE_OR_FRAGMENT rule in block_classification.py, just one character wider. Lowercase/mixed-case: matches the corpus's observed mid-word bigram-fragment pattern (e.g. 'rs', 'er', 'nt', 'te') -- no plausible legitimate reading.",EXCLUDE
ACT,923373ad-e6a8-4ca5-96c9-020a5c297d8f,2017,97dfda39-797e-43e5-85d6-8bf4d6709202,Co,1,False,100,HEADING_WITH_BODY,,Co,short_fragment_invalid,"heading_text='Co', word_count=1, passage_type=HEADING_WITH_BODY -- isolated token with no body, the same failure signature as the fixed one-character DECORATIVE_OR_FRAGMENT rule in block_classification.py, just one character wider. Lowercase/mixed-case: matches the corpus's observed mid-word bigram-fragment pattern (e.g. 'rs', 'er', 'nt', 'te') -- no plausible legitimate reading.",EXCLUDE
ACT,923373ad-e6a8-4ca5-96c9-020a5c297d8f,2017,f891bccd-1008-4b0d-ae17-4c7ee3d812ac,In,1,False,100,HEADING_WITH_BODY,,In,short_fragment_invalid,"heading_text='In', word_count=1, passage_type=HEADING_WITH_BODY -- isolated token with no body, the same failure signature as the fixed one-character DECORATIVE_OR_FRAGMENT rule in block_classification.py, just one character wider. Lowercase/mixed-case: matches the corpus's observed mid-word bigram-fragment pattern (e.g. 'rs', 'er', 'nt', 'te') -- no plausible legitimate reading.",EXCLUDE
ACT,923373ad-e6a8-4ca5-96c9-020a5c297d8f,2017,3f7692bc-6fdd-4fd6-a77f-2d45838372e2,Re,1,False,100,HEADING_WITH_BODY,,Re,short_fragment_invalid,"heading_text='Re', word_count=1, passage_type=HEADING_WITH_BODY -- isolated token with no body, the same failure signature as the fixed one-character DECORATIVE_OR_FRAGMENT rule in block_classification.py, just one character wider. Lowercase/mixed-case: matches the corpus's observed mid-word bigram-fragment pattern (e.g. 'rs', 'er', 'nt', 'te') -- no plausible legitimate reading.",EXCLUDE
ACT,923373ad-e6a8-4ca5-96c9-020a5c297d8f,2017,90c23f84-cf50-40ef-994e-e0ffba39248f,Ro,1,False,100,HEADING_WITH_BODY,,Ro,short_fragment_invalid,"heading_text='Ro', word_count=1, passage_type=HEADING_WITH_BODY -- isolated token with no body, the same failure signature as the fixed one-character DECORATIVE_OR_FRAGMENT rule in block_classification.py, just one character wider. Lowercase/mixed-case: matches the corpus's observed mid-word bigram-fragment pattern (e.g. 'rs', 'er', 'nt', 'te') -- no plausible legitimate reading.",EXCLUDE
ACT,923373ad-e6a8-4ca5-96c9-020a5c297d8f,2017,bc6a01b5-edcd-44d8-886e-22944b994869,TI,1,False,100,HEADING_WITH_BODY,,TI,short_fragment_invalid,"heading_text='TI', word_count=1, passage_type=HEADING_WITH_BODY -- isolated token with no body, the same failure signature as the fixed one-character DECORATIVE_OR_FRAGMENT rule in block_classification.py, just one character wider. All-uppercase: plausibly a recurring diagram/table label rather than a mid-word glyph fragment -- retained for human confirmation rather than auto-excluded.",REVIEW
ACT,923373ad-e6a8-4ca5-96c9-020a5c297d8f,2017,153d10c8-96b2-46cb-a2ee-d0332babdc50,Tr,1,False,100,HEADING_WITH_BODY,,Tr,short_fragment_invalid,"heading_text='Tr', word_count=1, passage_type=HEADING_WITH_BODY -- isolated token with no body, the same failure signature as the fixed one-character DECORATIVE_OR_FRAGMENT rule in block_classification.py, just one character wider. Lowercase/mixed-case: matches the corpus's observed mid-word bigram-fragment pattern (e.g. 'rs', 'er', 'nt', 'te') -- no plausible legitimate reading.",EXCLUDE
ACT,923373ad-e6a8-4ca5-96c9-020a5c297d8f,2017,6c437d06-0566-4e80-995a-42f38301a6f7,an,1,False,100,HEADING_WITH_BODY,,an,short_fragment_invalid,"heading_text='an', word_count=1, passage_type=HEADING_WITH_BODY -- isolated token with no body, the same failure signature as the fixed one-character DECORATIVE_OR_FRAGMENT rule in block_classification.py, just one character wider. Lowercase/mixed-case: matches the corpus's observed mid-word bigram-fragment pattern (e.g. 'rs', 'er', 'nt', 'te') -- no plausible legitimate reading.",EXCLUDE
ACT,923373ad-e6a8-4ca5-96c9-020a5c297d8f,2017,fd1e92f3-bbb8-4039-968f-c39474c22e09,ar,1,False,100,HEADING_WITH_BODY,,ar,short_fragment_invalid,"heading_text='ar', word_count=1, passage_type=HEADING_WITH_BODY -- isolated token with no body, the same failure signature as the fixed one-character DECORATIVE_OR_FRAGMENT rule in block_classification.py, just one character wider. Lowercase/mixed-case: matches the corpus's observed mid-word bigram-fragment pattern (e.g. 'rs', 'er', 'nt', 'te') -- no plausible legitimate reading.",EXCLUDE
ACT,923373ad-e6a8-4ca5-96c9-020a5c297d8f,2017,6120d64c-d80d-4420-9b02-aa2860f9788b,at,1,False,100,HEADING_WITH_BODY,,at,short_fragment_invalid,"heading_text='at', word_count=1, passage_type=HEADING_WITH_BODY -- isolated token with no body, the same failure signature as the fixed one-character DECORATIVE_OR_FRAGMENT rule in block_classification.py, just one character wider. Lowercase/mixed-case: matches the corpus's observed mid-word bigram-fragment pattern (e.g. 'rs', 'er', 'nt', 'te') -- no plausible legitimate reading.",EXCLUDE
ACT,923373ad-e6a8-4ca5-96c9-020a5c297d8f,2017,30a499cb-f056-4d19-89fe-b31eb911ab29,bi,1,False,100,HEADING_WITH_BODY,,bi,short_fragment_invalid,"heading_text='bi', word_count=1, passage_type=HEADING_WITH_BODY -- isolated token with no body, the same failure signature as the fixed one-character DECORATIVE_OR_FRAGMENT rule in block_classification.py, just one character wider. Lowercase/mixed-case: matches the corpus's observed mid-word bigram-fragment pattern (e.g. 'rs', 'er', 'nt', 'te') -- no plausible legitimate reading.",EXCLUDE
ACT,923373ad-e6a8-4ca5-96c9-020a5c297d8f,2017,a47a89b5-620e-4018-8013-64f12177d2bf,bl,1,False,100,HEADING_WITH_BODY,,bl,short_fragment_invalid,"heading_text='bl', word_count=1, passage_type=HEADING_WITH_BODY -- isolated token with no body, the same failure signature as the fixed one-character DECORATIVE_OR_FRAGMENT rule in block_classification.py, just one character wider. Lowercase/mixed-case: matches the corpus's observed mid-word bigram-fragment pattern (e.g. 'rs', 'er', 'nt', 'te') -- no plausible legitimate reading.",EXCLUDE
ACT,923373ad-e6a8-4ca5-96c9-020a5c297d8f,2017,1bec8fae-6e42-4f4e-9772-f272fb7332f5,de,1,False,100,HEADING_WITH_BODY,,de,short_fragment_invalid,"heading_text='de', word_count=1, passage_type=HEADING_WITH_BODY -- isolated token with no body, the same failure signature as the fixed one-character DECORATIVE_OR_FRAGMENT rule in block_classification.py, just one character wider. Lowercase/mixed-case: matches the corpus's observed mid-word bigram-fragment pattern (e.g. 'rs', 'er', 'nt', 'te') -- no plausible legitimate reading.",EXCLUDE
ACT,923373ad-e6a8-4ca5-96c9-020a5c297d8f,2017,d73c5588-a1d6-486d-a1e2-939ba0f62821,en,1,False,100,HEADING_WITH_BODY,,en,short_fragment_invalid,"heading_text='en', word_count=1, passage_type=HEADING_WITH_BODY -- isolated token with no body, the same failure signature as the fixed one-character DECORATIVE_OR_FRAGMENT rule in block_classification.py, just one character wider. Lowercase/mixed-case: matches the corpus's observed mid-word bigram-fragment pattern (e.g. 'rs', 'er', 'nt', 'te') -- no plausible legitimate reading.",EXCLUDE
ACT,923373ad-e6a8-4ca5-96c9-020a5c297d8f,2017,3013cd06-06ff-4b1e-8f4b-7ef509f74a66,en,1,False,100,HEADING_WITH_BODY,,en,short_fragment_invalid,"heading_text='en', word_count=1, passage_type=HEADING_WITH_BODY -- isolated token with no body, the same failure signature as the fixed one-character DECORATIVE_OR_FRAGMENT rule in block_classification.py, just one character wider. Lowercase/mixed-case: matches the corpus's observed mid-word bigram-fragment pattern (e.g. 'rs', 'er', 'nt', 'te') -- no plausible legitimate reading.",EXCLUDE
ACT,923373ad-e6a8-4ca5-96c9-020a5c297d8f,2017,56db998e-16fc-4334-9a16-44ac8767287c,ep,1,False,100,HEADING_WITH_BODY,,ep,short_fragment_invalid,"heading_text='ep', word_count=1, passage_type=HEADING_WITH_BODY -- isolated token with no body, the same failure signature as the fixed one-character DECORATIVE_OR_FRAGMENT rule in block_classification.py, just one character wider. Lowercase/mixed-case: matches the corpus's observed mid-word bigram-fragment pattern (e.g. 'rs', 'er', 'nt', 'te') -- no plausible legitimate reading.",EXCLUDE
ACT,923373ad-e6a8-4ca5-96c9-020a5c297d8f,2017,1b3f12c1-ac07-45c7-8859-3d0a37ad41ec,er,1,False,100,HEADING_WITH_BODY,,er,short_fragment_invalid,"heading_text='er', word_count=1, passage_type=HEADING_WITH_BODY -- isolated token with no body, the same failure signature as the fixed one-character DECORATIVE_OR_FRAGMENT rule in block_classification.py, just one character wider. Lowercase/mixed-case: matches the corpus's observed mid-word bigram-fragment pattern (e.g. 'rs', 'er', 'nt', 'te') -- no plausible legitimate reading.",EXCLUDE
ACT,923373ad-e6a8-4ca5-96c9-020a5c297d8f,2017,19446be6-46dd-4b98-b5c8-35bf0613906c,go,1,False,100,HEADING_WITH_BODY,,go,short_fragment_invalid,"heading_text='go', word_count=1, passage_type=HEADING_WITH_BODY -- isolated token with no body, the same failure signature as the fixed one-character DECORATIVE_OR_FRAGMENT rule in block_classification.py, just one character wider. Lowercase/mixed-case: matches the corpus's observed mid-word bigram-fragment pattern (e.g. 'rs', 'er', 'nt', 'te') -- no plausible legitimate reading.",EXCLUDE
ACT,923373ad-e6a8-4ca5-96c9-020a5c297d8f,2017,522b896c-1737-41ce-a0d0-42651d772ab0,ie,1,False,100,HEADING_WITH_BODY,,ie,short_fragment_invalid,"heading_text='ie', word_count=1, passage_type=HEADING_WITH_BODY -- isolated token with no body, the same failure signature as the fixed one-character DECORATIVE_OR_FRAGMENT rule in block_classification.py, just one character wider. Lowercase/mixed-case: matches the corpus's observed mid-word bigram-fragment pattern (e.g. 'rs', 'er', 'nt', 'te') -- no plausible legitimate reading.",EXCLUDE
ACT,923373ad-e6a8-4ca5-96c9-020a5c297d8f,2017,135a9c42-0175-4d70-8c03-ade70a344183,il,1,False,100,HEADING_WITH_BODY,,il,short_fragment_invalid,"heading_text='il', word_count=1, passage_type=HEADING_WITH_BODY -- isolated token with no body, the same failure signature as the fixed one-character DECORATIVE_OR_FRAGMENT rule in block_classification.py, just one character wider. Lowercase/mixed-case: matches the corpus's observed mid-word bigram-fragment pattern (e.g. 'rs', 'er', 'nt', 'te') -- no plausible legitimate reading.",EXCLUDE
ACT,923373ad-e6a8-4ca5-96c9-020a5c297d8f,2017,24504d89-dcc3-4f55-b82b-453b2465d484,io,1,False,100,HEADING_WITH_BODY,,io,short_fragment_invalid,"heading_text='io', word_count=1, passage_type=HEADING_WITH_BODY -- isolated token with no body, the same failure signature as the fixed one-character DECORATIVE_OR_FRAGMENT rule in block_classification.py, just one character wider. Lowercase/mixed-case: matches the corpus's observed mid-word bigram-fragment pattern (e.g. 'rs', 'er', 'nt', 'te') -- no plausible legitimate reading.",EXCLUDE
ACT,923373ad-e6a8-4ca5-96c9-020a5c297d8f,2017,b4ef4ff1-7f16-47c4-a075-cfecf3e349ac,ks,1,False,100,HEADING_WITH_BODY,,ks,short_fragment_invalid,"heading_text='ks', word_count=1, passage_type=HEADING_WITH_BODY -- isolated token with no body, the same failure signature as the fixed one-character DECORATIVE_OR_FRAGMENT rule in block_classification.py, just one character wider. Lowercase/mixed-case: matches the corpus's observed mid-word bigram-fragment pattern (e.g. 'rs', 'er', 'nt', 'te') -- no plausible legitimate reading.",EXCLUDE
ACT,923373ad-e6a8-4ca5-96c9-020a5c297d8f,2017,acb0836f-f7ce-4383-ab6d-6ef7f236b333,le,1,False,100,HEADING_WITH_BODY,,le,short_fragment_invalid,"heading_text='le', word_count=1, passage_type=HEADING_WITH_BODY -- isolated token with no body, the same failure signature as the fixed one-character DECORATIVE_OR_FRAGMENT rule in block_classification.py, just one character wider. Lowercase/mixed-case: matches the corpus's observed mid-word bigram-fragment pattern (e.g. 'rs', 'er', 'nt', 'te') -- no plausible legitimate reading.",EXCLUDE
ACT,923373ad-e6a8-4ca5-96c9-020a5c297d8f,2017,1eaf9111-a004-4ce4-909d-caf07c98c25c,nc,1,False,100,HEADING_WITH_BODY,,nc,short_fragment_invalid,"heading_text='nc', word_count=1, passage_type=HEADING_WITH_BODY -- isolated token with no body, the same failure signature as the fixed one-character DECORATIVE_OR_FRAGMENT rule in block_classification.py, just one character wider. Lowercase/mixed-case: matches the corpus's observed mid-word bigram-fragment pattern (e.g. 'rs', 'er', 'nt', 'te') -- no plausible legitimate reading.",EXCLUDE
ACT,923373ad-e6a8-4ca5-96c9-020a5c297d8f,2017,609d377f-c89e-48ef-8b93-38499fb08235,ns,1,False,100,HEADING_WITH_BODY,,ns,short_fragment_invalid,"heading_text='ns', word_count=1, passage_type=HEADING_WITH_BODY -- isolated token with no body, the same failure signature as the fixed one-character DECORATIVE_OR_FRAGMENT rule in block_classification.py, just one character wider. Lowercase/mixed-case: matches the corpus's observed mid-word bigram-fragment pattern (e.g. 'rs', 'er', 'nt', 'te') -- no plausible legitimate reading.",EXCLUDE
ACT,923373ad-e6a8-4ca5-96c9-020a5c297d8f,2017,fc1c1473-0163-4563-af32-e41204fd423b,oc,1,False,100,HEADING_WITH_BODY,,oc,short_fragment_invalid,"heading_text='oc', word_count=1, passage_type=HEADING_WITH_BODY -- isolated token with no body, the same failure signature as the fixed one-character DECORATIVE_OR_FRAGMENT rule in block_classification.py, just one character wider. Lowercase/mixed-case: matches the corpus's observed mid-word bigram-fragment pattern (e.g. 'rs', 'er', 'nt', 'te') -- no plausible legitimate reading.",EXCLUDE
ACT,923373ad-e6a8-4ca5-96c9-020a5c297d8f,2017,5139a92e-4b56-42f8-9828-c96adde934e4,on,1,False,100,HEADING_WITH_BODY,,on,short_fragment_invalid,"heading_text='on', word_count=1, passage_type=HEADING_WITH_BODY -- isolated token with no body, the same failure signature as the fixed one-character DECORATIVE_OR_FRAGMENT rule in block_classification.py, just one character wider. Lowercase/mixed-case: matches the corpus's observed mid-word bigram-fragment pattern (e.g. 'rs', 'er', 'nt', 'te') -- no plausible legitimate reading.",EXCLUDE
ACT,923373ad-e6a8-4ca5-96c9-020a5c297d8f,2017,c037ea5b-87c5-42ac-af81-c472cb6aeb01,re,1,False,100,HEADING_WITH_BODY,,re,short_fragment_invalid,"heading_text='re', word_count=1, passage_type=HEADING_WITH_BODY -- isolated token with no body, the same failure signature as the fixed one-character DECORATIVE_OR_FRAGMENT rule in block_classification.py, just one character wider. Lowercase/mixed-case: matches the corpus's observed mid-word bigram-fragment pattern (e.g. 'rs', 'er', 'nt', 'te') -- no plausible legitimate reading.",EXCLUDE
ACT,923373ad-e6a8-4ca5-96c9-020a5c297d8f,2017,0d39d576-ad45-4ce8-b8f0-25f24933b9e2,rn,1,False,100,HEADING_WITH_BODY,,rn,short_fragment_invalid,"heading_text='rn', word_count=1, passage_type=HEADING_WITH_BODY -- isolated token with no body, the same failure signature as the fixed one-character DECORATIVE_OR_FRAGMENT rule in block_classification.py, just one character wider. Lowercase/mixed-case: matches the corpus's observed mid-word bigram-fragment pattern (e.g. 'rs', 'er', 'nt', 'te') -- no plausible legitimate reading.",EXCLUDE
ACT,923373ad-e6a8-4ca5-96c9-020a5c297d8f,2017,385a5d5b-6278-4ee3-91bc-1cfe89c1664b,si,1,False,100,HEADING_WITH_BODY,,si,short_fragment_invalid,"heading_text='si', word_count=1, passage_type=HEADING_WITH_BODY -- isolated token with no body, the same failure signature as the fixed one-character DECORATIVE_OR_FRAGMENT rule in block_classification.py, just one character wider. Lowercase/mixed-case: matches the corpus's observed mid-word bigram-fragment pattern (e.g. 'rs', 'er', 'nt', 'te') -- no plausible legitimate reading.",EXCLUDE
ACT,923373ad-e6a8-4ca5-96c9-020a5c297d8f,2017,0510d8d6-e466-425e-a6a9-56c9024dad67,sp,1,False,100,HEADING_WITH_BODY,,sp,short_fragment_invalid,"heading_text='sp', word_count=1, passage_type=HEADING_WITH_BODY -- isolated token with no body, the same failure signature as the fixed one-character DECORATIVE_OR_FRAGMENT rule in block_classification.py, just one character wider. Lowercase/mixed-case: matches the corpus's observed mid-word bigram-fragment pattern (e.g. 'rs', 'er', 'nt', 'te') -- no plausible legitimate reading.",EXCLUDE
ACT,923373ad-e6a8-4ca5-96c9-020a5c297d8f,2017,0d35f7bc-95c6-41b8-b77b-8b9cd02e33d0,sp,1,False,100,HEADING_WITH_BODY,,sp,short_fragment_invalid,"heading_text='sp', word_count=1, passage_type=HEADING_WITH_BODY -- isolated token with no body, the same failure signature as the fixed one-character DECORATIVE_OR_FRAGMENT rule in block_classification.py, just one character wider. Lowercase/mixed-case: matches the corpus's observed mid-word bigram-fragment pattern (e.g. 'rs', 'er', 'nt', 'te') -- no plausible legitimate reading.",EXCLUDE
ACT,923373ad-e6a8-4ca5-96c9-020a5c297d8f,2017,08c9390c-a05b-4dde-9d88-b4466f5a393e,ul,1,False,100,HEADING_WITH_BODY,,ul,short_fragment_invalid,"heading_text='ul', word_count=1, passage_type=HEADING_WITH_BODY -- isolated token with no body, the same failure signature as the fixed one-character DECORATIVE_OR_FRAGMENT rule in block_classification.py, just one character wider. Lowercase/mixed-case: matches the corpus's observed mid-word bigram-fragment pattern (e.g. 'rs', 'er', 'nt', 'te') -- no plausible legitimate reading.",EXCLUDE
ACT,923373ad-e6a8-4ca5-96c9-020a5c297d8f,2017,a2e273fa-f035-4178-8fcc-56a7038a339c,un,1,False,100,HEADING_WITH_BODY,,un,short_fragment_invalid,"heading_text='un', word_count=1, passage_type=HEADING_WITH_BODY -- isolated token with no body, the same failure signature as the fixed one-character DECORATIVE_OR_FRAGMENT rule in block_classification.py, just one character wider. Lowercase/mixed-case: matches the corpus's observed mid-word bigram-fragment pattern (e.g. 'rs', 'er', 'nt', 'te') -- no plausible legitimate reading.",EXCLUDE
ACT,923373ad-e6a8-4ca5-96c9-020a5c297d8f,2017,96bfae42-743d-4a04-97f3-3626e9c36290,ve,1,False,100,HEADING_WITH_BODY,,ve,short_fragment_invalid,"heading_text='ve', word_count=1, passage_type=HEADING_WITH_BODY -- isolated token with no body, the same failure signature as the fixed one-character DECORATIVE_OR_FRAGMENT rule in block_classification.py, just one character wider. Lowercase/mixed-case: matches the corpus's observed mid-word bigram-fragment pattern (e.g. 'rs', 'er', 'nt', 'te') -- no plausible legitimate reading.",EXCLUDE
ACT,daf738d9-6e52-4e0d-ac1f-20405909e34b,2018,e91f1b48-b5c8-4cc2-b58f-a30606092a90,En,1,False,32,HEADING_WITH_BODY,,En,short_fragment_invalid,"heading_text='En', word_count=1, passage_type=HEADING_WITH_BODY -- isolated token with no body, the same failure signature as the fixed one-character DECORATIVE_OR_FRAGMENT rule in block_classification.py, just one character wider. Lowercase/mixed-case: matches the corpus's observed mid-word bigram-fragment pattern (e.g. 'rs', 'er', 'nt', 'te') -- no plausible legitimate reading.",EXCLUDE
ACT,daf738d9-6e52-4e0d-ac1f-20405909e34b,2018,eb926223-1eaa-4552-bd92-732d7492d4ff,En,1,False,33,HEADING_WITH_BODY,,En,short_fragment_invalid,"heading_text='En', word_count=1, passage_type=HEADING_WITH_BODY -- isolated token with no body, the same failure signature as the fixed one-character DECORATIVE_OR_FRAGMENT rule in block_classification.py, just one character wider. Lowercase/mixed-case: matches the corpus's observed mid-word bigram-fragment pattern (e.g. 'rs', 'er', 'nt', 'te') -- no plausible legitimate reading.",EXCLUDE
ACT,daf738d9-6e52-4e0d-ac1f-20405909e34b,2018,a9f9d771-f1aa-4f99-8704-fa1cd7b032bb,Et,1,False,79,HEADING_WITH_BODY,,Et,short_fragment_invalid,"heading_text='Et', word_count=1, passage_type=HEADING_WITH_BODY -- isolated token with no body, the same failure signature as the fixed one-character DECORATIVE_OR_FRAGMENT rule in block_classification.py, just one character wider. Lowercase/mixed-case: matches the corpus's observed mid-word bigram-fragment pattern (e.g. 'rs', 'er', 'nt', 'te') -- no plausible legitimate reading.",EXCLUDE
ACT,daf738d9-6e52-4e0d-ac1f-20405909e34b,2018,b31e6d5c-0530-42c7-bf8a-3669dd9ffebb,He,1,False,32,HEADING_WITH_BODY,,He,short_fragment_invalid,"heading_text='He', word_count=1, passage_type=HEADING_WITH_BODY -- isolated token with no body, the same failure signature as the fixed one-character DECORATIVE_OR_FRAGMENT rule in block_classification.py, just one character wider. Lowercase/mixed-case: matches the corpus's observed mid-word bigram-fragment pattern (e.g. 'rs', 'er', 'nt', 'te') -- no plausible legitimate reading.",EXCLUDE
ACT,daf738d9-6e52-4e0d-ac1f-20405909e34b,2018,9e7159d5-d21a-4eb2-9bc9-70ff8bfcb0ef,In,1,False,78,HEADING_WITH_BODY,,In,short_fragment_invalid,"heading_text='In', word_count=1, passage_type=HEADING_WITH_BODY -- isolated token with no body, the same failure signature as the fixed one-character DECORATIVE_OR_FRAGMENT rule in block_classification.py, just one character wider. Lowercase/mixed-case: matches the corpus's observed mid-word bigram-fragment pattern (e.g. 'rs', 'er', 'nt', 'te') -- no plausible legitimate reading.",EXCLUDE
ACT,daf738d9-6e52-4e0d-ac1f-20405909e34b,2018,cca22414-21c6-4a4b-be2f-3eb1d14f361c,Ri,1,False,78,HEADING_WITH_BODY,,Ri,short_fragment_invalid,"heading_text='Ri', word_count=1, passage_type=HEADING_WITH_BODY -- isolated token with no body, the same failure signature as the fixed one-character DECORATIVE_OR_FRAGMENT rule in block_classification.py, just one character wider. Lowercase/mixed-case: matches the corpus's observed mid-word bigram-fragment pattern (e.g. 'rs', 'er', 'nt', 'te') -- no plausible legitimate reading.",EXCLUDE
ACT,daf738d9-6e52-4e0d-ac1f-20405909e34b,2018,acdb4c09-e8a2-4594-98aa-ff8f6fb69ec0,St,1,False,78,HEADING_WITH_BODY,,St,short_fragment_invalid,"heading_text='St', word_count=1, passage_type=HEADING_WITH_BODY -- isolated token with no body, the same failure signature as the fixed one-character DECORATIVE_OR_FRAGMENT rule in block_classification.py, just one character wider. Lowercase/mixed-case: matches the corpus's observed mid-word bigram-fragment pattern (e.g. 'rs', 'er', 'nt', 'te') -- no plausible legitimate reading.",EXCLUDE
ACT,daf738d9-6e52-4e0d-ac1f-20405909e34b,2018,36b3a953-10e0-4916-9c34-493e5a1238b1,Su,1,False,33,HEADING_WITH_BODY,,Su,short_fragment_invalid,"heading_text='Su', word_count=1, passage_type=HEADING_WITH_BODY -- isolated token with no body, the same failure signature as the fixed one-character DECORATIVE_OR_FRAGMENT rule in block_classification.py, just one character wider. Lowercase/mixed-case: matches the corpus's observed mid-word bigram-fragment pattern (e.g. 'rs', 'er', 'nt', 'te') -- no plausible legitimate reading.",EXCLUDE
ACT,daf738d9-6e52-4e0d-ac1f-20405909e34b,2018,7e511dbd-105b-45d4-8123-2781470d2ff1,ab,1,False,32,HEADING_WITH_BODY,,ab,short_fragment_invalid,"heading_text='ab', word_count=1, passage_type=HEADING_WITH_BODY -- isolated token with no body, the same failure signature as the fixed one-character DECORATIVE_OR_FRAGMENT rule in block_classification.py, just one character wider. Lowercase/mixed-case: matches the corpus's observed mid-word bigram-fragment pattern (e.g. 'rs', 'er', 'nt', 'te') -- no plausible legitimate reading.",EXCLUDE
ACT,daf738d9-6e52-4e0d-ac1f-20405909e34b,2018,9efe05dd-48b5-4948-9bc6-bff3856003f9,al,1,False,32,HEADING_WITH_BODY,,al,short_fragment_invalid,"heading_text='al', word_count=1, passage_type=HEADING_WITH_BODY -- isolated token with no body, the same failure signature as the fixed one-character DECORATIVE_OR_FRAGMENT rule in block_classification.py, just one character wider. Lowercase/mixed-case: matches the corpus's observed mid-word bigram-fragment pattern (e.g. 'rs', 'er', 'nt', 'te') -- no plausible legitimate reading.",EXCLUDE
ACT,daf738d9-6e52-4e0d-ac1f-20405909e34b,2018,79ea6309-3690-42e2-b37a-8d417623fda2,al,1,False,79,HEADING_WITH_BODY,,al,short_fragment_invalid,"heading_text='al', word_count=1, passage_type=HEADING_WITH_BODY -- isolated token with no body, the same failure signature as the fixed one-character DECORATIVE_OR_FRAGMENT rule in block_classification.py, just one character wider. Lowercase/mixed-case: matches the corpus's observed mid-word bigram-fragment pattern (e.g. 'rs', 'er', 'nt', 'te') -- no plausible legitimate reading.",EXCLUDE
ACT,daf738d9-6e52-4e0d-ac1f-20405909e34b,2018,d9962482-500e-4d79-b678-4bc309b175a7,ar,1,False,32,HEADING_WITH_BODY,,ar,short_fragment_invalid,"heading_text='ar', word_count=1, passage_type=HEADING_WITH_BODY -- isolated token with no body, the same failure signature as the fixed one-character DECORATIVE_OR_FRAGMENT rule in block_classification.py, just one character wider. Lowercase/mixed-case: matches the corpus's observed mid-word bigram-fragment pattern (e.g. 'rs', 'er', 'nt', 'te') -- no plausible legitimate reading.",EXCLUDE
ACT,daf738d9-6e52-4e0d-ac1f-20405909e34b,2018,54dbd874-c7bd-48b5-bb8a-432612f69125,at,1,False,32,HEADING_WITH_BODY,,at,short_fragment_invalid,"heading_text='at', word_count=1, passage_type=HEADING_WITH_BODY -- isolated token with no body, the same failure signature as the fixed one-character DECORATIVE_OR_FRAGMENT rule in block_classification.py, just one character wider. Lowercase/mixed-case: matches the corpus's observed mid-word bigram-fragment pattern (e.g. 'rs', 'er', 'nt', 'te') -- no plausible legitimate reading.",EXCLUDE
ACT,daf738d9-6e52-4e0d-ac1f-20405909e34b,2018,e0ed65f3-839f-425d-a080-1fa612943b57,at,1,False,79,HEADING_WITH_BODY,,at,short_fragment_invalid,"heading_text='at', word_count=1, passage_type=HEADING_WITH_BODY -- isolated token with no body, the same failure signature as the fixed one-character DECORATIVE_OR_FRAGMENT rule in block_classification.py, just one character wider. Lowercase/mixed-case: matches the corpus's observed mid-word bigram-fragment pattern (e.g. 'rs', 'er', 'nt', 'te') -- no plausible legitimate reading.",EXCLUDE
ACT,daf738d9-6e52-4e0d-ac1f-20405909e34b,2018,55e71998-9765-4c87-902e-d38e31ce2949,bu,1,False,32,HEADING_WITH_BODY,,bu,short_fragment_invalid,"heading_text='bu', word_count=1, passage_type=HEADING_WITH_BODY -- isolated token with no body, the same failure signature as the fixed one-character DECORATIVE_OR_FRAGMENT rule in block_classification.py, just one character wider. Lowercase/mixed-case: matches the corpus's observed mid-word bigram-fragment pattern (e.g. 'rs', 'er', 'nt', 'te') -- no plausible legitimate reading.",EXCLUDE
ACT,daf738d9-6e52-4e0d-ac1f-20405909e34b,2018,4993df18-0a3c-4429-a683-e161fd883c33,ca,1,False,32,HEADING_WITH_BODY,,ca,short_fragment_invalid,"heading_text='ca', word_count=1, passage_type=HEADING_WITH_BODY -- isolated token with no body, the same failure signature as the fixed one-character DECORATIVE_OR_FRAGMENT rule in block_classification.py, just one character wider. Lowercase/mixed-case: matches the corpus's observed mid-word bigram-fragment pattern (e.g. 'rs', 'er', 'nt', 'te') -- no plausible legitimate reading.",EXCLUDE
ACT,daf738d9-6e52-4e0d-ac1f-20405909e34b,2018,64f4a51d-7190-4f24-b56b-7db48580bda6,ce,1,False,33,HEADING_WITH_BODY,,ce,short_fragment_invalid,"heading_text='ce', word_count=1, passage_type=HEADING_WITH_BODY -- isolated token with no body, the same failure signature as the fixed one-character DECORATIVE_OR_FRAGMENT rule in block_classification.py, just one character wider. Lowercase/mixed-case: matches the corpus's observed mid-word bigram-fragment pattern (e.g. 'rs', 'er', 'nt', 'te') -- no plausible legitimate reading.",EXCLUDE
ACT,daf738d9-6e52-4e0d-ac1f-20405909e34b,2018,9a76febb-ed2d-472a-acc6-f4ea036538c8,cu,1,False,33,HEADING_WITH_BODY,,cu,short_fragment_invalid,"heading_text='cu', word_count=1, passage_type=HEADING_WITH_BODY -- isolated token with no body, the same failure signature as the fixed one-character DECORATIVE_OR_FRAGMENT rule in block_classification.py, just one character wider. Lowercase/mixed-case: matches the corpus's observed mid-word bigram-fragment pattern (e.g. 'rs', 'er', 'nt', 'te') -- no plausible legitimate reading.",EXCLUDE
ACT,daf738d9-6e52-4e0d-ac1f-20405909e34b,2018,d998a19e-9d8d-4579-8cde-59e7424c9283,dm,1,False,32,HEADING_WITH_BODY,,dm,short_fragment_invalid,"heading_text='dm', word_count=1, passage_type=HEADING_WITH_BODY -- isolated token with no body, the same failure signature as the fixed one-character DECORATIVE_OR_FRAGMENT rule in block_classification.py, just one character wider. Lowercase/mixed-case: matches the corpus's observed mid-word bigram-fragment pattern (e.g. 'rs', 'er', 'nt', 'te') -- no plausible legitimate reading.",EXCLUDE
ACT,daf738d9-6e52-4e0d-ac1f-20405909e34b,2018,1da9ca67-c2f2-4aeb-9c96-7c5235977211,ee,1,False,78,HEADING_WITH_BODY,,ee,short_fragment_invalid,"heading_text='ee', word_count=1, passage_type=HEADING_WITH_BODY -- isolated token with no body, the same failure signature as the fixed one-character DECORATIVE_OR_FRAGMENT rule in block_classification.py, just one character wider. Lowercase/mixed-case: matches the corpus's observed mid-word bigram-fragment pattern (e.g. 'rs', 'er', 'nt', 'te') -- no plausible legitimate reading.",EXCLUDE
ACT,daf738d9-6e52-4e0d-ac1f-20405909e34b,2018,00f46977-96d6-4cd3-9935-0dc605ede50d,ee,1,False,79,HEADING_WITH_BODY,,ee,short_fragment_invalid,"heading_text='ee', word_count=1, passage_type=HEADING_WITH_BODY -- isolated token with no body, the same failure signature as the fixed one-character DECORATIVE_OR_FRAGMENT rule in block_classification.py, just one character wider. Lowercase/mixed-case: matches the corpus's observed mid-word bigram-fragment pattern (e.g. 'rs', 'er', 'nt', 'te') -- no plausible legitimate reading.",EXCLUDE
ACT,daf738d9-6e52-4e0d-ac1f-20405909e34b,2018,e41c5426-e9f4-4155-909f-bf5f51c0a73f,er,1,False,32,HEADING_WITH_BODY,,er,short_fragment_invalid,"heading_text='er', word_count=1, passage_type=HEADING_WITH_BODY -- isolated token with no body, the same failure signature as the fixed one-character DECORATIVE_OR_FRAGMENT rule in block_classification.py, just one character wider. Lowercase/mixed-case: matches the corpus's observed mid-word bigram-fragment pattern (e.g. 'rs', 'er', 'nt', 'te') -- no plausible legitimate reading.",EXCLUDE
ACT,daf738d9-6e52-4e0d-ac1f-20405909e34b,2018,aa47fa60-5cf2-4f63-b9c5-b4e2983fc46c,er,1,False,33,HEADING_WITH_BODY,,er,short_fragment_invalid,"heading_text='er', word_count=1, passage_type=HEADING_WITH_BODY -- isolated token with no body, the same failure signature as the fixed one-character DECORATIVE_OR_FRAGMENT rule in block_classification.py, just one character wider. Lowercase/mixed-case: matches the corpus's observed mid-word bigram-fragment pattern (e.g. 'rs', 'er', 'nt', 'te') -- no plausible legitimate reading.",EXCLUDE
ACT,daf738d9-6e52-4e0d-ac1f-20405909e34b,2018,0601316b-1e94-4968-8e00-915e672da01a,er,1,False,40,HEADING_WITH_BODY,,er,short_fragment_invalid,"heading_text='er', word_count=1, passage_type=HEADING_WITH_BODY -- isolated token with no body, the same failure signature as the fixed one-character DECORATIVE_OR_FRAGMENT rule in block_classification.py, just one character wider. Lowercase/mixed-case: matches the corpus's observed mid-word bigram-fragment pattern (e.g. 'rs', 'er', 'nt', 'te') -- no plausible legitimate reading.",EXCLUDE
ACT,daf738d9-6e52-4e0d-ac1f-20405909e34b,2018,7b4f63b4-42c7-45c0-8a43-8469dd2d5cc5,er,1,False,78,HEADING_WITH_BODY,,er,short_fragment_invalid,"heading_text='er', word_count=1, passage_type=HEADING_WITH_BODY -- isolated token with no body, the same failure signature as the fixed one-character DECORATIVE_OR_FRAGMENT rule in block_classification.py, just one character wider. Lowercase/mixed-case: matches the corpus's observed mid-word bigram-fragment pattern (e.g. 'rs', 'er', 'nt', 'te') -- no plausible legitimate reading.",EXCLUDE
ACT,daf738d9-6e52-4e0d-ac1f-20405909e34b,2018,0b931f5d-37f0-410c-9cc1-9f4e4919a213,hc,1,False,32,HEADING_WITH_BODY,,hc,short_fragment_invalid,"heading_text='hc', word_count=1, passage_type=HEADING_WITH_BODY -- isolated token with no body, the same failure signature as the fixed one-character DECORATIVE_OR_FRAGMENT rule in block_classification.py, just one character wider. Lowercase/mixed-case: matches the corpus's observed mid-word bigram-fragment pattern (e.g. 'rs', 'er', 'nt', 'te') -- no plausible legitimate reading.",EXCLUDE
ACT,daf738d9-6e52-4e0d-ac1f-20405909e34b,2018,3621ac2c-3233-400a-9d51-b60c2fe1726a,hi,1,False,79,HEADING_WITH_BODY,,hi,short_fragment_invalid,"heading_text='hi', word_count=1, passage_type=HEADING_WITH_BODY -- isolated token with no body, the same failure signature as the fixed one-character DECORATIVE_OR_FRAGMENT rule in block_classification.py, just one character wider. Lowercase/mixed-case: matches the corpus's observed mid-word bigram-fragment pattern (e.g. 'rs', 'er', 'nt', 'te') -- no plausible legitimate reading.",EXCLUDE
ACT,daf738d9-6e52-4e0d-ac1f-20405909e34b,2018,9bafadf1-267a-43d1-ba81-4394c9bbd9a8,id,1,False,32,HEADING_WITH_BODY,,id,short_fragment_invalid,"heading_text='id', word_count=1, passage_type=HEADING_WITH_BODY -- isolated token with no body, the same failure signature as the fixed one-character DECORATIVE_OR_FRAGMENT rule in block_classification.py, just one character wider. Lowercase/mixed-case: matches the corpus's observed mid-word bigram-fragment pattern (e.g. 'rs', 'er', 'nt', 'te') -- no plausible legitimate reading.",EXCLUDE
ACT,daf738d9-6e52-4e0d-ac1f-20405909e34b,2018,70afe6f6-f69e-47a0-9838-4241793f99dd,in,1,False,32,HEADING_WITH_BODY,,in,short_fragment_invalid,"heading_text='in', word_count=1, passage_type=HEADING_WITH_BODY -- isolated token with no body, the same failure signature as the fixed one-character DECORATIVE_OR_FRAGMENT rule in block_classification.py, just one character wider. Lowercase/mixed-case: matches the corpus's observed mid-word bigram-fragment pattern (e.g. 'rs', 'er', 'nt', 'te') -- no plausible legitimate reading.",EXCLUDE
ACT,daf738d9-6e52-4e0d-ac1f-20405909e34b,2018,63642e75-35e0-4047-9eed-6fef58ad5df3,in,1,False,78,HEADING_WITH_BODY,,in,short_fragment_invalid,"heading_text='in', word_count=1, passage_type=HEADING_WITH_BODY -- isolated token with no body, the same failure signature as the fixed one-character DECORATIVE_OR_FRAGMENT rule in block_classification.py, just one character wider. Lowercase/mixed-case: matches the corpus's observed mid-word bigram-fragment pattern (e.g. 'rs', 'er', 'nt', 'te') -- no plausible legitimate reading.",EXCLUDE
ACT,daf738d9-6e52-4e0d-ac1f-20405909e34b,2018,6af9f452-5b6b-4016-82d9-8873482bff16,in,1,False,79,HEADING_WITH_BODY,,in,short_fragment_invalid,"heading_text='in', word_count=1, passage_type=HEADING_WITH_BODY -- isolated token with no body, the same failure signature as the fixed one-character DECORATIVE_OR_FRAGMENT rule in block_classification.py, just one character wider. Lowercase/mixed-case: matches the corpus's observed mid-word bigram-fragment pattern (e.g. 'rs', 'er', 'nt', 'te') -- no plausible legitimate reading.",EXCLUDE
ACT,daf738d9-6e52-4e0d-ac1f-20405909e34b,2018,bc27ed8f-c0a3-43fc-9ea3-1000d517e5f7,io,1,False,32,HEADING_WITH_BODY,,io,short_fragment_invalid,"heading_text='io', word_count=1, passage_type=HEADING_WITH_BODY -- isolated token with no body, the same failure signature as the fixed one-character DECORATIVE_OR_FRAGMENT rule in block_classification.py, just one character wider. Lowercase/mixed-case: matches the corpus's observed mid-word bigram-fragment pattern (e.g. 'rs', 'er', 'nt', 'te') -- no plausible legitimate reading.",EXCLUDE
ACT,daf738d9-6e52-4e0d-ac1f-20405909e34b,2018,66611fca-b658-4249-87f3-46817e19ee03,io,1,False,79,HEADING_WITH_BODY,,io,short_fragment_invalid,"heading_text='io', word_count=1, passage_type=HEADING_WITH_BODY -- isolated token with no body, the same failure signature as the fixed one-character DECORATIVE_OR_FRAGMENT rule in block_classification.py, just one character wider. Lowercase/mixed-case: matches the corpus's observed mid-word bigram-fragment pattern (e.g. 'rs', 'er', 'nt', 'te') -- no plausible legitimate reading.",EXCLUDE
ACT,daf738d9-6e52-4e0d-ac1f-20405909e34b,2018,90090cf2-52b3-4a08-be96-4fea9965cd2c,is,1,False,32,HEADING_WITH_BODY,,is,short_fragment_invalid,"heading_text='is', word_count=1, passage_type=HEADING_WITH_BODY -- isolated token with no body, the same failure signature as the fixed one-character DECORATIVE_OR_FRAGMENT rule in block_classification.py, just one character wider. Lowercase/mixed-case: matches the corpus's observed mid-word bigram-fragment pattern (e.g. 'rs', 'er', 'nt', 'te') -- no plausible legitimate reading.",EXCLUDE
ACT,daf738d9-6e52-4e0d-ac1f-20405909e34b,2018,2f40a6a9-e3bc-48f0-9550-c310bc06e612,it,1,False,78,HEADING_WITH_BODY,,it,short_fragment_invalid,"heading_text='it', word_count=1, passage_type=HEADING_WITH_BODY -- isolated token with no body, the same failure signature as the fixed one-character DECORATIVE_OR_FRAGMENT rule in block_classification.py, just one character wider. Lowercase/mixed-case: matches the corpus's observed mid-word bigram-fragment pattern (e.g. 'rs', 'er', 'nt', 'te') -- no plausible legitimate reading.",EXCLUDE
ACT,daf738d9-6e52-4e0d-ac1f-20405909e34b,2018,b5a8e0ec-8147-47fb-beba-427c976f234a,it,1,False,78,HEADING_WITH_BODY,,it,short_fragment_invalid,"heading_text='it', word_count=1, passage_type=HEADING_WITH_BODY -- isolated token with no body, the same failure signature as the fixed one-character DECORATIVE_OR_FRAGMENT rule in block_classification.py, just one character wider. Lowercase/mixed-case: matches the corpus's observed mid-word bigram-fragment pattern (e.g. 'rs', 'er', 'nt', 'te') -- no plausible legitimate reading.",EXCLUDE
ACT,daf738d9-6e52-4e0d-ac1f-20405909e34b,2018,7c55efcc-6028-4292-8940-090f75a2bc92,it,1,False,79,HEADING_WITH_BODY,,it,short_fragment_invalid,"heading_text='it', word_count=1, passage_type=HEADING_WITH_BODY -- isolated token with no body, the same failure signature as the fixed one-character DECORATIVE_OR_FRAGMENT rule in block_classification.py, just one character wider. Lowercase/mixed-case: matches the corpus's observed mid-word bigram-fragment pattern (e.g. 'rs', 'er', 'nt', 'te') -- no plausible legitimate reading.",EXCLUDE
ACT,daf738d9-6e52-4e0d-ac1f-20405909e34b,2018,182da1b0-0a10-4934-83f6-c259b1cfae81,it,1,False,79,HEADING_WITH_BODY,,it,short_fragment_invalid,"heading_text='it', word_count=1, passage_type=HEADING_WITH_BODY -- isolated token with no body, the same failure signature as the fixed one-character DECORATIVE_OR_FRAGMENT rule in block_classification.py, just one character wider. Lowercase/mixed-case: matches the corpus's observed mid-word bigram-fragment pattern (e.g. 'rs', 'er', 'nt', 'te') -- no plausible legitimate reading.",EXCLUDE
ACT,daf738d9-6e52-4e0d-ac1f-20405909e34b,2018,73e26f06-c5b1-4788-a4a0-aad34fc6bc36,me,1,False,33,HEADING_WITH_BODY,,me,short_fragment_invalid,"heading_text='me', word_count=1, passage_type=HEADING_WITH_BODY -- isolated token with no body, the same failure signature as the fixed one-character DECORATIVE_OR_FRAGMENT rule in block_classification.py, just one character wider. Lowercase/mixed-case: matches the corpus's observed mid-word bigram-fragment pattern (e.g. 'rs', 'er', 'nt', 'te') -- no plausible legitimate reading.",EXCLUDE
ACT,daf738d9-6e52-4e0d-ac1f-20405909e34b,2018,b9a9d4f9-1105-446c-9b61-a9fcb506464f,ne,1,False,32,HEADING_WITH_BODY,,ne,short_fragment_invalid,"heading_text='ne', word_count=1, passage_type=HEADING_WITH_BODY -- isolated token with no body, the same failure signature as the fixed one-character DECORATIVE_OR_FRAGMENT rule in block_classification.py, just one character wider. Lowercase/mixed-case: matches the corpus's observed mid-word bigram-fragment pattern (e.g. 'rs', 'er', 'nt', 'te') -- no plausible legitimate reading.",EXCLUDE
ACT,daf738d9-6e52-4e0d-ac1f-20405909e34b,2018,6629bb2f-60dc-4145-b4f5-7daf7e14585e,ne,1,False,79,HEADING_WITH_BODY,,ne,short_fragment_invalid,"heading_text='ne', word_count=1, passage_type=HEADING_WITH_BODY -- isolated token with no body, the same failure signature as the fixed one-character DECORATIVE_OR_FRAGMENT rule in block_classification.py, just one character wider. Lowercase/mixed-case: matches the corpus's observed mid-word bigram-fragment pattern (e.g. 'rs', 'er', 'nt', 'te') -- no plausible legitimate reading.",EXCLUDE
ACT,daf738d9-6e52-4e0d-ac1f-20405909e34b,2018,5dead084-d995-4882-b847-38be69ac76a5,nt,1,False,78,HEADING_WITH_BODY,,nt,short_fragment_invalid,"heading_text='nt', word_count=1, passage_type=HEADING_WITH_BODY -- isolated token with no body, the same failure signature as the fixed one-character DECORATIVE_OR_FRAGMENT rule in block_classification.py, just one character wider. Lowercase/mixed-case: matches the corpus's observed mid-word bigram-fragment pattern (e.g. 'rs', 'er', 'nt', 'te') -- no plausible legitimate reading.",EXCLUDE
ACT,daf738d9-6e52-4e0d-ac1f-20405909e34b,2018,543c906f-41ef-473f-853c-912843ef62c9,or,1,False,33,HEADING_WITH_BODY,,or,short_fragment_invalid,"heading_text='or', word_count=1, passage_type=HEADING_WITH_BODY -- isolated token with no body, the same failure signature as the fixed one-character DECORATIVE_OR_FRAGMENT rule in block_classification.py, just one character wider. Lowercase/mixed-case: matches the corpus's observed mid-word bigram-fragment pattern (e.g. 'rs', 'er', 'nt', 'te') -- no plausible legitimate reading.",EXCLUDE
ACT,daf738d9-6e52-4e0d-ac1f-20405909e34b,2018,f5a88d8d-1470-4508-a687-acf142127d82,ov,1,False,32,HEADING_WITH_BODY,,ov,short_fragment_invalid,"heading_text='ov', word_count=1, passage_type=HEADING_WITH_BODY -- isolated token with no body, the same failure signature as the fixed one-character DECORATIVE_OR_FRAGMENT rule in block_classification.py, just one character wider. Lowercase/mixed-case: matches the corpus's observed mid-word bigram-fragment pattern (e.g. 'rs', 'er', 'nt', 'te') -- no plausible legitimate reading.",EXCLUDE
ACT,daf738d9-6e52-4e0d-ac1f-20405909e34b,2018,45a1c384-2b21-4907-b15f-8b48e921c34e,pp,1,False,33,HEADING_WITH_BODY,,pp,short_fragment_invalid,"heading_text='pp', word_count=1, passage_type=HEADING_WITH_BODY -- isolated token with no body, the same failure signature as the fixed one-character DECORATIVE_OR_FRAGMENT rule in block_classification.py, just one character wider. Lowercase/mixed-case: matches the corpus's observed mid-word bigram-fragment pattern (e.g. 'rs', 'er', 'nt', 'te') -- no plausible legitimate reading.",EXCLUDE
ACT,daf738d9-6e52-4e0d-ac1f-20405909e34b,2018,c330ebec-e218-466b-a299-e068b726ed27,pr,1,False,32,HEADING_WITH_BODY,,pr,short_fragment_invalid,"heading_text='pr', word_count=1, passage_type=HEADING_WITH_BODY -- isolated token with no body, the same failure signature as the fixed one-character DECORATIVE_OR_FRAGMENT rule in block_classification.py, just one character wider. Lowercase/mixed-case: matches the corpus's observed mid-word bigram-fragment pattern (e.g. 'rs', 'er', 'nt', 'te') -- no plausible legitimate reading.",EXCLUDE
ACT,daf738d9-6e52-4e0d-ac1f-20405909e34b,2018,4f97f7ce-bd95-45e9-a6e0-66ebefa71854,ra,1,False,79,HEADING_WITH_BODY,,ra,short_fragment_invalid,"heading_text='ra', word_count=1, passage_type=HEADING_WITH_BODY -- isolated token with no body, the same failure signature as the fixed one-character DECORATIVE_OR_FRAGMENT rule in block_classification.py, just one character wider. Lowercase/mixed-case: matches the corpus's observed mid-word bigram-fragment pattern (e.g. 'rs', 'er', 'nt', 'te') -- no plausible legitimate reading.",EXCLUDE
ACT,daf738d9-6e52-4e0d-ac1f-20405909e34b,2018,6f2ff540-aff4-497c-98f6-7df9a8555cc5,re,1,False,32,HEADING_WITH_BODY,,re,short_fragment_invalid,"heading_text='re', word_count=1, passage_type=HEADING_WITH_BODY -- isolated token with no body, the same failure signature as the fixed one-character DECORATIVE_OR_FRAGMENT rule in block_classification.py, just one character wider. Lowercase/mixed-case: matches the corpus's observed mid-word bigram-fragment pattern (e.g. 'rs', 'er', 'nt', 'te') -- no plausible legitimate reading.",EXCLUDE
ACT,daf738d9-6e52-4e0d-ac1f-20405909e34b,2018,b1d8c24c-af2f-415c-9b41-a7d5f9f01fe4,si,1,False,32,HEADING_WITH_BODY,,si,short_fragment_invalid,"heading_text='si', word_count=1, passage_type=HEADING_WITH_BODY -- isolated token with no body, the same failure signature as the fixed one-character DECORATIVE_OR_FRAGMENT rule in block_classification.py, just one character wider. Lowercase/mixed-case: matches the corpus's observed mid-word bigram-fragment pattern (e.g. 'rs', 'er', 'nt', 'te') -- no plausible legitimate reading.",EXCLUDE
ACT,daf738d9-6e52-4e0d-ac1f-20405909e34b,2018,2a14be88-a580-44c6-8d16-c0bf349acb38,sk,1,False,78,HEADING_WITH_BODY,,sk,short_fragment_invalid,"heading_text='sk', word_count=1, passage_type=HEADING_WITH_BODY -- isolated token with no body, the same failure signature as the fixed one-character DECORATIVE_OR_FRAGMENT rule in block_classification.py, just one character wider. Lowercase/mixed-case: matches the corpus's observed mid-word bigram-fragment pattern (e.g. 'rs', 'er', 'nt', 'te') -- no plausible legitimate reading.",EXCLUDE
ACT,daf738d9-6e52-4e0d-ac1f-20405909e34b,2018,f73a3d67-faae-440b-8659-84536e3a80c6,ss,1,False,32,HEADING_WITH_BODY,,ss,short_fragment_invalid,"heading_text='ss', word_count=1, passage_type=HEADING_WITH_BODY -- isolated token with no body, the same failure signature as the fixed one-character DECORATIVE_OR_FRAGMENT rule in block_classification.py, just one character wider. Lowercase/mixed-case: matches the corpus's observed mid-word bigram-fragment pattern (e.g. 'rs', 'er', 'nt', 'te') -- no plausible legitimate reading.",EXCLUDE
ACT,daf738d9-6e52-4e0d-ac1f-20405909e34b,2018,9d1f58e1-d5e9-4082-b3f6-81b4670514e7,st,1,False,33,HEADING_WITH_BODY,,st,short_fragment_invalid,"heading_text='st', word_count=1, passage_type=HEADING_WITH_BODY -- isolated token with no body, the same failure signature as the fixed one-character DECORATIVE_OR_FRAGMENT rule in block_classification.py, just one character wider. Lowercase/mixed-case: matches the corpus's observed mid-word bigram-fragment pattern (e.g. 'rs', 'er', 'nt', 'te') -- no plausible legitimate reading.",EXCLUDE
ACT,daf738d9-6e52-4e0d-ac1f-20405909e34b,2018,a3437499-fc18-4be8-9a3a-5541ea9f1517,st,1,False,78,HEADING_WITH_BODY,,st,short_fragment_invalid,"heading_text='st', word_count=1, passage_type=HEADING_WITH_BODY -- isolated token with no body, the same failure signature as the fixed one-character DECORATIVE_OR_FRAGMENT rule in block_classification.py, just one character wider. Lowercase/mixed-case: matches the corpus's observed mid-word bigram-fragment pattern (e.g. 'rs', 'er', 'nt', 'te') -- no plausible legitimate reading.",EXCLUDE
ACT,daf738d9-6e52-4e0d-ac1f-20405909e34b,2018,b981dc8e-65fb-459d-8e2c-068634fff118,te,1,False,78,HEADING_WITH_BODY,,te,short_fragment_invalid,"heading_text='te', word_count=1, passage_type=HEADING_WITH_BODY -- isolated token with no body, the same failure signature as the fixed one-character DECORATIVE_OR_FRAGMENT rule in block_classification.py, just one character wider. Lowercase/mixed-case: matches the corpus's observed mid-word bigram-fragment pattern (e.g. 'rs', 'er', 'nt', 'te') -- no plausible legitimate reading.",EXCLUDE
ACT,daf738d9-6e52-4e0d-ac1f-20405909e34b,2018,e06ef4aa-3eca-4628-903e-0881ca0f6228,te,1,False,78,HEADING_WITH_BODY,,te,short_fragment_invalid,"heading_text='te', word_count=1, passage_type=HEADING_WITH_BODY -- isolated token with no body, the same failure signature as the fixed one-character DECORATIVE_OR_FRAGMENT rule in block_classification.py, just one character wider. Lowercase/mixed-case: matches the corpus's observed mid-word bigram-fragment pattern (e.g. 'rs', 'er', 'nt', 'te') -- no plausible legitimate reading.",EXCLUDE
ACT,daf738d9-6e52-4e0d-ac1f-20405909e34b,2018,7734f515-2eb6-4e05-811e-ed2dc521364a,te,1,False,79,HEADING_WITH_BODY,,te,short_fragment_invalid,"heading_text='te', word_count=1, passage_type=HEADING_WITH_BODY -- isolated token with no body, the same failure signature as the fixed one-character DECORATIVE_OR_FRAGMENT rule in block_classification.py, just one character wider. Lowercase/mixed-case: matches the corpus's observed mid-word bigram-fragment pattern (e.g. 'rs', 'er', 'nt', 'te') -- no plausible legitimate reading.",EXCLUDE
ACT,daf738d9-6e52-4e0d-ac1f-20405909e34b,2018,2c898d97-0075-4efd-bd65-5dc441723377,te,1,False,79,HEADING_WITH_BODY,,te,short_fragment_invalid,"heading_text='te', word_count=1, passage_type=HEADING_WITH_BODY -- isolated token with no body, the same failure signature as the fixed one-character DECORATIVE_OR_FRAGMENT rule in block_classification.py, just one character wider. Lowercase/mixed-case: matches the corpus's observed mid-word bigram-fragment pattern (e.g. 'rs', 'er', 'nt', 'te') -- no plausible legitimate reading.",EXCLUDE
ACT,daf738d9-6e52-4e0d-ac1f-20405909e34b,2018,5b5e8276-b20e-4ff9-97e3-e29c317c513d,th,1,False,32,HEADING_WITH_BODY,,th,short_fragment_invalid,"heading_text='th', word_count=1, passage_type=HEADING_WITH_BODY -- isolated token with no body, the same failure signature as the fixed one-character DECORATIVE_OR_FRAGMENT rule in block_classification.py, just one character wider. Lowercase/mixed-case: matches the corpus's observed mid-word bigram-fragment pattern (e.g. 'rs', 'er', 'nt', 'te') -- no plausible legitimate reading.",EXCLUDE
ACT,daf738d9-6e52-4e0d-ac1f-20405909e34b,2018,45163ef5-274d-4f08-883b-5323bd7c4e15,ti,1,False,79,HEADING_WITH_BODY,,ti,short_fragment_invalid,"heading_text='ti', word_count=1, passage_type=HEADING_WITH_BODY -- isolated token with no body, the same failure signature as the fixed one-character DECORATIVE_OR_FRAGMENT rule in block_classification.py, just one character wider. Lowercase/mixed-case: matches the corpus's observed mid-word bigram-fragment pattern (e.g. 'rs', 'er', 'nt', 'te') -- no plausible legitimate reading.",EXCLUDE
ACT,daf738d9-6e52-4e0d-ac1f-20405909e34b,2018,8b0f0fd8-be56-4aef-b2e1-903ce7d48dbe,tr,1,False,32,HEADING_WITH_BODY,,tr,short_fragment_invalid,"heading_text='tr', word_count=1, passage_type=HEADING_WITH_BODY -- isolated token with no body, the same failure signature as the fixed one-character DECORATIVE_OR_FRAGMENT rule in block_classification.py, just one character wider. Lowercase/mixed-case: matches the corpus's observed mid-word bigram-fragment pattern (e.g. 'rs', 'er', 'nt', 'te') -- no plausible legitimate reading.",EXCLUDE
ACT,daf738d9-6e52-4e0d-ac1f-20405909e34b,2018,e1a04869-b2df-4df6-8ffe-70d8d135e457,tt,1,False,78,HEADING_WITH_BODY,,tt,short_fragment_invalid,"heading_text='tt', word_count=1, passage_type=HEADING_WITH_BODY -- isolated token with no body, the same failure signature as the fixed one-character DECORATIVE_OR_FRAGMENT rule in block_classification.py, just one character wider. Lowercase/mixed-case: matches the corpus's observed mid-word bigram-fragment pattern (e.g. 'rs', 'er', 'nt', 'te') -- no plausible legitimate reading.",EXCLUDE
ACT,daf738d9-6e52-4e0d-ac1f-20405909e34b,2018,1f394ef2-8213-4af1-a77b-9a0886ed9e39,tt,1,False,79,HEADING_WITH_BODY,,tt,short_fragment_invalid,"heading_text='tt', word_count=1, passage_type=HEADING_WITH_BODY -- isolated token with no body, the same failure signature as the fixed one-character DECORATIVE_OR_FRAGMENT rule in block_classification.py, just one character wider. Lowercase/mixed-case: matches the corpus's observed mid-word bigram-fragment pattern (e.g. 'rs', 'er', 'nt', 'te') -- no plausible legitimate reading.",EXCLUDE
ACT,daf738d9-6e52-4e0d-ac1f-20405909e34b,2018,36076a7b-8ba2-49b3-a2dc-066537fb6425,xt,1,False,40,HEADING_WITH_BODY,,xt,short_fragment_invalid,"heading_text='xt', word_count=1, passage_type=HEADING_WITH_BODY -- isolated token with no body, the same failure signature as the fixed one-character DECORATIVE_OR_FRAGMENT rule in block_classification.py, just one character wider. Lowercase/mixed-case: matches the corpus's observed mid-word bigram-fragment pattern (e.g. 'rs', 'er', 'nt', 'te') -- no plausible legitimate reading.",EXCLUDE
ACT,b52a299a-4102-4e6c-bf39-cfe728ca20e3,2019,35cbaff4-63f7-4374-b8c8-2210d0b36d49,Co,1,False,53,HEADING_WITH_BODY,,Co,short_fragment_invalid,"heading_text='Co', word_count=1, passage_type=HEADING_WITH_BODY -- isolated token with no body, the same failure signature as the fixed one-character DECORATIVE_OR_FRAGMENT rule in block_classification.py, just one character wider. Lowercase/mixed-case: matches the corpus's observed mid-word bigram-fragment pattern (e.g. 'rs', 'er', 'nt', 'te') -- no plausible legitimate reading.",EXCLUDE
ACT,b52a299a-4102-4e6c-bf39-cfe728ca20e3,2019,ac33d196-abd9-434a-a125-6e37a2291880,Ex,1,False,53,HEADING_WITH_BODY,,Ex,short_fragment_invalid,"heading_text='Ex', word_count=1, passage_type=HEADING_WITH_BODY -- isolated token with no body, the same failure signature as the fixed one-character DECORATIVE_OR_FRAGMENT rule in block_classification.py, just one character wider. Lowercase/mixed-case: matches the corpus's observed mid-word bigram-fragment pattern (e.g. 'rs', 'er', 'nt', 'te') -- no plausible legitimate reading.",EXCLUDE
ACT,b52a299a-4102-4e6c-bf39-cfe728ca20e3,2019,9a67dccf-8216-4f65-8e0a-fa336b658f51,In,1,False,53,HEADING_WITH_BODY,,In,short_fragment_invalid,"heading_text='In', word_count=1, passage_type=HEADING_WITH_BODY -- isolated token with no body, the same failure signature as the fixed one-character DECORATIVE_OR_FRAGMENT rule in block_classification.py, just one character wider. Lowercase/mixed-case: matches the corpus's observed mid-word bigram-fragment pattern (e.g. 'rs', 'er', 'nt', 'te') -- no plausible legitimate reading.",EXCLUDE
ACT,b52a299a-4102-4e6c-bf39-cfe728ca20e3,2019,a4f93840-9c56-46b1-9eac-f773817d6c24,al,1,False,53,HEADING_WITH_BODY,,al,short_fragment_invalid,"heading_text='al', word_count=1, passage_type=HEADING_WITH_BODY -- isolated token with no body, the same failure signature as the fixed one-character DECORATIVE_OR_FRAGMENT rule in block_classification.py, just one character wider. Lowercase/mixed-case: matches the corpus's observed mid-word bigram-fragment pattern (e.g. 'rs', 'er', 'nt', 'te') -- no plausible legitimate reading.",EXCLUDE
ACT,b52a299a-4102-4e6c-bf39-cfe728ca20e3,2019,b0f94d62-d038-4e31-8bb9-7a07242b8ba3,ec,1,False,53,HEADING_WITH_BODY,,ec,short_fragment_invalid,"heading_text='ec', word_count=1, passage_type=HEADING_WITH_BODY -- isolated token with no body, the same failure signature as the fixed one-character DECORATIVE_OR_FRAGMENT rule in block_classification.py, just one character wider. Lowercase/mixed-case: matches the corpus's observed mid-word bigram-fragment pattern (e.g. 'rs', 'er', 'nt', 'te') -- no plausible legitimate reading.",EXCLUDE
ACT,b52a299a-4102-4e6c-bf39-cfe728ca20e3,2019,6bc92f5a-006d-4e6b-b63e-3106f679e1f9,er,1,False,53,HEADING_WITH_BODY,,er,short_fragment_invalid,"heading_text='er', word_count=1, passage_type=HEADING_WITH_BODY -- isolated token with no body, the same failure signature as the fixed one-character DECORATIVE_OR_FRAGMENT rule in block_classification.py, just one character wider. Lowercase/mixed-case: matches the corpus's observed mid-word bigram-fragment pattern (e.g. 'rs', 'er', 'nt', 'te') -- no plausible legitimate reading.",EXCLUDE
ACT,b52a299a-4102-4e6c-bf39-cfe728ca20e3,2019,0ae23128-9950-43e4-b41d-aaf0525cc14b,it,1,False,21,HEADING_WITH_BODY,,it,short_fragment_invalid,"heading_text='it', word_count=1, passage_type=HEADING_WITH_BODY -- isolated token with no body, the same failure signature as the fixed one-character DECORATIVE_OR_FRAGMENT rule in block_classification.py, just one character wider. Lowercase/mixed-case: matches the corpus's observed mid-word bigram-fragment pattern (e.g. 'rs', 'er', 'nt', 'te') -- no plausible legitimate reading.",EXCLUDE
ACT,b52a299a-4102-4e6c-bf39-cfe728ca20e3,2019,f62a01b1-3d49-4fbc-8008-269eed0240a1,nn,1,False,53,HEADING_WITH_BODY,,nn,short_fragment_invalid,"heading_text='nn', word_count=1, passage_type=HEADING_WITH_BODY -- isolated token with no body, the same failure signature as the fixed one-character DECORATIVE_OR_FRAGMENT rule in block_classification.py, just one character wider. Lowercase/mixed-case: matches the corpus's observed mid-word bigram-fragment pattern (e.g. 'rs', 'er', 'nt', 'te') -- no plausible legitimate reading.",EXCLUDE
ACT,b52a299a-4102-4e6c-bf39-cfe728ca20e3,2019,deb0e1d9-d4a3-4d24-a720-8b078e9a0fe8,rn,1,False,53,HEADING_WITH_BODY,,rn,short_fragment_invalid,"heading_text='rn', word_count=1, passage_type=HEADING_WITH_BODY -- isolated token with no body, the same failure signature as the fixed one-character DECORATIVE_OR_FRAGMENT rule in block_classification.py, just one character wider. Lowercase/mixed-case: matches the corpus's observed mid-word bigram-fragment pattern (e.g. 'rs', 'er', 'nt', 'te') -- no plausible legitimate reading.",EXCLUDE
ACT,b52a299a-4102-4e6c-bf39-cfe728ca20e3,2019,9682f2b0-f5f1-4517-9e92-98d14199d03b,st,1,False,20,HEADING_WITH_BODY,,st,short_fragment_invalid,"heading_text='st', word_count=1, passage_type=HEADING_WITH_BODY -- isolated token with no body, the same failure signature as the fixed one-character DECORATIVE_OR_FRAGMENT rule in block_classification.py, just one character wider. Lowercase/mixed-case: matches the corpus's observed mid-word bigram-fragment pattern (e.g. 'rs', 'er', 'nt', 'te') -- no plausible legitimate reading.",EXCLUDE
ACT,b52a299a-4102-4e6c-bf39-cfe728ca20e3,2019,a5f41c3c-c32a-4502-95ae-b36cc4f6dd9e,te,1,False,53,HEADING_WITH_BODY,,te,short_fragment_invalid,"heading_text='te', word_count=1, passage_type=HEADING_WITH_BODY -- isolated token with no body, the same failure signature as the fixed one-character DECORATIVE_OR_FRAGMENT rule in block_classification.py, just one character wider. Lowercase/mixed-case: matches the corpus's observed mid-word bigram-fragment pattern (e.g. 'rs', 'er', 'nt', 'te') -- no plausible legitimate reading.",EXCLUDE
ACT,b8b1c14f-23d4-454d-ae51-f2dfa69fdcef,2020,288fef3e-a80c-4174-9576-545045cd6889,AB,1,False,66,HEADING_WITH_BODY,,AB,short_fragment_invalid,"heading_text='AB', word_count=1, passage_type=HEADING_WITH_BODY -- isolated token with no body, the same failure signature as the fixed one-character DECORATIVE_OR_FRAGMENT rule in block_classification.py, just one character wider. All-uppercase: plausibly a recurring diagram/table label rather than a mid-word glyph fragment -- retained for human confirmation rather than auto-excluded.",REVIEW
ACT,b8b1c14f-23d4-454d-ae51-f2dfa69fdcef,2020,050c4e6e-7019-4993-abd5-28c6bf33ee8a,Br,1,False,28,HEADING_WITH_BODY,,Br,short_fragment_invalid,"heading_text='Br', word_count=1, passage_type=HEADING_WITH_BODY -- isolated token with no body, the same failure signature as the fixed one-character DECORATIVE_OR_FRAGMENT rule in block_classification.py, just one character wider. Lowercase/mixed-case: matches the corpus's observed mid-word bigram-fragment pattern (e.g. 'rs', 'er', 'nt', 'te') -- no plausible legitimate reading.",EXCLUDE
ACT,b8b1c14f-23d4-454d-ae51-f2dfa69fdcef,2020,3ca2b6ca-117b-46d9-a70c-a0bed89aa9a7,Co,1,False,28,HEADING_WITH_BODY,,Co,short_fragment_invalid,"heading_text='Co', word_count=1, passage_type=HEADING_WITH_BODY -- isolated token with no body, the same failure signature as the fixed one-character DECORATIVE_OR_FRAGMENT rule in block_classification.py, just one character wider. Lowercase/mixed-case: matches the corpus's observed mid-word bigram-fragment pattern (e.g. 'rs', 'er', 'nt', 'te') -- no plausible legitimate reading.",EXCLUDE
ACT,b8b1c14f-23d4-454d-ae51-f2dfa69fdcef,2020,12dfa065-226f-4994-882d-7b7ad45c6cd6,"D,",1,False,66,HEADING_WITH_BODY,,"D,",short_fragment_invalid,"heading_text='D,', word_count=1, passage_type=HEADING_WITH_BODY -- isolated token with no body, the same failure signature as the fixed one-character DECORATIVE_OR_FRAGMENT rule in block_classification.py, just one character wider. Lowercase/mixed-case: matches the corpus's observed mid-word bigram-fragment pattern (e.g. 'rs', 'er', 'nt', 'te') -- no plausible legitimate reading.",EXCLUDE
ACT,b8b1c14f-23d4-454d-ae51-f2dfa69fdcef,2020,ebdc19c5-0023-4a2c-a84f-eca5a7c7a837,Ex,1,False,28,HEADING_WITH_BODY,,Ex,short_fragment_invalid,"heading_text='Ex', word_count=1, passage_type=HEADING_WITH_BODY -- isolated token with no body, the same failure signature as the fixed one-character DECORATIVE_OR_FRAGMENT rule in block_classification.py, just one character wider. Lowercase/mixed-case: matches the corpus's observed mid-word bigram-fragment pattern (e.g. 'rs', 'er', 'nt', 'te') -- no plausible legitimate reading.",EXCLUDE
ACT,b8b1c14f-23d4-454d-ae51-f2dfa69fdcef,2020,e691f0d7-5946-474a-9bbd-2ff95156b311,FR,1,False,66,HEADING_WITH_BODY,,FR,short_fragment_invalid,"heading_text='FR', word_count=1, passage_type=HEADING_WITH_BODY -- isolated token with no body, the same failure signature as the fixed one-character DECORATIVE_OR_FRAGMENT rule in block_classification.py, just one character wider. All-uppercase: plausibly a recurring diagram/table label rather than a mid-word glyph fragment -- retained for human confirmation rather than auto-excluded.",REVIEW
ACT,b8b1c14f-23d4-454d-ae51-f2dfa69fdcef,2020,c90cf0fa-f3a4-4395-98c3-0fed4d7de95e,Go,1,False,28,HEADING_WITH_BODY,,Go,short_fragment_invalid,"heading_text='Go', word_count=1, passage_type=HEADING_WITH_BODY -- isolated token with no body, the same failure signature as the fixed one-character DECORATIVE_OR_FRAGMENT rule in block_classification.py, just one character wider. Lowercase/mixed-case: matches the corpus's observed mid-word bigram-fragment pattern (e.g. 'rs', 'er', 'nt', 'te') -- no plausible legitimate reading.",EXCLUDE
ACT,b8b1c14f-23d4-454d-ae51-f2dfa69fdcef,2020,ec35975f-bb39-4f3d-b4e8-ca27e215dd13,In,1,False,28,HEADING_WITH_BODY,,In,short_fragment_invalid,"heading_text='In', word_count=1, passage_type=HEADING_WITH_BODY -- isolated token with no body, the same failure signature as the fixed one-character DECORATIVE_OR_FRAGMENT rule in block_classification.py, just one character wider. Lowercase/mixed-case: matches the corpus's observed mid-word bigram-fragment pattern (e.g. 'rs', 'er', 'nt', 'te') -- no plausible legitimate reading.",EXCLUDE
ACT,b8b1c14f-23d4-454d-ae51-f2dfa69fdcef,2020,6086439a-c21c-42f6-87fb-bced5e12cff2,NA,1,False,66,HEADING_WITH_BODY,,NA,short_fragment_invalid,"heading_text='NA', word_count=1, passage_type=HEADING_WITH_BODY -- isolated token with no body, the same failure signature as the fixed one-character DECORATIVE_OR_FRAGMENT rule in block_classification.py, just one character wider. All-uppercase: plausibly a recurring diagram/table label rather than a mid-word glyph fragment -- retained for human confirmation rather than auto-excluded.",REVIEW
ACT,b8b1c14f-23d4-454d-ae51-f2dfa69fdcef,2020,d7f0e462-5e66-49d4-87a6-31971bf86ef8,Re,1,False,28,HEADING_WITH_BODY,,Re,short_fragment_invalid,"heading_text='Re', word_count=1, passage_type=HEADING_WITH_BODY -- isolated token with no body, the same failure signature as the fixed one-character DECORATIVE_OR_FRAGMENT rule in block_classification.py, just one character wider. Lowercase/mixed-case: matches the corpus's observed mid-word bigram-fragment pattern (e.g. 'rs', 'er', 'nt', 'te') -- no plausible legitimate reading.",EXCLUDE
ACT,b8b1c14f-23d4-454d-ae51-f2dfa69fdcef,2020,5896caa1-7457-4f61-a034-4b09ad1c740a,ST,1,False,66,HEADING_WITH_BODY,,ST,short_fragment_invalid,"heading_text='ST', word_count=1, passage_type=HEADING_WITH_BODY -- isolated token with no body, the same failure signature as the fixed one-character DECORATIVE_OR_FRAGMENT rule in block_classification.py, just one character wider. All-uppercase: plausibly a recurring diagram/table label rather than a mid-word glyph fragment -- retained for human confirmation rather than auto-excluded.",REVIEW
ACT,b8b1c14f-23d4-454d-ae51-f2dfa69fdcef,2020,a6cd5511-06af-462d-ad98-0dc68bf81ba3,Sc,1,False,28,HEADING_WITH_BODY,,Sc,short_fragment_invalid,"heading_text='Sc', word_count=1, passage_type=HEADING_WITH_BODY -- isolated token with no body, the same failure signature as the fixed one-character DECORATIVE_OR_FRAGMENT rule in block_classification.py, just one character wider. Lowercase/mixed-case: matches the corpus's observed mid-word bigram-fragment pattern (e.g. 'rs', 'er', 'nt', 'te') -- no plausible legitimate reading.",EXCLUDE
ACT,b8b1c14f-23d4-454d-ae51-f2dfa69fdcef,2020,c57ec97e-d8e2-4142-bcb1-db5dad8bf9c8,Sh,1,False,28,HEADING_WITH_BODY,,Sh,short_fragment_invalid,"heading_text='Sh', word_count=1, passage_type=HEADING_WITH_BODY -- isolated token with no body, the same failure signature as the fixed one-character DECORATIVE_OR_FRAGMENT rule in block_classification.py, just one character wider. Lowercase/mixed-case: matches the corpus's observed mid-word bigram-fragment pattern (e.g. 'rs', 'er', 'nt', 'te') -- no plausible legitimate reading.",EXCLUDE
ACT,b8b1c14f-23d4-454d-ae51-f2dfa69fdcef,2020,4b54fd41-2d1f-48c4-ab49-d3d6cbfb179a,Tr,1,False,28,HEADING_WITH_BODY,,Tr,short_fragment_invalid,"heading_text='Tr', word_count=1, passage_type=HEADING_WITH_BODY -- isolated token with no body, the same failure signature as the fixed one-character DECORATIVE_OR_FRAGMENT rule in block_classification.py, just one character wider. Lowercase/mixed-case: matches the corpus's observed mid-word bigram-fragment pattern (e.g. 'rs', 'er', 'nt', 'te') -- no plausible legitimate reading.",EXCLUDE
ACT,b8b1c14f-23d4-454d-ae51-f2dfa69fdcef,2020,67558f1a-d716-4eeb-bf90-71f8446f57ed,Tr,1,False,28,HEADING_WITH_BODY,,Tr,short_fragment_invalid,"heading_text='Tr', word_count=1, passage_type=HEADING_WITH_BODY -- isolated token with no body, the same failure signature as the fixed one-character DECORATIVE_OR_FRAGMENT rule in block_classification.py, just one character wider. Lowercase/mixed-case: matches the corpus's observed mid-word bigram-fragment pattern (e.g. 'rs', 'er', 'nt', 'te') -- no plausible legitimate reading.",EXCLUDE
ACT,b8b1c14f-23d4-454d-ae51-f2dfa69fdcef,2020,1005797c-f86a-4462-a524-c18fdc589a1a,US,1,False,66,HEADING_WITH_BODY,,US,short_fragment_invalid,"heading_text='US', word_count=1, passage_type=HEADING_WITH_BODY -- isolated token with no body, the same failure signature as the fixed one-character DECORATIVE_OR_FRAGMENT rule in block_classification.py, just one character wider. All-uppercase: plausibly a recurring diagram/table label rather than a mid-word glyph fragment -- retained for human confirmation rather than auto-excluded.",REVIEW
ACT,b8b1c14f-23d4-454d-ae51-f2dfa69fdcef,2020,15852114-5d7f-4030-bf89-caf2cf531440,ad,1,False,28,HEADING_WITH_BODY,,ad,short_fragment_invalid,"heading_text='ad', word_count=1, passage_type=HEADING_WITH_BODY -- isolated token with no body, the same failure signature as the fixed one-character DECORATIVE_OR_FRAGMENT rule in block_classification.py, just one character wider. Lowercase/mixed-case: matches the corpus's observed mid-word bigram-fragment pattern (e.g. 'rs', 'er', 'nt', 'te') -- no plausible legitimate reading.",EXCLUDE
ACT,b8b1c14f-23d4-454d-ae51-f2dfa69fdcef,2020,55d8fb2a-a5f8-4275-b9a8-76e471b89af7,al,1,False,28,HEADING_WITH_BODY,,al,short_fragment_invalid,"heading_text='al', word_count=1, passage_type=HEADING_WITH_BODY -- isolated token with no body, the same failure signature as the fixed one-character DECORATIVE_OR_FRAGMENT rule in block_classification.py, just one character wider. Lowercase/mixed-case: matches the corpus's observed mid-word bigram-fragment pattern (e.g. 'rs', 'er', 'nt', 'te') -- no plausible legitimate reading.",EXCLUDE
ACT,b8b1c14f-23d4-454d-ae51-f2dfa69fdcef,2020,a94e68eb-79e8-4c8e-b76f-b3e49bce3e1d,al,1,False,28,HEADING_WITH_BODY,,al,short_fragment_invalid,"heading_text='al', word_count=1, passage_type=HEADING_WITH_BODY -- isolated token with no body, the same failure signature as the fixed one-character DECORATIVE_OR_FRAGMENT rule in block_classification.py, just one character wider. Lowercase/mixed-case: matches the corpus's observed mid-word bigram-fragment pattern (e.g. 'rs', 'er', 'nt', 'te') -- no plausible legitimate reading.",EXCLUDE
ACT,b8b1c14f-23d4-454d-ae51-f2dfa69fdcef,2020,e8bfb070-0a0b-4178-a6bd-66a8043bd1f7,ar,1,False,28,HEADING_WITH_BODY,,ar,short_fragment_invalid,"heading_text='ar', word_count=1, passage_type=HEADING_WITH_BODY -- isolated token with no body, the same failure signature as the fixed one-character DECORATIVE_OR_FRAGMENT rule in block_classification.py, just one character wider. Lowercase/mixed-case: matches the corpus's observed mid-word bigram-fragment pattern (e.g. 'rs', 'er', 'nt', 'te') -- no plausible legitimate reading.",EXCLUDE
ACT,b8b1c14f-23d4-454d-ae51-f2dfa69fdcef,2020,30f673ec-97da-4779-bc81-9b0be85e8e61,be,1,False,28,HEADING_WITH_BODY,,be,short_fragment_invalid,"heading_text='be', word_count=1, passage_type=HEADING_WITH_BODY -- isolated token with no body, the same failure signature as the fixed one-character DECORATIVE_OR_FRAGMENT rule in block_classification.py, just one character wider. Lowercase/mixed-case: matches the corpus's observed mid-word bigram-fragment pattern (e.g. 'rs', 'er', 'nt', 'te') -- no plausible legitimate reading.",EXCLUDE
ACT,b8b1c14f-23d4-454d-ae51-f2dfa69fdcef,2020,8c6a66ca-751d-4603-aa2a-60b01fd4fe7f,de,1,False,28,HEADING_WITH_BODY,,de,short_fragment_invalid,"heading_text='de', word_count=1, passage_type=HEADING_WITH_BODY -- isolated token with no body, the same failure signature as the fixed one-character DECORATIVE_OR_FRAGMENT rule in block_classification.py, just one character wider. Lowercase/mixed-case: matches the corpus's observed mid-word bigram-fragment pattern (e.g. 'rs', 'er', 'nt', 'te') -- no plausible legitimate reading.",EXCLUDE
ACT,b8b1c14f-23d4-454d-ae51-f2dfa69fdcef,2020,3488bf26-1f3d-4b63-a6e9-2656647863ff,de,1,False,28,HEADING_WITH_BODY,,de,short_fragment_invalid,"heading_text='de', word_count=1, passage_type=HEADING_WITH_BODY -- isolated token with no body, the same failure signature as the fixed one-character DECORATIVE_OR_FRAGMENT rule in block_classification.py, just one character wider. Lowercase/mixed-case: matches the corpus's observed mid-word bigram-fragment pattern (e.g. 'rs', 'er', 'nt', 'te') -- no plausible legitimate reading.",EXCLUDE
ACT,b8b1c14f-23d4-454d-ae51-f2dfa69fdcef,2020,884ef2dc-ebda-49b4-bcb7-e5a06d61e338,du,1,False,28,HEADING_WITH_BODY,,du,short_fragment_invalid,"heading_text='du', word_count=1, passage_type=HEADING_WITH_BODY -- isolated token with no body, the same failure signature as the fixed one-character DECORATIVE_OR_FRAGMENT rule in block_classification.py, just one character wider. Lowercase/mixed-case: matches the corpus's observed mid-word bigram-fragment pattern (e.g. 'rs', 'er', 'nt', 'te') -- no plausible legitimate reading.",EXCLUDE
ACT,b8b1c14f-23d4-454d-ae51-f2dfa69fdcef,2020,b3e815dd-e41a-44ff-bd01-22e24f5932ca,ec,1,False,28,HEADING_WITH_BODY,,ec,short_fragment_invalid,"heading_text='ec', word_count=1, passage_type=HEADING_WITH_BODY -- isolated token with no body, the same failure signature as the fixed one-character DECORATIVE_OR_FRAGMENT rule in block_classification.py, just one character wider. Lowercase/mixed-case: matches the corpus's observed mid-word bigram-fragment pattern (e.g. 'rs', 'er', 'nt', 'te') -- no plausible legitimate reading.",EXCLUDE
ACT,b8b1c14f-23d4-454d-ae51-f2dfa69fdcef,2020,df1e2c5d-a238-45a1-b90f-c57754c45e69,eh,1,False,28,HEADING_WITH_BODY,,eh,short_fragment_invalid,"heading_text='eh', word_count=1, passage_type=HEADING_WITH_BODY -- isolated token with no body, the same failure signature as the fixed one-character DECORATIVE_OR_FRAGMENT rule in block_classification.py, just one character wider. Lowercase/mixed-case: matches the corpus's observed mid-word bigram-fragment pattern (e.g. 'rs', 'er', 'nt', 'te') -- no plausible legitimate reading.",EXCLUDE
ACT,b8b1c14f-23d4-454d-ae51-f2dfa69fdcef,2020,bc3aae15-85a1-4e86-bf18-1f42112b6b14,en,1,False,28,HEADING_WITH_BODY,,en,short_fragment_invalid,"heading_text='en', word_count=1, passage_type=HEADING_WITH_BODY -- isolated token with no body, the same failure signature as the fixed one-character DECORATIVE_OR_FRAGMENT rule in block_classification.py, just one character wider. Lowercase/mixed-case: matches the corpus's observed mid-word bigram-fragment pattern (e.g. 'rs', 'er', 'nt', 'te') -- no plausible legitimate reading.",EXCLUDE
ACT,b8b1c14f-23d4-454d-ae51-f2dfa69fdcef,2020,7f8b197e-27ce-48f3-94f6-54cf8dca6ccd,er,1,False,28,HEADING_WITH_BODY,,er,short_fragment_invalid,"heading_text='er', word_count=1, passage_type=HEADING_WITH_BODY -- isolated token with no body, the same failure signature as the fixed one-character DECORATIVE_OR_FRAGMENT rule in block_classification.py, just one character wider. Lowercase/mixed-case: matches the corpus's observed mid-word bigram-fragment pattern (e.g. 'rs', 'er', 'nt', 'te') -- no plausible legitimate reading.",EXCLUDE
ACT,b8b1c14f-23d4-454d-ae51-f2dfa69fdcef,2020,b249a4ed-6b37-4622-91e8-81e1bec4019b,er,1,False,28,HEADING_WITH_BODY,,er,short_fragment_invalid,"heading_text='er', word_count=1, passage_type=HEADING_WITH_BODY -- isolated token with no body, the same failure signature as the fixed one-character DECORATIVE_OR_FRAGMENT rule in block_classification.py, just one character wider. Lowercase/mixed-case: matches the corpus's observed mid-word bigram-fragment pattern (e.g. 'rs', 'er', 'nt', 'te') -- no plausible legitimate reading.",EXCLUDE
ACT,b8b1c14f-23d4-454d-ae51-f2dfa69fdcef,2020,d0254b64-6572-420b-a3d7-1af9f7e0c0e4,es,1,False,28,HEADING_WITH_BODY,,es,short_fragment_invalid,"heading_text='es', word_count=1, passage_type=HEADING_WITH_BODY -- isolated token with no body, the same failure signature as the fixed one-character DECORATIVE_OR_FRAGMENT rule in block_classification.py, just one character wider. Lowercase/mixed-case: matches the corpus's observed mid-word bigram-fragment pattern (e.g. 'rs', 'er', 'nt', 'te') -- no plausible legitimate reading.",EXCLUDE
ACT,b8b1c14f-23d4-454d-ae51-f2dfa69fdcef,2020,77e9cbe0-2a22-45a6-9523-6060d5417262,gu,1,False,28,HEADING_WITH_BODY,,gu,short_fragment_invalid,"heading_text='gu', word_count=1, passage_type=HEADING_WITH_BODY -- isolated token with no body, the same failure signature as the fixed one-character DECORATIVE_OR_FRAGMENT rule in block_classification.py, just one character wider. Lowercase/mixed-case: matches the corpus's observed mid-word bigram-fragment pattern (e.g. 'rs', 'er', 'nt', 'te') -- no plausible legitimate reading.",EXCLUDE
ACT,b8b1c14f-23d4-454d-ae51-f2dfa69fdcef,2020,1591bbc7-7cd2-4740-af80-b5f466d0baba,he,1,False,28,HEADING_WITH_BODY,,he,short_fragment_invalid,"heading_text='he', word_count=1, passage_type=HEADING_WITH_BODY -- isolated token with no body, the same failure signature as the fixed one-character DECORATIVE_OR_FRAGMENT rule in block_classification.py, just one character wider. Lowercase/mixed-case: matches the corpus's observed mid-word bigram-fragment pattern (e.g. 'rs', 'er', 'nt', 'te') -- no plausible legitimate reading.",EXCLUDE
ACT,b8b1c14f-23d4-454d-ae51-f2dfa69fdcef,2020,06b4b593-9605-499e-8fd8-52b4c9959eff,ie,1,False,28,HEADING_WITH_BODY,,ie,short_fragment_invalid,"heading_text='ie', word_count=1, passage_type=HEADING_WITH_BODY -- isolated token with no body, the same failure signature as the fixed one-character DECORATIVE_OR_FRAGMENT rule in block_classification.py, just one character wider. Lowercase/mixed-case: matches the corpus's observed mid-word bigram-fragment pattern (e.g. 'rs', 'er', 'nt', 'te') -- no plausible legitimate reading.",EXCLUDE
ACT,b8b1c14f-23d4-454d-ae51-f2dfa69fdcef,2020,3430b784-dfde-460d-8357-ca33eb0ac6dc,ie,1,False,28,HEADING_WITH_BODY,,ie,short_fragment_invalid,"heading_text='ie', word_count=1, passage_type=HEADING_WITH_BODY -- isolated token with no body, the same failure signature as the fixed one-character DECORATIVE_OR_FRAGMENT rule in block_classification.py, just one character wider. Lowercase/mixed-case: matches the corpus's observed mid-word bigram-fragment pattern (e.g. 'rs', 'er', 'nt', 'te') -- no plausible legitimate reading.",EXCLUDE
ACT,b8b1c14f-23d4-454d-ae51-f2dfa69fdcef,2020,5ed7de6a-bb2e-46fe-90ab-b410c2620d76,io,1,False,28,HEADING_WITH_BODY,,io,short_fragment_invalid,"heading_text='io', word_count=1, passage_type=HEADING_WITH_BODY -- isolated token with no body, the same failure signature as the fixed one-character DECORATIVE_OR_FRAGMENT rule in block_classification.py, just one character wider. Lowercase/mixed-case: matches the corpus's observed mid-word bigram-fragment pattern (e.g. 'rs', 'er', 'nt', 'te') -- no plausible legitimate reading.",EXCLUDE
ACT,b8b1c14f-23d4-454d-ae51-f2dfa69fdcef,2020,c40a1df4-9e7b-4ca5-8904-2d6396cb832d,la,1,False,28,HEADING_WITH_BODY,,la,short_fragment_invalid,"heading_text='la', word_count=1, passage_type=HEADING_WITH_BODY -- isolated token with no body, the same failure signature as the fixed one-character DECORATIVE_OR_FRAGMENT rule in block_classification.py, just one character wider. Lowercase/mixed-case: matches the corpus's observed mid-word bigram-fragment pattern (e.g. 'rs', 'er', 'nt', 'te') -- no plausible legitimate reading.",EXCLUDE
ACT,b8b1c14f-23d4-454d-ae51-f2dfa69fdcef,2020,671b6c87-25bc-4c9d-9ea6-e77125c216f1,nd,1,False,28,HEADING_WITH_BODY,,nd,short_fragment_invalid,"heading_text='nd', word_count=1, passage_type=HEADING_WITH_BODY -- isolated token with no body, the same failure signature as the fixed one-character DECORATIVE_OR_FRAGMENT rule in block_classification.py, just one character wider. Lowercase/mixed-case: matches the corpus's observed mid-word bigram-fragment pattern (e.g. 'rs', 'er', 'nt', 'te') -- no plausible legitimate reading.",EXCLUDE
ACT,b8b1c14f-23d4-454d-ae51-f2dfa69fdcef,2020,37e52e67-84ad-4715-a799-0ea1ba751d50,nn,1,False,28,HEADING_WITH_BODY,,nn,short_fragment_invalid,"heading_text='nn', word_count=1, passage_type=HEADING_WITH_BODY -- isolated token with no body, the same failure signature as the fixed one-character DECORATIVE_OR_FRAGMENT rule in block_classification.py, just one character wider. Lowercase/mixed-case: matches the corpus's observed mid-word bigram-fragment pattern (e.g. 'rs', 'er', 'nt', 'te') -- no plausible legitimate reading.",EXCLUDE
ACT,b8b1c14f-23d4-454d-ae51-f2dfa69fdcef,2020,188f8208-68ff-47fe-96d0-f489bd455795,nt,1,False,28,HEADING_WITH_BODY,,nt,short_fragment_invalid,"heading_text='nt', word_count=1, passage_type=HEADING_WITH_BODY -- isolated token with no body, the same failure signature as the fixed one-character DECORATIVE_OR_FRAGMENT rule in block_classification.py, just one character wider. Lowercase/mixed-case: matches the corpus's observed mid-word bigram-fragment pattern (e.g. 'rs', 'er', 'nt', 'te') -- no plausible legitimate reading.",EXCLUDE
ACT,b8b1c14f-23d4-454d-ae51-f2dfa69fdcef,2020,1d47668b-0d9c-4cd1-b88a-79a1d2d17955,nv,1,False,28,HEADING_WITH_BODY,,nv,short_fragment_invalid,"heading_text='nv', word_count=1, passage_type=HEADING_WITH_BODY -- isolated token with no body, the same failure signature as the fixed one-character DECORATIVE_OR_FRAGMENT rule in block_classification.py, just one character wider. Lowercase/mixed-case: matches the corpus's observed mid-word bigram-fragment pattern (e.g. 'rs', 'er', 'nt', 'te') -- no plausible legitimate reading.",EXCLUDE
ACT,b8b1c14f-23d4-454d-ae51-f2dfa69fdcef,2020,24d72ec2-1990-4a64-857d-94bef25d8e10,od,1,False,28,HEADING_WITH_BODY,,od,short_fragment_invalid,"heading_text='od', word_count=1, passage_type=HEADING_WITH_BODY -- isolated token with no body, the same failure signature as the fixed one-character DECORATIVE_OR_FRAGMENT rule in block_classification.py, just one character wider. Lowercase/mixed-case: matches the corpus's observed mid-word bigram-fragment pattern (e.g. 'rs', 'er', 'nt', 'te') -- no plausible legitimate reading.",EXCLUDE
ACT,b8b1c14f-23d4-454d-ae51-f2dfa69fdcef,2020,545e88f6-67a7-4547-acc2-53e1179580ad,ok,1,False,28,HEADING_WITH_BODY,,ok,short_fragment_invalid,"heading_text='ok', word_count=1, passage_type=HEADING_WITH_BODY -- isolated token with no body, the same failure signature as the fixed one-character DECORATIVE_OR_FRAGMENT rule in block_classification.py, just one character wider. Lowercase/mixed-case: matches the corpus's observed mid-word bigram-fragment pattern (e.g. 'rs', 'er', 'nt', 'te') -- no plausible legitimate reading.",EXCLUDE
ACT,b8b1c14f-23d4-454d-ae51-f2dfa69fdcef,2020,2bb16dfd-1fb0-4d33-99d2-be1e95fc1dca,ol,1,False,28,HEADING_WITH_BODY,,ol,short_fragment_invalid,"heading_text='ol', word_count=1, passage_type=HEADING_WITH_BODY -- isolated token with no body, the same failure signature as the fixed one-character DECORATIVE_OR_FRAGMENT rule in block_classification.py, just one character wider. Lowercase/mixed-case: matches the corpus's observed mid-word bigram-fragment pattern (e.g. 'rs', 'er', 'nt', 'te') -- no plausible legitimate reading.",EXCLUDE
ACT,b8b1c14f-23d4-454d-ae51-f2dfa69fdcef,2020,da46ba8f-f117-4f7e-ab94-eb6e0a21aeaf,pp,1,False,28,HEADING_WITH_BODY,,pp,short_fragment_invalid,"heading_text='pp', word_count=1, passage_type=HEADING_WITH_BODY -- isolated token with no body, the same failure signature as the fixed one-character DECORATIVE_OR_FRAGMENT rule in block_classification.py, just one character wider. Lowercase/mixed-case: matches the corpus's observed mid-word bigram-fragment pattern (e.g. 'rs', 'er', 'nt', 'te') -- no plausible legitimate reading.",EXCLUDE
ACT,b8b1c14f-23d4-454d-ae51-f2dfa69fdcef,2020,a631cb9f-1107-422f-b4e1-a2ce96c36489,rn,1,False,28,HEADING_WITH_BODY,,rn,short_fragment_invalid,"heading_text='rn', word_count=1, passage_type=HEADING_WITH_BODY -- isolated token with no body, the same failure signature as the fixed one-character DECORATIVE_OR_FRAGMENT rule in block_classification.py, just one character wider. Lowercase/mixed-case: matches the corpus's observed mid-word bigram-fragment pattern (e.g. 'rs', 'er', 'nt', 'te') -- no plausible legitimate reading.",EXCLUDE
ACT,b8b1c14f-23d4-454d-ae51-f2dfa69fdcef,2020,59ea174c-4704-4ddd-8af9-f21f10d5fa63,rn,1,False,28,HEADING_WITH_BODY,,rn,short_fragment_invalid,"heading_text='rn', word_count=1, passage_type=HEADING_WITH_BODY -- isolated token with no body, the same failure signature as the fixed one-character DECORATIVE_OR_FRAGMENT rule in block_classification.py, just one character wider. Lowercase/mixed-case: matches the corpus's observed mid-word bigram-fragment pattern (e.g. 'rs', 'er', 'nt', 'te') -- no plausible legitimate reading.",EXCLUDE
ACT,b8b1c14f-23d4-454d-ae51-f2dfa69fdcef,2020,222d9d8b-f144-4729-9419-98ea55b518be,rs,1,False,28,HEADING_WITH_BODY,,rs,short_fragment_invalid,"heading_text='rs', word_count=1, passage_type=HEADING_WITH_BODY -- isolated token with no body, the same failure signature as the fixed one-character DECORATIVE_OR_FRAGMENT rule in block_classification.py, just one character wider. Lowercase/mixed-case: matches the corpus's observed mid-word bigram-fragment pattern (e.g. 'rs', 'er', 'nt', 'te') -- no plausible legitimate reading.",EXCLUDE
ACT,b8b1c14f-23d4-454d-ae51-f2dfa69fdcef,2020,8306fa20-a81c-4044-bc63-b4fc835c421c,rs,1,False,28,HEADING_WITH_BODY,,rs,short_fragment_invalid,"heading_text='rs', word_count=1, passage_type=HEADING_WITH_BODY -- isolated token with no body, the same failure signature as the fixed one-character DECORATIVE_OR_FRAGMENT rule in block_classification.py, just one character wider. Lowercase/mixed-case: matches the corpus's observed mid-word bigram-fragment pattern (e.g. 'rs', 'er', 'nt', 'te') -- no plausible legitimate reading.",EXCLUDE
ACT,b8b1c14f-23d4-454d-ae51-f2dfa69fdcef,2020,d8b30bf1-4068-414c-bc1d-4a7010f4b8c1,rs,1,False,28,HEADING_WITH_BODY,,rs,short_fragment_invalid,"heading_text='rs', word_count=1, passage_type=HEADING_WITH_BODY -- isolated token with no body, the same failure signature as the fixed one-character DECORATIVE_OR_FRAGMENT rule in block_classification.py, just one character wider. Lowercase/mixed-case: matches the corpus's observed mid-word bigram-fragment pattern (e.g. 'rs', 'er', 'nt', 'te') -- no plausible legitimate reading.",EXCLUDE
ACT,b8b1c14f-23d4-454d-ae51-f2dfa69fdcef,2020,462d0958-cb20-4dcf-9288-20ef86e413e8,rs,1,False,28,HEADING_WITH_BODY,,rs,short_fragment_invalid,"heading_text='rs', word_count=1, passage_type=HEADING_WITH_BODY -- isolated token with no body, the same failure signature as the fixed one-character DECORATIVE_OR_FRAGMENT rule in block_classification.py, just one character wider. Lowercase/mixed-case: matches the corpus's observed mid-word bigram-fragment pattern (e.g. 'rs', 'er', 'nt', 'te') -- no plausible legitimate reading.",EXCLUDE
ACT,b8b1c14f-23d4-454d-ae51-f2dfa69fdcef,2020,4feda69b-c4eb-4394-a905-af306e11019c,te,1,False,28,HEADING_WITH_BODY,,te,short_fragment_invalid,"heading_text='te', word_count=1, passage_type=HEADING_WITH_BODY -- isolated token with no body, the same failure signature as the fixed one-character DECORATIVE_OR_FRAGMENT rule in block_classification.py, just one character wider. Lowercase/mixed-case: matches the corpus's observed mid-word bigram-fragment pattern (e.g. 'rs', 'er', 'nt', 'te') -- no plausible legitimate reading.",EXCLUDE
ACT,b8b1c14f-23d4-454d-ae51-f2dfa69fdcef,2020,b6fbc93d-6400-44a3-a7d8-329887edb8cd,te,1,False,28,HEADING_WITH_BODY,,te,short_fragment_invalid,"heading_text='te', word_count=1, passage_type=HEADING_WITH_BODY -- isolated token with no body, the same failure signature as the fixed one-character DECORATIVE_OR_FRAGMENT rule in block_classification.py, just one character wider. Lowercase/mixed-case: matches the corpus's observed mid-word bigram-fragment pattern (e.g. 'rs', 'er', 'nt', 'te') -- no plausible legitimate reading.",EXCLUDE
ACT,b8b1c14f-23d4-454d-ae51-f2dfa69fdcef,2020,271cd385-9061-40de-b0bd-7f687457bb7d,te,1,False,28,HEADING_WITH_BODY,,te,short_fragment_invalid,"heading_text='te', word_count=1, passage_type=HEADING_WITH_BODY -- isolated token with no body, the same failure signature as the fixed one-character DECORATIVE_OR_FRAGMENT rule in block_classification.py, just one character wider. Lowercase/mixed-case: matches the corpus's observed mid-word bigram-fragment pattern (e.g. 'rs', 'er', 'nt', 'te') -- no plausible legitimate reading.",EXCLUDE
ACT,b8b1c14f-23d4-454d-ae51-f2dfa69fdcef,2020,4c185f36-ce6d-44c4-907c-3f62557b2eb8,to,1,False,28,HEADING_WITH_BODY,,to,short_fragment_invalid,"heading_text='to', word_count=1, passage_type=HEADING_WITH_BODY -- isolated token with no body, the same failure signature as the fixed one-character DECORATIVE_OR_FRAGMENT rule in block_classification.py, just one character wider. Lowercase/mixed-case: matches the corpus's observed mid-word bigram-fragment pattern (e.g. 'rs', 'er', 'nt', 'te') -- no plausible legitimate reading.",EXCLUDE
ACT,b8b1c14f-23d4-454d-ae51-f2dfa69fdcef,2020,f81426f2-daf7-4841-a3c2-070c73a0849b,to,1,False,28,HEADING_WITH_BODY,,to,short_fragment_invalid,"heading_text='to', word_count=1, passage_type=HEADING_WITH_BODY -- isolated token with no body, the same failure signature as the fixed one-character DECORATIVE_OR_FRAGMENT rule in block_classification.py, just one character wider. Lowercase/mixed-case: matches the corpus's observed mid-word bigram-fragment pattern (e.g. 'rs', 'er', 'nt', 'te') -- no plausible legitimate reading.",EXCLUDE
ACT,b8b1c14f-23d4-454d-ae51-f2dfa69fdcef,2020,b94450b8-0d4c-4d5c-8944-cd4a024a0920,un,1,False,28,HEADING_WITH_BODY,,un,short_fragment_invalid,"heading_text='un', word_count=1, passage_type=HEADING_WITH_BODY -- isolated token with no body, the same failure signature as the fixed one-character DECORATIVE_OR_FRAGMENT rule in block_classification.py, just one character wider. Lowercase/mixed-case: matches the corpus's observed mid-word bigram-fragment pattern (e.g. 'rs', 'er', 'nt', 'te') -- no plausible legitimate reading.",EXCLUDE
ACT,b8b1c14f-23d4-454d-ae51-f2dfa69fdcef,2020,0f4ecfee-8deb-44a4-9942-0b7d7919528b,ve,1,False,28,HEADING_WITH_BODY,,ve,short_fragment_invalid,"heading_text='ve', word_count=1, passage_type=HEADING_WITH_BODY -- isolated token with no body, the same failure signature as the fixed one-character DECORATIVE_OR_FRAGMENT rule in block_classification.py, just one character wider. Lowercase/mixed-case: matches the corpus's observed mid-word bigram-fragment pattern (e.g. 'rs', 'er', 'nt', 'te') -- no plausible legitimate reading.",EXCLUDE
ACT,34ada83c-783b-46dd-811f-b6a3cfecb8ac,2021,928b8e94-da0c-48b9-b995-2353f980ea17,Br,1,False,39,HEADING_WITH_BODY,,Br,short_fragment_invalid,"heading_text='Br', word_count=1, passage_type=HEADING_WITH_BODY -- isolated token with no body, the same failure signature as the fixed one-character DECORATIVE_OR_FRAGMENT rule in block_classification.py, just one character wider. Lowercase/mixed-case: matches the corpus's observed mid-word bigram-fragment pattern (e.g. 'rs', 'er', 'nt', 'te') -- no plausible legitimate reading.",EXCLUDE
ACT,34ada83c-783b-46dd-811f-b6a3cfecb8ac,2021,5b35fd59-33f0-4f23-85fc-bf01e3f335ac,Go,1,False,39,HEADING_WITH_BODY,,Go,short_fragment_invalid,"heading_text='Go', word_count=1, passage_type=HEADING_WITH_BODY -- isolated token with no body, the same failure signature as the fixed one-character DECORATIVE_OR_FRAGMENT rule in block_classification.py, just one character wider. Lowercase/mixed-case: matches the corpus's observed mid-word bigram-fragment pattern (e.g. 'rs', 'er', 'nt', 'te') -- no plausible legitimate reading.",EXCLUDE
ACT,34ada83c-783b-46dd-811f-b6a3cfecb8ac,2021,529825e2-f552-4dc7-91ca-a81636fbaa15,IC,1,False,22,HEADING_WITH_BODY,,IC,short_fragment_invalid,"heading_text='IC', word_count=1, passage_type=HEADING_WITH_BODY -- isolated token with no body, the same failure signature as the fixed one-character DECORATIVE_OR_FRAGMENT rule in block_classification.py, just one character wider. All-uppercase: plausibly a recurring diagram/table label rather than a mid-word glyph fragment -- retained for human confirmation rather than auto-excluded.",REVIEW
ACT,34ada83c-783b-46dd-811f-b6a3cfecb8ac,2021,ec347476-2252-456c-9f58-7f5674d89a72,IC,1,False,23,HEADING_WITH_BODY,,IC,short_fragment_invalid,"heading_text='IC', word_count=1, passage_type=HEADING_WITH_BODY -- isolated token with no body, the same failure signature as the fixed one-character DECORATIVE_OR_FRAGMENT rule in block_classification.py, just one character wider. All-uppercase: plausibly a recurring diagram/table label rather than a mid-word glyph fragment -- retained for human confirmation rather than auto-excluded.",REVIEW
ACT,34ada83c-783b-46dd-811f-b6a3cfecb8ac,2021,5877e882-3fb1-470e-bacd-297aa1ead4c4,IC,1,False,23,HEADING_WITH_BODY,,IC,short_fragment_invalid,"heading_text='IC', word_count=1, passage_type=HEADING_WITH_BODY -- isolated token with no body, the same failure signature as the fixed one-character DECORATIVE_OR_FRAGMENT rule in block_classification.py, just one character wider. All-uppercase: plausibly a recurring diagram/table label rather than a mid-word glyph fragment -- retained for human confirmation rather than auto-excluded.",REVIEW
ACT,34ada83c-783b-46dd-811f-b6a3cfecb8ac,2021,458b05a6-bea2-4aea-9b33-19ccbceea4e0,IC,1,False,23,HEADING_WITH_BODY,,IC,short_fragment_invalid,"heading_text='IC', word_count=1, passage_type=HEADING_WITH_BODY -- isolated token with no body, the same failure signature as the fixed one-character DECORATIVE_OR_FRAGMENT rule in block_classification.py, just one character wider. All-uppercase: plausibly a recurring diagram/table label rather than a mid-word glyph fragment -- retained for human confirmation rather than auto-excluded.",REVIEW
ACT,34ada83c-783b-46dd-811f-b6a3cfecb8ac,2021,6856cfb3-55b1-434d-977a-6ae20372ff09,IC,1,False,23,HEADING_WITH_BODY,,IC,short_fragment_invalid,"heading_text='IC', word_count=1, passage_type=HEADING_WITH_BODY -- isolated token with no body, the same failure signature as the fixed one-character DECORATIVE_OR_FRAGMENT rule in block_classification.py, just one character wider. All-uppercase: plausibly a recurring diagram/table label rather than a mid-word glyph fragment -- retained for human confirmation rather than auto-excluded.",REVIEW
ACT,34ada83c-783b-46dd-811f-b6a3cfecb8ac,2021,26537ee8-7d89-4613-a38e-f050e22132be,In,1,False,39,HEADING_WITH_BODY,,In,short_fragment_invalid,"heading_text='In', word_count=1, passage_type=HEADING_WITH_BODY -- isolated token with no body, the same failure signature as the fixed one-character DECORATIVE_OR_FRAGMENT rule in block_classification.py, just one character wider. Lowercase/mixed-case: matches the corpus's observed mid-word bigram-fragment pattern (e.g. 'rs', 'er', 'nt', 'te') -- no plausible legitimate reading.",EXCLUDE
ACT,34ada83c-783b-46dd-811f-b6a3cfecb8ac,2021,a8313565-0594-4a77-95d0-22cc8fb828d6,NC,1,False,22,HEADING_WITH_BODY,,NC,short_fragment_invalid,"heading_text='NC', word_count=1, passage_type=HEADING_WITH_BODY -- isolated token with no body, the same failure signature as the fixed one-character DECORATIVE_OR_FRAGMENT rule in block_classification.py, just one character wider. All-uppercase: plausibly a recurring diagram/table label rather than a mid-word glyph fragment -- retained for human confirmation rather than auto-excluded.",REVIEW
ACT,34ada83c-783b-46dd-811f-b6a3cfecb8ac,2021,aabd6de9-fccb-4035-b3fc-802e6f7c5be9,NC,1,False,22,HEADING_WITH_BODY,,NC,short_fragment_invalid,"heading_text='NC', word_count=1, passage_type=HEADING_WITH_BODY -- isolated token with no body, the same failure signature as the fixed one-character DECORATIVE_OR_FRAGMENT rule in block_classification.py, just one character wider. All-uppercase: plausibly a recurring diagram/table label rather than a mid-word glyph fragment -- retained for human confirmation rather than auto-excluded.",REVIEW
ACT,34ada83c-783b-46dd-811f-b6a3cfecb8ac,2021,e2d1ead7-509c-4cf1-9a2e-b2ed8144eebd,RC,1,False,22,HEADING_WITH_BODY,,RC,short_fragment_invalid,"heading_text='RC', word_count=1, passage_type=HEADING_WITH_BODY -- isolated token with no body, the same failure signature as the fixed one-character DECORATIVE_OR_FRAGMENT rule in block_classification.py, just one character wider. All-uppercase: plausibly a recurring diagram/table label rather than a mid-word glyph fragment -- retained for human confirmation rather than auto-excluded.",REVIEW
ACT,34ada83c-783b-46dd-811f-b6a3cfecb8ac,2021,7308fb32-91ea-4f42-9f08-e6a5f11f1136,RC,1,False,23,HEADING_WITH_BODY,,RC,short_fragment_invalid,"heading_text='RC', word_count=1, passage_type=HEADING_WITH_BODY -- isolated token with no body, the same failure signature as the fixed one-character DECORATIVE_OR_FRAGMENT rule in block_classification.py, just one character wider. All-uppercase: plausibly a recurring diagram/table label rather than a mid-word glyph fragment -- retained for human confirmation rather than auto-excluded.",REVIEW
ACT,34ada83c-783b-46dd-811f-b6a3cfecb8ac,2021,478654ae-5746-46dd-9a85-e7048a998bb4,RC,1,False,23,HEADING_WITH_BODY,,RC,short_fragment_invalid,"heading_text='RC', word_count=1, passage_type=HEADING_WITH_BODY -- isolated token with no body, the same failure signature as the fixed one-character DECORATIVE_OR_FRAGMENT rule in block_classification.py, just one character wider. All-uppercase: plausibly a recurring diagram/table label rather than a mid-word glyph fragment -- retained for human confirmation rather than auto-excluded.",REVIEW
ACT,34ada83c-783b-46dd-811f-b6a3cfecb8ac,2021,cd7e239b-e150-4cd2-9ff3-ca65f3d7017a,Re,1,False,39,HEADING_WITH_BODY,,Re,short_fragment_invalid,"heading_text='Re', word_count=1, passage_type=HEADING_WITH_BODY -- isolated token with no body, the same failure signature as the fixed one-character DECORATIVE_OR_FRAGMENT rule in block_classification.py, just one character wider. Lowercase/mixed-case: matches the corpus's observed mid-word bigram-fragment pattern (e.g. 'rs', 'er', 'nt', 'te') -- no plausible legitimate reading.",EXCLUDE
ACT,34ada83c-783b-46dd-811f-b6a3cfecb8ac,2021,8e7306ad-611f-43f5-b1ed-e314ab86eb0c,Sc,1,False,39,HEADING_WITH_BODY,,Sc,short_fragment_invalid,"heading_text='Sc', word_count=1, passage_type=HEADING_WITH_BODY -- isolated token with no body, the same failure signature as the fixed one-character DECORATIVE_OR_FRAGMENT rule in block_classification.py, just one character wider. Lowercase/mixed-case: matches the corpus's observed mid-word bigram-fragment pattern (e.g. 'rs', 'er', 'nt', 'te') -- no plausible legitimate reading.",EXCLUDE
ACT,34ada83c-783b-46dd-811f-b6a3cfecb8ac,2021,228313c5-fd8b-49b3-9f39-fed2fe4e50ea,Sh,1,False,39,HEADING_WITH_BODY,,Sh,short_fragment_invalid,"heading_text='Sh', word_count=1, passage_type=HEADING_WITH_BODY -- isolated token with no body, the same failure signature as the fixed one-character DECORATIVE_OR_FRAGMENT rule in block_classification.py, just one character wider. Lowercase/mixed-case: matches the corpus's observed mid-word bigram-fragment pattern (e.g. 'rs', 'er', 'nt', 'te') -- no plausible legitimate reading.",EXCLUDE
ACT,34ada83c-783b-46dd-811f-b6a3cfecb8ac,2021,8d643cd7-26f6-4904-b94e-81de6050226d,Tr,1,False,39,HEADING_WITH_BODY,,Tr,short_fragment_invalid,"heading_text='Tr', word_count=1, passage_type=HEADING_WITH_BODY -- isolated token with no body, the same failure signature as the fixed one-character DECORATIVE_OR_FRAGMENT rule in block_classification.py, just one character wider. Lowercase/mixed-case: matches the corpus's observed mid-word bigram-fragment pattern (e.g. 'rs', 'er', 'nt', 'te') -- no plausible legitimate reading.",EXCLUDE
ACT,34ada83c-783b-46dd-811f-b6a3cfecb8ac,2021,3e0ed9ad-56ca-4db2-aa9d-cd0421a90d37,Tr,1,False,39,HEADING_WITH_BODY,,Tr,short_fragment_invalid,"heading_text='Tr', word_count=1, passage_type=HEADING_WITH_BODY -- isolated token with no body, the same failure signature as the fixed one-character DECORATIVE_OR_FRAGMENT rule in block_classification.py, just one character wider. Lowercase/mixed-case: matches the corpus's observed mid-word bigram-fragment pattern (e.g. 'rs', 'er', 'nt', 'te') -- no plausible legitimate reading.",EXCLUDE
ACT,34ada83c-783b-46dd-811f-b6a3cfecb8ac,2021,4022ed8c-c219-47bc-bd09-083ec28e74fb,ad,1,False,39,HEADING_WITH_BODY,,ad,short_fragment_invalid,"heading_text='ad', word_count=1, passage_type=HEADING_WITH_BODY -- isolated token with no body, the same failure signature as the fixed one-character DECORATIVE_OR_FRAGMENT rule in block_classification.py, just one character wider. Lowercase/mixed-case: matches the corpus's observed mid-word bigram-fragment pattern (e.g. 'rs', 'er', 'nt', 'te') -- no plausible legitimate reading.",EXCLUDE
ACT,34ada83c-783b-46dd-811f-b6a3cfecb8ac,2021,4b9735aa-43d4-4cf7-8d1a-b6f5771d8dd6,ar,1,False,39,HEADING_WITH_BODY,,ar,short_fragment_invalid,"heading_text='ar', word_count=1, passage_type=HEADING_WITH_BODY -- isolated token with no body, the same failure signature as the fixed one-character DECORATIVE_OR_FRAGMENT rule in block_classification.py, just one character wider. Lowercase/mixed-case: matches the corpus's observed mid-word bigram-fragment pattern (e.g. 'rs', 'er', 'nt', 'te') -- no plausible legitimate reading.",EXCLUDE
ACT,34ada83c-783b-46dd-811f-b6a3cfecb8ac,2021,c5424359-7c69-4f24-8663-a6f6b3e13db2,be,1,False,39,HEADING_WITH_BODY,,be,short_fragment_invalid,"heading_text='be', word_count=1, passage_type=HEADING_WITH_BODY -- isolated token with no body, the same failure signature as the fixed one-character DECORATIVE_OR_FRAGMENT rule in block_classification.py, just one character wider. Lowercase/mixed-case: matches the corpus's observed mid-word bigram-fragment pattern (e.g. 'rs', 'er', 'nt', 'te') -- no plausible legitimate reading.",EXCLUDE
ACT,34ada83c-783b-46dd-811f-b6a3cfecb8ac,2021,0e74d495-909d-41c8-a557-383d479d63e5,de,1,False,39,HEADING_WITH_BODY,,de,short_fragment_invalid,"heading_text='de', word_count=1, passage_type=HEADING_WITH_BODY -- isolated token with no body, the same failure signature as the fixed one-character DECORATIVE_OR_FRAGMENT rule in block_classification.py, just one character wider. Lowercase/mixed-case: matches the corpus's observed mid-word bigram-fragment pattern (e.g. 'rs', 'er', 'nt', 'te') -- no plausible legitimate reading.",EXCLUDE
ACT,34ada83c-783b-46dd-811f-b6a3cfecb8ac,2021,64e3db8e-8df9-405b-ae5c-bb0034d528e1,de,1,False,39,HEADING_WITH_BODY,,de,short_fragment_invalid,"heading_text='de', word_count=1, passage_type=HEADING_WITH_BODY -- isolated token with no body, the same failure signature as the fixed one-character DECORATIVE_OR_FRAGMENT rule in block_classification.py, just one character wider. Lowercase/mixed-case: matches the corpus's observed mid-word bigram-fragment pattern (e.g. 'rs', 'er', 'nt', 'te') -- no plausible legitimate reading.",EXCLUDE
ACT,34ada83c-783b-46dd-811f-b6a3cfecb8ac,2021,595479ab-ed9e-49f9-b741-95745f64845d,du,1,False,39,HEADING_WITH_BODY,,du,short_fragment_invalid,"heading_text='du', word_count=1, passage_type=HEADING_WITH_BODY -- isolated token with no body, the same failure signature as the fixed one-character DECORATIVE_OR_FRAGMENT rule in block_classification.py, just one character wider. Lowercase/mixed-case: matches the corpus's observed mid-word bigram-fragment pattern (e.g. 'rs', 'er', 'nt', 'te') -- no plausible legitimate reading.",EXCLUDE
ACT,34ada83c-783b-46dd-811f-b6a3cfecb8ac,2021,0a96ec91-fd3c-4b6f-a93c-475809394ddd,eh,1,False,39,HEADING_WITH_BODY,,eh,short_fragment_invalid,"heading_text='eh', word_count=1, passage_type=HEADING_WITH_BODY -- isolated token with no body, the same failure signature as the fixed one-character DECORATIVE_OR_FRAGMENT rule in block_classification.py, just one character wider. Lowercase/mixed-case: matches the corpus's observed mid-word bigram-fragment pattern (e.g. 'rs', 'er', 'nt', 'te') -- no plausible legitimate reading.",EXCLUDE
ACT,34ada83c-783b-46dd-811f-b6a3cfecb8ac,2021,8ee081d8-208b-4a35-9f21-662b4e7b93b6,er,1,False,39,HEADING_WITH_BODY,,er,short_fragment_invalid,"heading_text='er', word_count=1, passage_type=HEADING_WITH_BODY -- isolated token with no body, the same failure signature as the fixed one-character DECORATIVE_OR_FRAGMENT rule in block_classification.py, just one character wider. Lowercase/mixed-case: matches the corpus's observed mid-word bigram-fragment pattern (e.g. 'rs', 'er', 'nt', 'te') -- no plausible legitimate reading.",EXCLUDE
ACT,34ada83c-783b-46dd-811f-b6a3cfecb8ac,2021,c077a2c4-82ff-4e68-bbdc-5e7ca067cdde,er,1,False,39,HEADING_WITH_BODY,,er,short_fragment_invalid,"heading_text='er', word_count=1, passage_type=HEADING_WITH_BODY -- isolated token with no body, the same failure signature as the fixed one-character DECORATIVE_OR_FRAGMENT rule in block_classification.py, just one character wider. Lowercase/mixed-case: matches the corpus's observed mid-word bigram-fragment pattern (e.g. 'rs', 'er', 'nt', 'te') -- no plausible legitimate reading.",EXCLUDE
ACT,34ada83c-783b-46dd-811f-b6a3cfecb8ac,2021,15018f38-a3c9-467e-943d-7f1db4591b06,es,1,False,39,HEADING_WITH_BODY,,es,short_fragment_invalid,"heading_text='es', word_count=1, passage_type=HEADING_WITH_BODY -- isolated token with no body, the same failure signature as the fixed one-character DECORATIVE_OR_FRAGMENT rule in block_classification.py, just one character wider. Lowercase/mixed-case: matches the corpus's observed mid-word bigram-fragment pattern (e.g. 'rs', 'er', 'nt', 'te') -- no plausible legitimate reading.",EXCLUDE
ACT,34ada83c-783b-46dd-811f-b6a3cfecb8ac,2021,1712b762-6c69-4c7f-9bf9-ecf5b352373e,gu,1,False,39,HEADING_WITH_BODY,,gu,short_fragment_invalid,"heading_text='gu', word_count=1, passage_type=HEADING_WITH_BODY -- isolated token with no body, the same failure signature as the fixed one-character DECORATIVE_OR_FRAGMENT rule in block_classification.py, just one character wider. Lowercase/mixed-case: matches the corpus's observed mid-word bigram-fragment pattern (e.g. 'rs', 'er', 'nt', 'te') -- no plausible legitimate reading.",EXCLUDE
ACT,34ada83c-783b-46dd-811f-b6a3cfecb8ac,2021,fddb39e5-4b22-4f54-887c-9d4dff14a983,he,1,False,39,HEADING_WITH_BODY,,he,short_fragment_invalid,"heading_text='he', word_count=1, passage_type=HEADING_WITH_BODY -- isolated token with no body, the same failure signature as the fixed one-character DECORATIVE_OR_FRAGMENT rule in block_classification.py, just one character wider. Lowercase/mixed-case: matches the corpus's observed mid-word bigram-fragment pattern (e.g. 'rs', 'er', 'nt', 'te') -- no plausible legitimate reading.",EXCLUDE
ACT,34ada83c-783b-46dd-811f-b6a3cfecb8ac,2021,f273f007-a855-4986-a7e7-cc113bba5b75,ie,1,False,39,HEADING_WITH_BODY,,ie,short_fragment_invalid,"heading_text='ie', word_count=1, passage_type=HEADING_WITH_BODY -- isolated token with no body, the same failure signature as the fixed one-character DECORATIVE_OR_FRAGMENT rule in block_classification.py, just one character wider. Lowercase/mixed-case: matches the corpus's observed mid-word bigram-fragment pattern (e.g. 'rs', 'er', 'nt', 'te') -- no plausible legitimate reading.",EXCLUDE
ACT,34ada83c-783b-46dd-811f-b6a3cfecb8ac,2021,c0b0ca16-6061-4629-8142-706419736d69,io,1,False,39,HEADING_WITH_BODY,,io,short_fragment_invalid,"heading_text='io', word_count=1, passage_type=HEADING_WITH_BODY -- isolated token with no body, the same failure signature as the fixed one-character DECORATIVE_OR_FRAGMENT rule in block_classification.py, just one character wider. Lowercase/mixed-case: matches the corpus's observed mid-word bigram-fragment pattern (e.g. 'rs', 'er', 'nt', 'te') -- no plausible legitimate reading.",EXCLUDE
ACT,34ada83c-783b-46dd-811f-b6a3cfecb8ac,2021,4442940a-0895-453d-8555-dadc4a9d70b8,me,1,False,39,HEADING_WITH_BODY,,me,short_fragment_invalid,"heading_text='me', word_count=1, passage_type=HEADING_WITH_BODY -- isolated token with no body, the same failure signature as the fixed one-character DECORATIVE_OR_FRAGMENT rule in block_classification.py, just one character wider. Lowercase/mixed-case: matches the corpus's observed mid-word bigram-fragment pattern (e.g. 'rs', 'er', 'nt', 'te') -- no plausible legitimate reading.",EXCLUDE
ACT,34ada83c-783b-46dd-811f-b6a3cfecb8ac,2021,912e23dc-0aef-46c3-9025-eec4a8499dff,nd,1,False,39,HEADING_WITH_BODY,,nd,short_fragment_invalid,"heading_text='nd', word_count=1, passage_type=HEADING_WITH_BODY -- isolated token with no body, the same failure signature as the fixed one-character DECORATIVE_OR_FRAGMENT rule in block_classification.py, just one character wider. Lowercase/mixed-case: matches the corpus's observed mid-word bigram-fragment pattern (e.g. 'rs', 'er', 'nt', 'te') -- no plausible legitimate reading.",EXCLUDE
ACT,34ada83c-783b-46dd-811f-b6a3cfecb8ac,2021,3d2d361c-a6dd-4337-8b66-9a28fefd21da,nt,1,False,39,HEADING_WITH_BODY,,nt,short_fragment_invalid,"heading_text='nt', word_count=1, passage_type=HEADING_WITH_BODY -- isolated token with no body, the same failure signature as the fixed one-character DECORATIVE_OR_FRAGMENT rule in block_classification.py, just one character wider. Lowercase/mixed-case: matches the corpus's observed mid-word bigram-fragment pattern (e.g. 'rs', 'er', 'nt', 'te') -- no plausible legitimate reading.",EXCLUDE
ACT,34ada83c-783b-46dd-811f-b6a3cfecb8ac,2021,5d3e07df-e200-408a-a25e-15bd2a0614a5,nt,1,False,39,HEADING_WITH_BODY,,nt,short_fragment_invalid,"heading_text='nt', word_count=1, passage_type=HEADING_WITH_BODY -- isolated token with no body, the same failure signature as the fixed one-character DECORATIVE_OR_FRAGMENT rule in block_classification.py, just one character wider. Lowercase/mixed-case: matches the corpus's observed mid-word bigram-fragment pattern (e.g. 'rs', 'er', 'nt', 'te') -- no plausible legitimate reading.",EXCLUDE
ACT,34ada83c-783b-46dd-811f-b6a3cfecb8ac,2021,c59604dd-3c0f-43a6-8dbf-b1f50d163b1c,nv,1,False,39,HEADING_WITH_BODY,,nv,short_fragment_invalid,"heading_text='nv', word_count=1, passage_type=HEADING_WITH_BODY -- isolated token with no body, the same failure signature as the fixed one-character DECORATIVE_OR_FRAGMENT rule in block_classification.py, just one character wider. Lowercase/mixed-case: matches the corpus's observed mid-word bigram-fragment pattern (e.g. 'rs', 'er', 'nt', 'te') -- no plausible legitimate reading.",EXCLUDE
ACT,34ada83c-783b-46dd-811f-b6a3cfecb8ac,2021,ab871b19-9956-4bfe-a7df-b20f5d62d764,od,1,False,39,HEADING_WITH_BODY,,od,short_fragment_invalid,"heading_text='od', word_count=1, passage_type=HEADING_WITH_BODY -- isolated token with no body, the same failure signature as the fixed one-character DECORATIVE_OR_FRAGMENT rule in block_classification.py, just one character wider. Lowercase/mixed-case: matches the corpus's observed mid-word bigram-fragment pattern (e.g. 'rs', 'er', 'nt', 'te') -- no plausible legitimate reading.",EXCLUDE
ACT,34ada83c-783b-46dd-811f-b6a3cfecb8ac,2021,b01ac5a8-d5ce-4a5f-8bfb-4db7d3150741,ok,1,False,39,HEADING_WITH_BODY,,ok,short_fragment_invalid,"heading_text='ok', word_count=1, passage_type=HEADING_WITH_BODY -- isolated token with no body, the same failure signature as the fixed one-character DECORATIVE_OR_FRAGMENT rule in block_classification.py, just one character wider. Lowercase/mixed-case: matches the corpus's observed mid-word bigram-fragment pattern (e.g. 'rs', 'er', 'nt', 'te') -- no plausible legitimate reading.",EXCLUDE
ACT,34ada83c-783b-46dd-811f-b6a3cfecb8ac,2021,f74ebdc7-b97f-43b0-be95-4094d7744607,ol,1,False,39,HEADING_WITH_BODY,,ol,short_fragment_invalid,"heading_text='ol', word_count=1, passage_type=HEADING_WITH_BODY -- isolated token with no body, the same failure signature as the fixed one-character DECORATIVE_OR_FRAGMENT rule in block_classification.py, just one character wider. Lowercase/mixed-case: matches the corpus's observed mid-word bigram-fragment pattern (e.g. 'rs', 'er', 'nt', 'te') -- no plausible legitimate reading.",EXCLUDE
ACT,34ada83c-783b-46dd-811f-b6a3cfecb8ac,2021,5ff2e524-ccbb-4087-857a-7d2b29ff5a04,or,1,False,39,HEADING_WITH_BODY,,or,short_fragment_invalid,"heading_text='or', word_count=1, passage_type=HEADING_WITH_BODY -- isolated token with no body, the same failure signature as the fixed one-character DECORATIVE_OR_FRAGMENT rule in block_classification.py, just one character wider. Lowercase/mixed-case: matches the corpus's observed mid-word bigram-fragment pattern (e.g. 'rs', 'er', 'nt', 'te') -- no plausible legitimate reading.",EXCLUDE
ACT,34ada83c-783b-46dd-811f-b6a3cfecb8ac,2021,f1f0c13b-d146-4393-bbc6-7be2f28043c8,pp,1,False,39,HEADING_WITH_BODY,,pp,short_fragment_invalid,"heading_text='pp', word_count=1, passage_type=HEADING_WITH_BODY -- isolated token with no body, the same failure signature as the fixed one-character DECORATIVE_OR_FRAGMENT rule in block_classification.py, just one character wider. Lowercase/mixed-case: matches the corpus's observed mid-word bigram-fragment pattern (e.g. 'rs', 'er', 'nt', 'te') -- no plausible legitimate reading.",EXCLUDE
ACT,34ada83c-783b-46dd-811f-b6a3cfecb8ac,2021,e9cac0bb-3576-4a26-8b01-00e61d88ce1f,rn,1,False,39,HEADING_WITH_BODY,,rn,short_fragment_invalid,"heading_text='rn', word_count=1, passage_type=HEADING_WITH_BODY -- isolated token with no body, the same failure signature as the fixed one-character DECORATIVE_OR_FRAGMENT rule in block_classification.py, just one character wider. Lowercase/mixed-case: matches the corpus's observed mid-word bigram-fragment pattern (e.g. 'rs', 'er', 'nt', 'te') -- no plausible legitimate reading.",EXCLUDE
ACT,34ada83c-783b-46dd-811f-b6a3cfecb8ac,2021,74629bef-2cd9-4f5d-b66e-25f63e33f47a,rs,1,False,39,HEADING_WITH_BODY,,rs,short_fragment_invalid,"heading_text='rs', word_count=1, passage_type=HEADING_WITH_BODY -- isolated token with no body, the same failure signature as the fixed one-character DECORATIVE_OR_FRAGMENT rule in block_classification.py, just one character wider. Lowercase/mixed-case: matches the corpus's observed mid-word bigram-fragment pattern (e.g. 'rs', 'er', 'nt', 'te') -- no plausible legitimate reading.",EXCLUDE
ACT,34ada83c-783b-46dd-811f-b6a3cfecb8ac,2021,c28f2a03-66fc-4148-b553-08fd7994fd52,rs,1,False,39,HEADING_WITH_BODY,,rs,short_fragment_invalid,"heading_text='rs', word_count=1, passage_type=HEADING_WITH_BODY -- isolated token with no body, the same failure signature as the fixed one-character DECORATIVE_OR_FRAGMENT rule in block_classification.py, just one character wider. Lowercase/mixed-case: matches the corpus's observed mid-word bigram-fragment pattern (e.g. 'rs', 'er', 'nt', 'te') -- no plausible legitimate reading.",EXCLUDE
ACT,34ada83c-783b-46dd-811f-b6a3cfecb8ac,2021,06d31395-d2ce-4bd6-9e94-ee5c5d3a54a3,rs,1,False,39,HEADING_WITH_BODY,,rs,short_fragment_invalid,"heading_text='rs', word_count=1, passage_type=HEADING_WITH_BODY -- isolated token with no body, the same failure signature as the fixed one-character DECORATIVE_OR_FRAGMENT rule in block_classification.py, just one character wider. Lowercase/mixed-case: matches the corpus's observed mid-word bigram-fragment pattern (e.g. 'rs', 'er', 'nt', 'te') -- no plausible legitimate reading.",EXCLUDE
ACT,34ada83c-783b-46dd-811f-b6a3cfecb8ac,2021,175f6c33-07eb-4678-90fa-f078f0ade8e3,to,1,False,39,HEADING_WITH_BODY,,to,short_fragment_invalid,"heading_text='to', word_count=1, passage_type=HEADING_WITH_BODY -- isolated token with no body, the same failure signature as the fixed one-character DECORATIVE_OR_FRAGMENT rule in block_classification.py, just one character wider. Lowercase/mixed-case: matches the corpus's observed mid-word bigram-fragment pattern (e.g. 'rs', 'er', 'nt', 'te') -- no plausible legitimate reading.",EXCLUDE
ACT,34ada83c-783b-46dd-811f-b6a3cfecb8ac,2021,1aa196d0-d87f-4c4d-8f6e-04bd0470c179,un,1,False,39,HEADING_WITH_BODY,,un,short_fragment_invalid,"heading_text='un', word_count=1, passage_type=HEADING_WITH_BODY -- isolated token with no body, the same failure signature as the fixed one-character DECORATIVE_OR_FRAGMENT rule in block_classification.py, just one character wider. Lowercase/mixed-case: matches the corpus's observed mid-word bigram-fragment pattern (e.g. 'rs', 'er', 'nt', 'te') -- no plausible legitimate reading.",EXCLUDE
ACT,34ada83c-783b-46dd-811f-b6a3cfecb8ac,2021,b0ec7574-3751-4394-a56a-b7a5e886ba0e,ve,1,False,39,HEADING_WITH_BODY,,ve,short_fragment_invalid,"heading_text='ve', word_count=1, passage_type=HEADING_WITH_BODY -- isolated token with no body, the same failure signature as the fixed one-character DECORATIVE_OR_FRAGMENT rule in block_classification.py, just one character wider. Lowercase/mixed-case: matches the corpus's observed mid-word bigram-fragment pattern (e.g. 'rs', 'er', 'nt', 'te') -- no plausible legitimate reading.",EXCLUDE
ACT,df83cc42-dc79-40f7-802e-bd6cf9cc0e57,2022,f38212cb-bf5f-4e3a-b1b0-68dedc8dffc9,Br,1,False,31,HEADING_WITH_BODY,,Br,short_fragment_invalid,"heading_text='Br', word_count=1, passage_type=HEADING_WITH_BODY -- isolated token with no body, the same failure signature as the fixed one-character DECORATIVE_OR_FRAGMENT rule in block_classification.py, just one character wider. Lowercase/mixed-case: matches the corpus's observed mid-word bigram-fragment pattern (e.g. 'rs', 'er', 'nt', 'te') -- no plausible legitimate reading.",EXCLUDE
ACT,df83cc42-dc79-40f7-802e-bd6cf9cc0e57,2022,d676c33b-7675-4df5-9b5e-e3fb7d8e4a3d,Go,1,False,31,HEADING_WITH_BODY,,Go,short_fragment_invalid,"heading_text='Go', word_count=1, passage_type=HEADING_WITH_BODY -- isolated token with no body, the same failure signature as the fixed one-character DECORATIVE_OR_FRAGMENT rule in block_classification.py, just one character wider. Lowercase/mixed-case: matches the corpus's observed mid-word bigram-fragment pattern (e.g. 'rs', 'er', 'nt', 'te') -- no plausible legitimate reading.",EXCLUDE
ACT,df83cc42-dc79-40f7-802e-bd6cf9cc0e57,2022,4c5a0f71-f712-4444-bf8a-6a7153cba9c4,In,1,False,31,HEADING_WITH_BODY,,In,short_fragment_invalid,"heading_text='In', word_count=1, passage_type=HEADING_WITH_BODY -- isolated token with no body, the same failure signature as the fixed one-character DECORATIVE_OR_FRAGMENT rule in block_classification.py, just one character wider. Lowercase/mixed-case: matches the corpus's observed mid-word bigram-fragment pattern (e.g. 'rs', 'er', 'nt', 'te') -- no plausible legitimate reading.",EXCLUDE
ACT,df83cc42-dc79-40f7-802e-bd6cf9cc0e57,2022,00c2a287-d6b1-4d11-8f21-576011e2eff1,NC,1,False,90,HEADING_WITH_BODY,,NC,short_fragment_invalid,"heading_text='NC', word_count=1, passage_type=HEADING_WITH_BODY -- isolated token with no body, the same failure signature as the fixed one-character DECORATIVE_OR_FRAGMENT rule in block_classification.py, just one character wider. All-uppercase: plausibly a recurring diagram/table label rather than a mid-word glyph fragment -- retained for human confirmation rather than auto-excluded.",REVIEW
ACT,df83cc42-dc79-40f7-802e-bd6cf9cc0e57,2022,d22ef5cd-2524-47e9-9031-27553e09ce00,Re,1,False,31,HEADING_WITH_BODY,,Re,short_fragment_invalid,"heading_text='Re', word_count=1, passage_type=HEADING_WITH_BODY -- isolated token with no body, the same failure signature as the fixed one-character DECORATIVE_OR_FRAGMENT rule in block_classification.py, just one character wider. Lowercase/mixed-case: matches the corpus's observed mid-word bigram-fragment pattern (e.g. 'rs', 'er', 'nt', 'te') -- no plausible legitimate reading.",EXCLUDE
ACT,df83cc42-dc79-40f7-802e-bd6cf9cc0e57,2022,d5b57c06-d570-4063-af71-12876f31f83f,Sc,1,False,31,HEADING_WITH_BODY,,Sc,short_fragment_invalid,"heading_text='Sc', word_count=1, passage_type=HEADING_WITH_BODY -- isolated token with no body, the same failure signature as the fixed one-character DECORATIVE_OR_FRAGMENT rule in block_classification.py, just one character wider. Lowercase/mixed-case: matches the corpus's observed mid-word bigram-fragment pattern (e.g. 'rs', 'er', 'nt', 'te') -- no plausible legitimate reading.",EXCLUDE
ACT,df83cc42-dc79-40f7-802e-bd6cf9cc0e57,2022,1f2d7277-3fe7-4a24-8e88-d7ce576d56f7,Sh,1,False,31,HEADING_WITH_BODY,,Sh,short_fragment_invalid,"heading_text='Sh', word_count=1, passage_type=HEADING_WITH_BODY -- isolated token with no body, the same failure signature as the fixed one-character DECORATIVE_OR_FRAGMENT rule in block_classification.py, just one character wider. Lowercase/mixed-case: matches the corpus's observed mid-word bigram-fragment pattern (e.g. 'rs', 'er', 'nt', 'te') -- no plausible legitimate reading.",EXCLUDE
ACT,df83cc42-dc79-40f7-802e-bd6cf9cc0e57,2022,189853a0-089a-4511-b6b8-b1154121c1cc,Tr,1,False,31,HEADING_WITH_BODY,,Tr,short_fragment_invalid,"heading_text='Tr', word_count=1, passage_type=HEADING_WITH_BODY -- isolated token with no body, the same failure signature as the fixed one-character DECORATIVE_OR_FRAGMENT rule in block_classification.py, just one character wider. Lowercase/mixed-case: matches the corpus's observed mid-word bigram-fragment pattern (e.g. 'rs', 'er', 'nt', 'te') -- no plausible legitimate reading.",EXCLUDE
ACT,df83cc42-dc79-40f7-802e-bd6cf9cc0e57,2022,52a0b5cb-0b23-4d1f-b133-cf3d752cac25,Tr,1,False,31,HEADING_WITH_BODY,,Tr,short_fragment_invalid,"heading_text='Tr', word_count=1, passage_type=HEADING_WITH_BODY -- isolated token with no body, the same failure signature as the fixed one-character DECORATIVE_OR_FRAGMENT rule in block_classification.py, just one character wider. Lowercase/mixed-case: matches the corpus's observed mid-word bigram-fragment pattern (e.g. 'rs', 'er', 'nt', 'te') -- no plausible legitimate reading.",EXCLUDE
ACT,df83cc42-dc79-40f7-802e-bd6cf9cc0e57,2022,08f6bbeb-2f6a-442e-8913-fdad9c80e348,ad,1,False,31,HEADING_WITH_BODY,,ad,short_fragment_invalid,"heading_text='ad', word_count=1, passage_type=HEADING_WITH_BODY -- isolated token with no body, the same failure signature as the fixed one-character DECORATIVE_OR_FRAGMENT rule in block_classification.py, just one character wider. Lowercase/mixed-case: matches the corpus's observed mid-word bigram-fragment pattern (e.g. 'rs', 'er', 'nt', 'te') -- no plausible legitimate reading.",EXCLUDE
ACT,df83cc42-dc79-40f7-802e-bd6cf9cc0e57,2022,8a632c6f-f9c4-474e-af5f-9a0d63b0ffef,ad,1,False,31,HEADING_WITH_BODY,,ad,short_fragment_invalid,"heading_text='ad', word_count=1, passage_type=HEADING_WITH_BODY -- isolated token with no body, the same failure signature as the fixed one-character DECORATIVE_OR_FRAGMENT rule in block_classification.py, just one character wider. Lowercase/mixed-case: matches the corpus's observed mid-word bigram-fragment pattern (e.g. 'rs', 'er', 'nt', 'te') -- no plausible legitimate reading.",EXCLUDE
ACT,df83cc42-dc79-40f7-802e-bd6cf9cc0e57,2022,b76558ec-797c-4e88-b293-bc423b4d8224,ar,1,False,31,HEADING_WITH_BODY,,ar,short_fragment_invalid,"heading_text='ar', word_count=1, passage_type=HEADING_WITH_BODY -- isolated token with no body, the same failure signature as the fixed one-character DECORATIVE_OR_FRAGMENT rule in block_classification.py, just one character wider. Lowercase/mixed-case: matches the corpus's observed mid-word bigram-fragment pattern (e.g. 'rs', 'er', 'nt', 'te') -- no plausible legitimate reading.",EXCLUDE
ACT,df83cc42-dc79-40f7-802e-bd6cf9cc0e57,2022,c33b7907-9846-4fa4-9816-c6b94505e97c,be,1,False,31,HEADING_WITH_BODY,,be,short_fragment_invalid,"heading_text='be', word_count=1, passage_type=HEADING_WITH_BODY -- isolated token with no body, the same failure signature as the fixed one-character DECORATIVE_OR_FRAGMENT rule in block_classification.py, just one character wider. Lowercase/mixed-case: matches the corpus's observed mid-word bigram-fragment pattern (e.g. 'rs', 'er', 'nt', 'te') -- no plausible legitimate reading.",EXCLUDE
ACT,df83cc42-dc79-40f7-802e-bd6cf9cc0e57,2022,f5cd833d-e808-4803-9ab0-f0a480e280b7,bo,1,False,31,HEADING_WITH_BODY,,bo,short_fragment_invalid,"heading_text='bo', word_count=1, passage_type=HEADING_WITH_BODY -- isolated token with no body, the same failure signature as the fixed one-character DECORATIVE_OR_FRAGMENT rule in block_classification.py, just one character wider. Lowercase/mixed-case: matches the corpus's observed mid-word bigram-fragment pattern (e.g. 'rs', 'er', 'nt', 'te') -- no plausible legitimate reading.",EXCLUDE
ACT,df83cc42-dc79-40f7-802e-bd6cf9cc0e57,2022,297b876e-fe30-4083-8596-6d4669b3a3a7,de,1,False,31,HEADING_WITH_BODY,,de,short_fragment_invalid,"heading_text='de', word_count=1, passage_type=HEADING_WITH_BODY -- isolated token with no body, the same failure signature as the fixed one-character DECORATIVE_OR_FRAGMENT rule in block_classification.py, just one character wider. Lowercase/mixed-case: matches the corpus's observed mid-word bigram-fragment pattern (e.g. 'rs', 'er', 'nt', 'te') -- no plausible legitimate reading.",EXCLUDE
ACT,df83cc42-dc79-40f7-802e-bd6cf9cc0e57,2022,1f26fdac-cb71-4d00-bc71-6961ca5dc23c,du,1,False,31,HEADING_WITH_BODY,,du,short_fragment_invalid,"heading_text='du', word_count=1, passage_type=HEADING_WITH_BODY -- isolated token with no body, the same failure signature as the fixed one-character DECORATIVE_OR_FRAGMENT rule in block_classification.py, just one character wider. Lowercase/mixed-case: matches the corpus's observed mid-word bigram-fragment pattern (e.g. 'rs', 'er', 'nt', 'te') -- no plausible legitimate reading.",EXCLUDE
ACT,df83cc42-dc79-40f7-802e-bd6cf9cc0e57,2022,76258bcf-e004-4bff-b42b-a7de92def4b9,eh,1,False,31,HEADING_WITH_BODY,,eh,short_fragment_invalid,"heading_text='eh', word_count=1, passage_type=HEADING_WITH_BODY -- isolated token with no body, the same failure signature as the fixed one-character DECORATIVE_OR_FRAGMENT rule in block_classification.py, just one character wider. Lowercase/mixed-case: matches the corpus's observed mid-word bigram-fragment pattern (e.g. 'rs', 'er', 'nt', 'te') -- no plausible legitimate reading.",EXCLUDE
ACT,df83cc42-dc79-40f7-802e-bd6cf9cc0e57,2022,fedc5c7d-c38a-42f8-87ea-a25a7396aaf4,er,1,False,31,HEADING_WITH_BODY,,er,short_fragment_invalid,"heading_text='er', word_count=1, passage_type=HEADING_WITH_BODY -- isolated token with no body, the same failure signature as the fixed one-character DECORATIVE_OR_FRAGMENT rule in block_classification.py, just one character wider. Lowercase/mixed-case: matches the corpus's observed mid-word bigram-fragment pattern (e.g. 'rs', 'er', 'nt', 'te') -- no plausible legitimate reading.",EXCLUDE
ACT,df83cc42-dc79-40f7-802e-bd6cf9cc0e57,2022,cabe875b-c59a-4fdd-8856-5a210ab86819,es,1,False,31,HEADING_WITH_BODY,,es,short_fragment_invalid,"heading_text='es', word_count=1, passage_type=HEADING_WITH_BODY -- isolated token with no body, the same failure signature as the fixed one-character DECORATIVE_OR_FRAGMENT rule in block_classification.py, just one character wider. Lowercase/mixed-case: matches the corpus's observed mid-word bigram-fragment pattern (e.g. 'rs', 'er', 'nt', 'te') -- no plausible legitimate reading.",EXCLUDE
ACT,df83cc42-dc79-40f7-802e-bd6cf9cc0e57,2022,50e4549b-c3b9-4ffe-860f-9123926a0418,es,1,False,31,HEADING_WITH_BODY,,es,short_fragment_invalid,"heading_text='es', word_count=1, passage_type=HEADING_WITH_BODY -- isolated token with no body, the same failure signature as the fixed one-character DECORATIVE_OR_FRAGMENT rule in block_classification.py, just one character wider. Lowercase/mixed-case: matches the corpus's observed mid-word bigram-fragment pattern (e.g. 'rs', 'er', 'nt', 'te') -- no plausible legitimate reading.",EXCLUDE
ACT,df83cc42-dc79-40f7-802e-bd6cf9cc0e57,2022,228f1146-48c0-4528-b80b-b4e99328c8e6,gu,1,False,31,HEADING_WITH_BODY,,gu,short_fragment_invalid,"heading_text='gu', word_count=1, passage_type=HEADING_WITH_BODY -- isolated token with no body, the same failure signature as the fixed one-character DECORATIVE_OR_FRAGMENT rule in block_classification.py, just one character wider. Lowercase/mixed-case: matches the corpus's observed mid-word bigram-fragment pattern (e.g. 'rs', 'er', 'nt', 'te') -- no plausible legitimate reading.",EXCLUDE
ACT,df83cc42-dc79-40f7-802e-bd6cf9cc0e57,2022,a8a451a3-341b-407a-baba-1720cbeb19d9,he,1,False,31,HEADING_WITH_BODY,,he,short_fragment_invalid,"heading_text='he', word_count=1, passage_type=HEADING_WITH_BODY -- isolated token with no body, the same failure signature as the fixed one-character DECORATIVE_OR_FRAGMENT rule in block_classification.py, just one character wider. Lowercase/mixed-case: matches the corpus's observed mid-word bigram-fragment pattern (e.g. 'rs', 'er', 'nt', 'te') -- no plausible legitimate reading.",EXCLUDE
ACT,df83cc42-dc79-40f7-802e-bd6cf9cc0e57,2022,f01b84c0-37b2-44d5-a2f7-faadeefcf6c3,ie,1,False,31,HEADING_WITH_BODY,,ie,short_fragment_invalid,"heading_text='ie', word_count=1, passage_type=HEADING_WITH_BODY -- isolated token with no body, the same failure signature as the fixed one-character DECORATIVE_OR_FRAGMENT rule in block_classification.py, just one character wider. Lowercase/mixed-case: matches the corpus's observed mid-word bigram-fragment pattern (e.g. 'rs', 'er', 'nt', 'te') -- no plausible legitimate reading.",EXCLUDE
ACT,df83cc42-dc79-40f7-802e-bd6cf9cc0e57,2022,5032b75e-1056-4897-a572-3ab694ee6082,ie,1,False,31,HEADING_WITH_BODY,,ie,short_fragment_invalid,"heading_text='ie', word_count=1, passage_type=HEADING_WITH_BODY -- isolated token with no body, the same failure signature as the fixed one-character DECORATIVE_OR_FRAGMENT rule in block_classification.py, just one character wider. Lowercase/mixed-case: matches the corpus's observed mid-word bigram-fragment pattern (e.g. 'rs', 'er', 'nt', 'te') -- no plausible legitimate reading.",EXCLUDE
ACT,df83cc42-dc79-40f7-802e-bd6cf9cc0e57,2022,358706f2-39f3-45ad-bb26-5e0818dbb934,la,1,False,31,HEADING_WITH_BODY,,la,short_fragment_invalid,"heading_text='la', word_count=1, passage_type=HEADING_WITH_BODY -- isolated token with no body, the same failure signature as the fixed one-character DECORATIVE_OR_FRAGMENT rule in block_classification.py, just one character wider. Lowercase/mixed-case: matches the corpus's observed mid-word bigram-fragment pattern (e.g. 'rs', 'er', 'nt', 'te') -- no plausible legitimate reading.",EXCLUDE
ACT,df83cc42-dc79-40f7-802e-bd6cf9cc0e57,2022,50b0ef3e-e93d-46a1-892d-7a3cd7ecc6da,me,1,False,31,HEADING_WITH_BODY,,me,short_fragment_invalid,"heading_text='me', word_count=1, passage_type=HEADING_WITH_BODY -- isolated token with no body, the same failure signature as the fixed one-character DECORATIVE_OR_FRAGMENT rule in block_classification.py, just one character wider. Lowercase/mixed-case: matches the corpus's observed mid-word bigram-fragment pattern (e.g. 'rs', 'er', 'nt', 'te') -- no plausible legitimate reading.",EXCLUDE
ACT,df83cc42-dc79-40f7-802e-bd6cf9cc0e57,2022,7d3216ac-1a09-472a-a3cd-d01ae5a8f6b3,nd,1,False,31,HEADING_WITH_BODY,,nd,short_fragment_invalid,"heading_text='nd', word_count=1, passage_type=HEADING_WITH_BODY -- isolated token with no body, the same failure signature as the fixed one-character DECORATIVE_OR_FRAGMENT rule in block_classification.py, just one character wider. Lowercase/mixed-case: matches the corpus's observed mid-word bigram-fragment pattern (e.g. 'rs', 'er', 'nt', 'te') -- no plausible legitimate reading.",EXCLUDE
ACT,df83cc42-dc79-40f7-802e-bd6cf9cc0e57,2022,f3319206-e481-42a4-a0df-ff35c2727a91,ni,1,False,31,HEADING_WITH_BODY,,ni,short_fragment_invalid,"heading_text='ni', word_count=1, passage_type=HEADING_WITH_BODY -- isolated token with no body, the same failure signature as the fixed one-character DECORATIVE_OR_FRAGMENT rule in block_classification.py, just one character wider. Lowercase/mixed-case: matches the corpus's observed mid-word bigram-fragment pattern (e.g. 'rs', 'er', 'nt', 'te') -- no plausible legitimate reading.",EXCLUDE
ACT,df83cc42-dc79-40f7-802e-bd6cf9cc0e57,2022,c03fae65-f6e6-427b-a59f-460980761606,nt,1,False,31,HEADING_WITH_BODY,,nt,short_fragment_invalid,"heading_text='nt', word_count=1, passage_type=HEADING_WITH_BODY -- isolated token with no body, the same failure signature as the fixed one-character DECORATIVE_OR_FRAGMENT rule in block_classification.py, just one character wider. Lowercase/mixed-case: matches the corpus's observed mid-word bigram-fragment pattern (e.g. 'rs', 'er', 'nt', 'te') -- no plausible legitimate reading.",EXCLUDE
ACT,df83cc42-dc79-40f7-802e-bd6cf9cc0e57,2022,09b7c26a-d7e6-4694-a307-7e2a45413e03,nt,1,False,31,HEADING_WITH_BODY,,nt,short_fragment_invalid,"heading_text='nt', word_count=1, passage_type=HEADING_WITH_BODY -- isolated token with no body, the same failure signature as the fixed one-character DECORATIVE_OR_FRAGMENT rule in block_classification.py, just one character wider. Lowercase/mixed-case: matches the corpus's observed mid-word bigram-fragment pattern (e.g. 'rs', 'er', 'nt', 'te') -- no plausible legitimate reading.",EXCLUDE
ACT,df83cc42-dc79-40f7-802e-bd6cf9cc0e57,2022,924bc66b-82e3-4fc7-a93c-4c397e1439be,nv,1,False,31,HEADING_WITH_BODY,,nv,short_fragment_invalid,"heading_text='nv', word_count=1, passage_type=HEADING_WITH_BODY -- isolated token with no body, the same failure signature as the fixed one-character DECORATIVE_OR_FRAGMENT rule in block_classification.py, just one character wider. Lowercase/mixed-case: matches the corpus's observed mid-word bigram-fragment pattern (e.g. 'rs', 'er', 'nt', 'te') -- no plausible legitimate reading.",EXCLUDE
ACT,df83cc42-dc79-40f7-802e-bd6cf9cc0e57,2022,464569c6-1cd5-4f4c-8a51-55be3a6dce25,ok,1,False,31,HEADING_WITH_BODY,,ok,short_fragment_invalid,"heading_text='ok', word_count=1, passage_type=HEADING_WITH_BODY -- isolated token with no body, the same failure signature as the fixed one-character DECORATIVE_OR_FRAGMENT rule in block_classification.py, just one character wider. Lowercase/mixed-case: matches the corpus's observed mid-word bigram-fragment pattern (e.g. 'rs', 'er', 'nt', 'te') -- no plausible legitimate reading.",EXCLUDE
ACT,df83cc42-dc79-40f7-802e-bd6cf9cc0e57,2022,dd11d99e-2c1f-4233-a1d2-0480736d569d,ol,1,False,31,HEADING_WITH_BODY,,ol,short_fragment_invalid,"heading_text='ol', word_count=1, passage_type=HEADING_WITH_BODY -- isolated token with no body, the same failure signature as the fixed one-character DECORATIVE_OR_FRAGMENT rule in block_classification.py, just one character wider. Lowercase/mixed-case: matches the corpus's observed mid-word bigram-fragment pattern (e.g. 'rs', 'er', 'nt', 'te') -- no plausible legitimate reading.",EXCLUDE
ACT,df83cc42-dc79-40f7-802e-bd6cf9cc0e57,2022,8482b275-6eee-44c7-b500-5297a9ff7395,on,1,False,31,HEADING_WITH_BODY,,on,short_fragment_invalid,"heading_text='on', word_count=1, passage_type=HEADING_WITH_BODY -- isolated token with no body, the same failure signature as the fixed one-character DECORATIVE_OR_FRAGMENT rule in block_classification.py, just one character wider. Lowercase/mixed-case: matches the corpus's observed mid-word bigram-fragment pattern (e.g. 'rs', 'er', 'nt', 'te') -- no plausible legitimate reading.",EXCLUDE
ACT,df83cc42-dc79-40f7-802e-bd6cf9cc0e57,2022,4fd87ee0-98ff-4255-b689-98edcc31bb07,pl,1,False,31,HEADING_WITH_BODY,,pl,short_fragment_invalid,"heading_text='pl', word_count=1, passage_type=HEADING_WITH_BODY -- isolated token with no body, the same failure signature as the fixed one-character DECORATIVE_OR_FRAGMENT rule in block_classification.py, just one character wider. Lowercase/mixed-case: matches the corpus's observed mid-word bigram-fragment pattern (e.g. 'rs', 'er', 'nt', 'te') -- no plausible legitimate reading.",EXCLUDE
ACT,df83cc42-dc79-40f7-802e-bd6cf9cc0e57,2022,4640e6b2-dd89-4f23-a909-d850d67b1376,rn,1,False,31,HEADING_WITH_BODY,,rn,short_fragment_invalid,"heading_text='rn', word_count=1, passage_type=HEADING_WITH_BODY -- isolated token with no body, the same failure signature as the fixed one-character DECORATIVE_OR_FRAGMENT rule in block_classification.py, just one character wider. Lowercase/mixed-case: matches the corpus's observed mid-word bigram-fragment pattern (e.g. 'rs', 'er', 'nt', 'te') -- no plausible legitimate reading.",EXCLUDE
ACT,df83cc42-dc79-40f7-802e-bd6cf9cc0e57,2022,4e1a2d24-d250-409e-9149-9e137564600d,rs,1,False,31,HEADING_WITH_BODY,,rs,short_fragment_invalid,"heading_text='rs', word_count=1, passage_type=HEADING_WITH_BODY -- isolated token with no body, the same failure signature as the fixed one-character DECORATIVE_OR_FRAGMENT rule in block_classification.py, just one character wider. Lowercase/mixed-case: matches the corpus's observed mid-word bigram-fragment pattern (e.g. 'rs', 'er', 'nt', 'te') -- no plausible legitimate reading.",EXCLUDE
ACT,df83cc42-dc79-40f7-802e-bd6cf9cc0e57,2022,8c5afaa0-2013-4256-b169-93aa34ba0765,rs,1,False,31,HEADING_WITH_BODY,,rs,short_fragment_invalid,"heading_text='rs', word_count=1, passage_type=HEADING_WITH_BODY -- isolated token with no body, the same failure signature as the fixed one-character DECORATIVE_OR_FRAGMENT rule in block_classification.py, just one character wider. Lowercase/mixed-case: matches the corpus's observed mid-word bigram-fragment pattern (e.g. 'rs', 'er', 'nt', 'te') -- no plausible legitimate reading.",EXCLUDE
ACT,df83cc42-dc79-40f7-802e-bd6cf9cc0e57,2022,d014445c-0747-47a2-89a7-0facbb592920,rs,1,False,31,HEADING_WITH_BODY,,rs,short_fragment_invalid,"heading_text='rs', word_count=1, passage_type=HEADING_WITH_BODY -- isolated token with no body, the same failure signature as the fixed one-character DECORATIVE_OR_FRAGMENT rule in block_classification.py, just one character wider. Lowercase/mixed-case: matches the corpus's observed mid-word bigram-fragment pattern (e.g. 'rs', 'er', 'nt', 'te') -- no plausible legitimate reading.",EXCLUDE
ACT,df83cc42-dc79-40f7-802e-bd6cf9cc0e57,2022,7542cd2b-34f2-4d3c-872f-23b7ca92cc18,rs,1,False,31,HEADING_WITH_BODY,,rs,short_fragment_invalid,"heading_text='rs', word_count=1, passage_type=HEADING_WITH_BODY -- isolated token with no body, the same failure signature as the fixed one-character DECORATIVE_OR_FRAGMENT rule in block_classification.py, just one character wider. Lowercase/mixed-case: matches the corpus's observed mid-word bigram-fragment pattern (e.g. 'rs', 'er', 'nt', 'te') -- no plausible legitimate reading.",EXCLUDE
ACT,df83cc42-dc79-40f7-802e-bd6cf9cc0e57,2022,095464c8-650c-4cda-b487-4b2f9b053151,rs,1,False,31,HEADING_WITH_BODY,,rs,short_fragment_invalid,"heading_text='rs', word_count=1, passage_type=HEADING_WITH_BODY -- isolated token with no body, the same failure signature as the fixed one-character DECORATIVE_OR_FRAGMENT rule in block_classification.py, just one character wider. Lowercase/mixed-case: matches the corpus's observed mid-word bigram-fragment pattern (e.g. 'rs', 'er', 'nt', 'te') -- no plausible legitimate reading.",EXCLUDE
ACT,df83cc42-dc79-40f7-802e-bd6cf9cc0e57,2022,4675cce4-51f8-4cfb-99d3-e6cba7801460,su,1,False,31,HEADING_WITH_BODY,,su,short_fragment_invalid,"heading_text='su', word_count=1, passage_type=HEADING_WITH_BODY -- isolated token with no body, the same failure signature as the fixed one-character DECORATIVE_OR_FRAGMENT rule in block_classification.py, just one character wider. Lowercase/mixed-case: matches the corpus's observed mid-word bigram-fragment pattern (e.g. 'rs', 'er', 'nt', 'te') -- no plausible legitimate reading.",EXCLUDE
ACT,df83cc42-dc79-40f7-802e-bd6cf9cc0e57,2022,583ae78a-3406-4f24-9f4b-86ab00f2311e,to,1,False,31,HEADING_WITH_BODY,,to,short_fragment_invalid,"heading_text='to', word_count=1, passage_type=HEADING_WITH_BODY -- isolated token with no body, the same failure signature as the fixed one-character DECORATIVE_OR_FRAGMENT rule in block_classification.py, just one character wider. Lowercase/mixed-case: matches the corpus's observed mid-word bigram-fragment pattern (e.g. 'rs', 'er', 'nt', 'te') -- no plausible legitimate reading.",EXCLUDE
ACT,df83cc42-dc79-40f7-802e-bd6cf9cc0e57,2022,3235d142-e2ec-4e90-819e-2279035cac11,to,1,False,31,HEADING_WITH_BODY,,to,short_fragment_invalid,"heading_text='to', word_count=1, passage_type=HEADING_WITH_BODY -- isolated token with no body, the same failure signature as the fixed one-character DECORATIVE_OR_FRAGMENT rule in block_classification.py, just one character wider. Lowercase/mixed-case: matches the corpus's observed mid-word bigram-fragment pattern (e.g. 'rs', 'er', 'nt', 'te') -- no plausible legitimate reading.",EXCLUDE
ACT,df83cc42-dc79-40f7-802e-bd6cf9cc0e57,2022,6e16ca19-388c-4491-b1f4-741b1e239e0c,ve,1,False,31,HEADING_WITH_BODY,,ve,short_fragment_invalid,"heading_text='ve', word_count=1, passage_type=HEADING_WITH_BODY -- isolated token with no body, the same failure signature as the fixed one-character DECORATIVE_OR_FRAGMENT rule in block_classification.py, just one character wider. Lowercase/mixed-case: matches the corpus's observed mid-word bigram-fragment pattern (e.g. 'rs', 'er', 'nt', 'te') -- no plausible legitimate reading.",EXCLUDE
ACT,ccfc1325-dd2d-4f31-af07-f5146a0fdf03,2023,ee68e0af-06b7-464c-9c69-ef71f79108d6,Br,1,False,32,HEADING_WITH_BODY,,Br,short_fragment_invalid,"heading_text='Br', word_count=1, passage_type=HEADING_WITH_BODY -- isolated token with no body, the same failure signature as the fixed one-character DECORATIVE_OR_FRAGMENT rule in block_classification.py, just one character wider. Lowercase/mixed-case: matches the corpus's observed mid-word bigram-fragment pattern (e.g. 'rs', 'er', 'nt', 'te') -- no plausible legitimate reading.",EXCLUDE
ACT,ccfc1325-dd2d-4f31-af07-f5146a0fdf03,2023,8ba40f4f-83cc-4ab8-9202-2182c978f330,Go,1,False,32,HEADING_WITH_BODY,,Go,short_fragment_invalid,"heading_text='Go', word_count=1, passage_type=HEADING_WITH_BODY -- isolated token with no body, the same failure signature as the fixed one-character DECORATIVE_OR_FRAGMENT rule in block_classification.py, just one character wider. Lowercase/mixed-case: matches the corpus's observed mid-word bigram-fragment pattern (e.g. 'rs', 'er', 'nt', 'te') -- no plausible legitimate reading.",EXCLUDE
ACT,ccfc1325-dd2d-4f31-af07-f5146a0fdf03,2023,b87274e3-20cf-4c7e-9a95-12a4d72642d0,In,1,False,32,HEADING_WITH_BODY,,In,short_fragment_invalid,"heading_text='In', word_count=1, passage_type=HEADING_WITH_BODY -- isolated token with no body, the same failure signature as the fixed one-character DECORATIVE_OR_FRAGMENT rule in block_classification.py, just one character wider. Lowercase/mixed-case: matches the corpus's observed mid-word bigram-fragment pattern (e.g. 'rs', 'er', 'nt', 'te') -- no plausible legitimate reading.",EXCLUDE
ACT,ccfc1325-dd2d-4f31-af07-f5146a0fdf03,2023,f2343bb2-035c-402b-9ff4-8e4e64c071a4,Re,1,False,32,HEADING_WITH_BODY,,Re,short_fragment_invalid,"heading_text='Re', word_count=1, passage_type=HEADING_WITH_BODY -- isolated token with no body, the same failure signature as the fixed one-character DECORATIVE_OR_FRAGMENT rule in block_classification.py, just one character wider. Lowercase/mixed-case: matches the corpus's observed mid-word bigram-fragment pattern (e.g. 'rs', 'er', 'nt', 'te') -- no plausible legitimate reading.",EXCLUDE
ACT,ccfc1325-dd2d-4f31-af07-f5146a0fdf03,2023,fa145a25-903f-4907-9096-d3cd8a8b05df,Sc,1,False,32,HEADING_WITH_BODY,,Sc,short_fragment_invalid,"heading_text='Sc', word_count=1, passage_type=HEADING_WITH_BODY -- isolated token with no body, the same failure signature as the fixed one-character DECORATIVE_OR_FRAGMENT rule in block_classification.py, just one character wider. Lowercase/mixed-case: matches the corpus's observed mid-word bigram-fragment pattern (e.g. 'rs', 'er', 'nt', 'te') -- no plausible legitimate reading.",EXCLUDE
ACT,ccfc1325-dd2d-4f31-af07-f5146a0fdf03,2023,4cb16399-2894-46e0-be8f-afe7d85d2cc4,Sh,1,False,32,HEADING_WITH_BODY,,Sh,short_fragment_invalid,"heading_text='Sh', word_count=1, passage_type=HEADING_WITH_BODY -- isolated token with no body, the same failure signature as the fixed one-character DECORATIVE_OR_FRAGMENT rule in block_classification.py, just one character wider. Lowercase/mixed-case: matches the corpus's observed mid-word bigram-fragment pattern (e.g. 'rs', 'er', 'nt', 'te') -- no plausible legitimate reading.",EXCLUDE
ACT,ccfc1325-dd2d-4f31-af07-f5146a0fdf03,2023,1fbe9ef6-63ef-417a-8de6-349286b8bfb7,Tr,1,False,32,HEADING_WITH_BODY,,Tr,short_fragment_invalid,"heading_text='Tr', word_count=1, passage_type=HEADING_WITH_BODY -- isolated token with no body, the same failure signature as the fixed one-character DECORATIVE_OR_FRAGMENT rule in block_classification.py, just one character wider. Lowercase/mixed-case: matches the corpus's observed mid-word bigram-fragment pattern (e.g. 'rs', 'er', 'nt', 'te') -- no plausible legitimate reading.",EXCLUDE
ACT,ccfc1325-dd2d-4f31-af07-f5146a0fdf03,2023,c9cd4dd1-eb98-43d9-94b6-08cc9d73e506,Tr,1,False,32,HEADING_WITH_BODY,,Tr,short_fragment_invalid,"heading_text='Tr', word_count=1, passage_type=HEADING_WITH_BODY -- isolated token with no body, the same failure signature as the fixed one-character DECORATIVE_OR_FRAGMENT rule in block_classification.py, just one character wider. Lowercase/mixed-case: matches the corpus's observed mid-word bigram-fragment pattern (e.g. 'rs', 'er', 'nt', 'te') -- no plausible legitimate reading.",EXCLUDE
ACT,ccfc1325-dd2d-4f31-af07-f5146a0fdf03,2023,9c0a8527-8e0a-4e91-973e-c6569ff4dfbf,ad,1,False,32,HEADING_WITH_BODY,,ad,short_fragment_invalid,"heading_text='ad', word_count=1, passage_type=HEADING_WITH_BODY -- isolated token with no body, the same failure signature as the fixed one-character DECORATIVE_OR_FRAGMENT rule in block_classification.py, just one character wider. Lowercase/mixed-case: matches the corpus's observed mid-word bigram-fragment pattern (e.g. 'rs', 'er', 'nt', 'te') -- no plausible legitimate reading.",EXCLUDE
ACT,ccfc1325-dd2d-4f31-af07-f5146a0fdf03,2023,1d3bb36d-03ec-4343-b623-5cbb3894a806,ad,1,False,32,HEADING_WITH_BODY,,ad,short_fragment_invalid,"heading_text='ad', word_count=1, passage_type=HEADING_WITH_BODY -- isolated token with no body, the same failure signature as the fixed one-character DECORATIVE_OR_FRAGMENT rule in block_classification.py, just one character wider. Lowercase/mixed-case: matches the corpus's observed mid-word bigram-fragment pattern (e.g. 'rs', 'er', 'nt', 'te') -- no plausible legitimate reading.",EXCLUDE
ACT,ccfc1325-dd2d-4f31-af07-f5146a0fdf03,2023,3eb77b01-dd5a-4443-9722-d6f9306c3cfb,ar,1,False,32,HEADING_WITH_BODY,,ar,short_fragment_invalid,"heading_text='ar', word_count=1, passage_type=HEADING_WITH_BODY -- isolated token with no body, the same failure signature as the fixed one-character DECORATIVE_OR_FRAGMENT rule in block_classification.py, just one character wider. Lowercase/mixed-case: matches the corpus's observed mid-word bigram-fragment pattern (e.g. 'rs', 'er', 'nt', 'te') -- no plausible legitimate reading.",EXCLUDE
ACT,ccfc1325-dd2d-4f31-af07-f5146a0fdf03,2023,cb71b8e8-ab2d-433d-966c-2d3f97144a9d,be,1,False,32,HEADING_WITH_BODY,,be,short_fragment_invalid,"heading_text='be', word_count=1, passage_type=HEADING_WITH_BODY -- isolated token with no body, the same failure signature as the fixed one-character DECORATIVE_OR_FRAGMENT rule in block_classification.py, just one character wider. Lowercase/mixed-case: matches the corpus's observed mid-word bigram-fragment pattern (e.g. 'rs', 'er', 'nt', 'te') -- no plausible legitimate reading.",EXCLUDE
ACT,ccfc1325-dd2d-4f31-af07-f5146a0fdf03,2023,b2586f84-c825-408c-b973-b2274e4909cf,bo,1,False,32,HEADING_WITH_BODY,,bo,short_fragment_invalid,"heading_text='bo', word_count=1, passage_type=HEADING_WITH_BODY -- isolated token with no body, the same failure signature as the fixed one-character DECORATIVE_OR_FRAGMENT rule in block_classification.py, just one character wider. Lowercase/mixed-case: matches the corpus's observed mid-word bigram-fragment pattern (e.g. 'rs', 'er', 'nt', 'te') -- no plausible legitimate reading.",EXCLUDE
ACT,ccfc1325-dd2d-4f31-af07-f5146a0fdf03,2023,21066b4a-45a0-4cba-9cf3-911f3ea69578,de,1,False,32,HEADING_WITH_BODY,,de,short_fragment_invalid,"heading_text='de', word_count=1, passage_type=HEADING_WITH_BODY -- isolated token with no body, the same failure signature as the fixed one-character DECORATIVE_OR_FRAGMENT rule in block_classification.py, just one character wider. Lowercase/mixed-case: matches the corpus's observed mid-word bigram-fragment pattern (e.g. 'rs', 'er', 'nt', 'te') -- no plausible legitimate reading.",EXCLUDE
ACT,ccfc1325-dd2d-4f31-af07-f5146a0fdf03,2023,3076b000-e782-4da1-b3ad-e72528ec289a,du,1,False,32,HEADING_WITH_BODY,,du,short_fragment_invalid,"heading_text='du', word_count=1, passage_type=HEADING_WITH_BODY -- isolated token with no body, the same failure signature as the fixed one-character DECORATIVE_OR_FRAGMENT rule in block_classification.py, just one character wider. Lowercase/mixed-case: matches the corpus's observed mid-word bigram-fragment pattern (e.g. 'rs', 'er', 'nt', 'te') -- no plausible legitimate reading.",EXCLUDE
ACT,ccfc1325-dd2d-4f31-af07-f5146a0fdf03,2023,088898c2-a23d-4c6e-8637-5b7a898cc434,eh,1,False,32,HEADING_WITH_BODY,,eh,short_fragment_invalid,"heading_text='eh', word_count=1, passage_type=HEADING_WITH_BODY -- isolated token with no body, the same failure signature as the fixed one-character DECORATIVE_OR_FRAGMENT rule in block_classification.py, just one character wider. Lowercase/mixed-case: matches the corpus's observed mid-word bigram-fragment pattern (e.g. 'rs', 'er', 'nt', 'te') -- no plausible legitimate reading.",EXCLUDE
ACT,ccfc1325-dd2d-4f31-af07-f5146a0fdf03,2023,73f48e2c-9a2e-4650-aac8-1d6e6f884bc1,er,1,False,32,HEADING_WITH_BODY,,er,short_fragment_invalid,"heading_text='er', word_count=1, passage_type=HEADING_WITH_BODY -- isolated token with no body, the same failure signature as the fixed one-character DECORATIVE_OR_FRAGMENT rule in block_classification.py, just one character wider. Lowercase/mixed-case: matches the corpus's observed mid-word bigram-fragment pattern (e.g. 'rs', 'er', 'nt', 'te') -- no plausible legitimate reading.",EXCLUDE
ACT,ccfc1325-dd2d-4f31-af07-f5146a0fdf03,2023,422dcdea-7ac7-496a-8d0c-1e8e8a2a9f5b,es,1,False,32,HEADING_WITH_BODY,,es,short_fragment_invalid,"heading_text='es', word_count=1, passage_type=HEADING_WITH_BODY -- isolated token with no body, the same failure signature as the fixed one-character DECORATIVE_OR_FRAGMENT rule in block_classification.py, just one character wider. Lowercase/mixed-case: matches the corpus's observed mid-word bigram-fragment pattern (e.g. 'rs', 'er', 'nt', 'te') -- no plausible legitimate reading.",EXCLUDE
ACT,ccfc1325-dd2d-4f31-af07-f5146a0fdf03,2023,1a51c2af-99b3-42ba-a7d9-bcfde146e50f,es,1,False,32,HEADING_WITH_BODY,,es,short_fragment_invalid,"heading_text='es', word_count=1, passage_type=HEADING_WITH_BODY -- isolated token with no body, the same failure signature as the fixed one-character DECORATIVE_OR_FRAGMENT rule in block_classification.py, just one character wider. Lowercase/mixed-case: matches the corpus's observed mid-word bigram-fragment pattern (e.g. 'rs', 'er', 'nt', 'te') -- no plausible legitimate reading.",EXCLUDE
ACT,ccfc1325-dd2d-4f31-af07-f5146a0fdf03,2023,8ddfa187-76e3-4999-b4fd-8ad7d970c970,gu,1,False,32,HEADING_WITH_BODY,,gu,short_fragment_invalid,"heading_text='gu', word_count=1, passage_type=HEADING_WITH_BODY -- isolated token with no body, the same failure signature as the fixed one-character DECORATIVE_OR_FRAGMENT rule in block_classification.py, just one character wider. Lowercase/mixed-case: matches the corpus's observed mid-word bigram-fragment pattern (e.g. 'rs', 'er', 'nt', 'te') -- no plausible legitimate reading.",EXCLUDE
ACT,ccfc1325-dd2d-4f31-af07-f5146a0fdf03,2023,abc59cf3-aa70-419b-a346-8ebb65fc5784,he,1,False,32,HEADING_WITH_BODY,,he,short_fragment_invalid,"heading_text='he', word_count=1, passage_type=HEADING_WITH_BODY -- isolated token with no body, the same failure signature as the fixed one-character DECORATIVE_OR_FRAGMENT rule in block_classification.py, just one character wider. Lowercase/mixed-case: matches the corpus's observed mid-word bigram-fragment pattern (e.g. 'rs', 'er', 'nt', 'te') -- no plausible legitimate reading.",EXCLUDE
ACT,ccfc1325-dd2d-4f31-af07-f5146a0fdf03,2023,35db3d19-87d1-4cf2-9f05-cfe151b578e3,ie,1,False,32,HEADING_WITH_BODY,,ie,short_fragment_invalid,"heading_text='ie', word_count=1, passage_type=HEADING_WITH_BODY -- isolated token with no body, the same failure signature as the fixed one-character DECORATIVE_OR_FRAGMENT rule in block_classification.py, just one character wider. Lowercase/mixed-case: matches the corpus's observed mid-word bigram-fragment pattern (e.g. 'rs', 'er', 'nt', 'te') -- no plausible legitimate reading.",EXCLUDE
ACT,ccfc1325-dd2d-4f31-af07-f5146a0fdf03,2023,b5a5b65a-7a60-4814-8f96-b7b5591b159e,ie,1,False,32,HEADING_WITH_BODY,,ie,short_fragment_invalid,"heading_text='ie', word_count=1, passage_type=HEADING_WITH_BODY -- isolated token with no body, the same failure signature as the fixed one-character DECORATIVE_OR_FRAGMENT rule in block_classification.py, just one character wider. Lowercase/mixed-case: matches the corpus's observed mid-word bigram-fragment pattern (e.g. 'rs', 'er', 'nt', 'te') -- no plausible legitimate reading.",EXCLUDE
ACT,ccfc1325-dd2d-4f31-af07-f5146a0fdf03,2023,8ac0f67c-049f-45e4-a8b3-8ca12669afb9,la,1,False,32,HEADING_WITH_BODY,,la,short_fragment_invalid,"heading_text='la', word_count=1, passage_type=HEADING_WITH_BODY -- isolated token with no body, the same failure signature as the fixed one-character DECORATIVE_OR_FRAGMENT rule in block_classification.py, just one character wider. Lowercase/mixed-case: matches the corpus's observed mid-word bigram-fragment pattern (e.g. 'rs', 'er', 'nt', 'te') -- no plausible legitimate reading.",EXCLUDE
ACT,ccfc1325-dd2d-4f31-af07-f5146a0fdf03,2023,c8db9446-bbd0-4e5c-a5a3-088b3e70d5d6,me,1,False,32,HEADING_WITH_BODY,,me,short_fragment_invalid,"heading_text='me', word_count=1, passage_type=HEADING_WITH_BODY -- isolated token with no body, the same failure signature as the fixed one-character DECORATIVE_OR_FRAGMENT rule in block_classification.py, just one character wider. Lowercase/mixed-case: matches the corpus's observed mid-word bigram-fragment pattern (e.g. 'rs', 'er', 'nt', 'te') -- no plausible legitimate reading.",EXCLUDE
ACT,ccfc1325-dd2d-4f31-af07-f5146a0fdf03,2023,e63360a5-6228-4248-92ee-f247d07c5e64,nd,1,False,32,HEADING_WITH_BODY,,nd,short_fragment_invalid,"heading_text='nd', word_count=1, passage_type=HEADING_WITH_BODY -- isolated token with no body, the same failure signature as the fixed one-character DECORATIVE_OR_FRAGMENT rule in block_classification.py, just one character wider. Lowercase/mixed-case: matches the corpus's observed mid-word bigram-fragment pattern (e.g. 'rs', 'er', 'nt', 'te') -- no plausible legitimate reading.",EXCLUDE
ACT,ccfc1325-dd2d-4f31-af07-f5146a0fdf03,2023,f2364c60-b513-40bf-b9e5-2da12677488e,ni,1,False,32,HEADING_WITH_BODY,,ni,short_fragment_invalid,"heading_text='ni', word_count=1, passage_type=HEADING_WITH_BODY -- isolated token with no body, the same failure signature as the fixed one-character DECORATIVE_OR_FRAGMENT rule in block_classification.py, just one character wider. Lowercase/mixed-case: matches the corpus's observed mid-word bigram-fragment pattern (e.g. 'rs', 'er', 'nt', 'te') -- no plausible legitimate reading.",EXCLUDE
ACT,ccfc1325-dd2d-4f31-af07-f5146a0fdf03,2023,7ece2a6c-8227-4295-a99c-5bd1eca11ce7,nt,1,False,32,HEADING_WITH_BODY,,nt,short_fragment_invalid,"heading_text='nt', word_count=1, passage_type=HEADING_WITH_BODY -- isolated token with no body, the same failure signature as the fixed one-character DECORATIVE_OR_FRAGMENT rule in block_classification.py, just one character wider. Lowercase/mixed-case: matches the corpus's observed mid-word bigram-fragment pattern (e.g. 'rs', 'er', 'nt', 'te') -- no plausible legitimate reading.",EXCLUDE
ACT,ccfc1325-dd2d-4f31-af07-f5146a0fdf03,2023,6765521a-d8a1-4510-89ec-150375390146,nt,1,False,32,HEADING_WITH_BODY,,nt,short_fragment_invalid,"heading_text='nt', word_count=1, passage_type=HEADING_WITH_BODY -- isolated token with no body, the same failure signature as the fixed one-character DECORATIVE_OR_FRAGMENT rule in block_classification.py, just one character wider. Lowercase/mixed-case: matches the corpus's observed mid-word bigram-fragment pattern (e.g. 'rs', 'er', 'nt', 'te') -- no plausible legitimate reading.",EXCLUDE
ACT,ccfc1325-dd2d-4f31-af07-f5146a0fdf03,2023,0f6eca49-80d5-4fc0-bfc5-6ed5f0e866fe,nv,1,False,32,HEADING_WITH_BODY,,nv,short_fragment_invalid,"heading_text='nv', word_count=1, passage_type=HEADING_WITH_BODY -- isolated token with no body, the same failure signature as the fixed one-character DECORATIVE_OR_FRAGMENT rule in block_classification.py, just one character wider. Lowercase/mixed-case: matches the corpus's observed mid-word bigram-fragment pattern (e.g. 'rs', 'er', 'nt', 'te') -- no plausible legitimate reading.",EXCLUDE
ACT,ccfc1325-dd2d-4f31-af07-f5146a0fdf03,2023,de49d8d2-d642-458e-a17a-cd3c5d8d596e,ok,1,False,32,HEADING_WITH_BODY,,ok,short_fragment_invalid,"heading_text='ok', word_count=1, passage_type=HEADING_WITH_BODY -- isolated token with no body, the same failure signature as the fixed one-character DECORATIVE_OR_FRAGMENT rule in block_classification.py, just one character wider. Lowercase/mixed-case: matches the corpus's observed mid-word bigram-fragment pattern (e.g. 'rs', 'er', 'nt', 'te') -- no plausible legitimate reading.",EXCLUDE
ACT,ccfc1325-dd2d-4f31-af07-f5146a0fdf03,2023,99d6a8cd-a3f2-42ed-8fa2-602e59c02619,ol,1,False,32,HEADING_WITH_BODY,,ol,short_fragment_invalid,"heading_text='ol', word_count=1, passage_type=HEADING_WITH_BODY -- isolated token with no body, the same failure signature as the fixed one-character DECORATIVE_OR_FRAGMENT rule in block_classification.py, just one character wider. Lowercase/mixed-case: matches the corpus's observed mid-word bigram-fragment pattern (e.g. 'rs', 'er', 'nt', 'te') -- no plausible legitimate reading.",EXCLUDE
ACT,ccfc1325-dd2d-4f31-af07-f5146a0fdf03,2023,1d1c11df-bbbd-409f-a255-d89fc2b34b5c,on,1,False,32,HEADING_WITH_BODY,,on,short_fragment_invalid,"heading_text='on', word_count=1, passage_type=HEADING_WITH_BODY -- isolated token with no body, the same failure signature as the fixed one-character DECORATIVE_OR_FRAGMENT rule in block_classification.py, just one character wider. Lowercase/mixed-case: matches the corpus's observed mid-word bigram-fragment pattern (e.g. 'rs', 'er', 'nt', 'te') -- no plausible legitimate reading.",EXCLUDE
ACT,ccfc1325-dd2d-4f31-af07-f5146a0fdf03,2023,56dfab2a-fae1-47f4-be77-82ac2d5b0908,pl,1,False,32,HEADING_WITH_BODY,,pl,short_fragment_invalid,"heading_text='pl', word_count=1, passage_type=HEADING_WITH_BODY -- isolated token with no body, the same failure signature as the fixed one-character DECORATIVE_OR_FRAGMENT rule in block_classification.py, just one character wider. Lowercase/mixed-case: matches the corpus's observed mid-word bigram-fragment pattern (e.g. 'rs', 'er', 'nt', 'te') -- no plausible legitimate reading.",EXCLUDE
ACT,ccfc1325-dd2d-4f31-af07-f5146a0fdf03,2023,1b427fb5-4392-4623-a373-56a20b0bc5cd,rn,1,False,32,HEADING_WITH_BODY,,rn,short_fragment_invalid,"heading_text='rn', word_count=1, passage_type=HEADING_WITH_BODY -- isolated token with no body, the same failure signature as the fixed one-character DECORATIVE_OR_FRAGMENT rule in block_classification.py, just one character wider. Lowercase/mixed-case: matches the corpus's observed mid-word bigram-fragment pattern (e.g. 'rs', 'er', 'nt', 'te') -- no plausible legitimate reading.",EXCLUDE
ACT,ccfc1325-dd2d-4f31-af07-f5146a0fdf03,2023,a84510e7-d27f-42d1-94a6-3a5fd0613d5c,rs,1,False,32,HEADING_WITH_BODY,,rs,short_fragment_invalid,"heading_text='rs', word_count=1, passage_type=HEADING_WITH_BODY -- isolated token with no body, the same failure signature as the fixed one-character DECORATIVE_OR_FRAGMENT rule in block_classification.py, just one character wider. Lowercase/mixed-case: matches the corpus's observed mid-word bigram-fragment pattern (e.g. 'rs', 'er', 'nt', 'te') -- no plausible legitimate reading.",EXCLUDE
ACT,ccfc1325-dd2d-4f31-af07-f5146a0fdf03,2023,0dd1f1be-a3bf-407e-8d2d-1974b774e790,rs,1,False,32,HEADING_WITH_BODY,,rs,short_fragment_invalid,"heading_text='rs', word_count=1, passage_type=HEADING_WITH_BODY -- isolated token with no body, the same failure signature as the fixed one-character DECORATIVE_OR_FRAGMENT rule in block_classification.py, just one character wider. Lowercase/mixed-case: matches the corpus's observed mid-word bigram-fragment pattern (e.g. 'rs', 'er', 'nt', 'te') -- no plausible legitimate reading.",EXCLUDE
ACT,ccfc1325-dd2d-4f31-af07-f5146a0fdf03,2023,c47013f5-74f7-4f18-92b2-0e9c184a9231,rs,1,False,32,HEADING_WITH_BODY,,rs,short_fragment_invalid,"heading_text='rs', word_count=1, passage_type=HEADING_WITH_BODY -- isolated token with no body, the same failure signature as the fixed one-character DECORATIVE_OR_FRAGMENT rule in block_classification.py, just one character wider. Lowercase/mixed-case: matches the corpus's observed mid-word bigram-fragment pattern (e.g. 'rs', 'er', 'nt', 'te') -- no plausible legitimate reading.",EXCLUDE
ACT,ccfc1325-dd2d-4f31-af07-f5146a0fdf03,2023,9b41a938-6ba7-488f-b4be-25eb16c42cf0,rs,1,False,32,HEADING_WITH_BODY,,rs,short_fragment_invalid,"heading_text='rs', word_count=1, passage_type=HEADING_WITH_BODY -- isolated token with no body, the same failure signature as the fixed one-character DECORATIVE_OR_FRAGMENT rule in block_classification.py, just one character wider. Lowercase/mixed-case: matches the corpus's observed mid-word bigram-fragment pattern (e.g. 'rs', 'er', 'nt', 'te') -- no plausible legitimate reading.",EXCLUDE
ACT,ccfc1325-dd2d-4f31-af07-f5146a0fdf03,2023,c441027e-99ab-40b0-9092-7970d1cf0c01,rs,1,False,32,HEADING_WITH_BODY,,rs,short_fragment_invalid,"heading_text='rs', word_count=1, passage_type=HEADING_WITH_BODY -- isolated token with no body, the same failure signature as the fixed one-character DECORATIVE_OR_FRAGMENT rule in block_classification.py, just one character wider. Lowercase/mixed-case: matches the corpus's observed mid-word bigram-fragment pattern (e.g. 'rs', 'er', 'nt', 'te') -- no plausible legitimate reading.",EXCLUDE
ACT,ccfc1325-dd2d-4f31-af07-f5146a0fdf03,2023,16bc4e08-ef77-4471-b148-cf1b83a9b20a,su,1,False,32,HEADING_WITH_BODY,,su,short_fragment_invalid,"heading_text='su', word_count=1, passage_type=HEADING_WITH_BODY -- isolated token with no body, the same failure signature as the fixed one-character DECORATIVE_OR_FRAGMENT rule in block_classification.py, just one character wider. Lowercase/mixed-case: matches the corpus's observed mid-word bigram-fragment pattern (e.g. 'rs', 'er', 'nt', 'te') -- no plausible legitimate reading.",EXCLUDE
ACT,ccfc1325-dd2d-4f31-af07-f5146a0fdf03,2023,7db8fa97-0c89-403b-a2e9-38ffa5f42e90,to,1,False,32,HEADING_WITH_BODY,,to,short_fragment_invalid,"heading_text='to', word_count=1, passage_type=HEADING_WITH_BODY -- isolated token with no body, the same failure signature as the fixed one-character DECORATIVE_OR_FRAGMENT rule in block_classification.py, just one character wider. Lowercase/mixed-case: matches the corpus's observed mid-word bigram-fragment pattern (e.g. 'rs', 'er', 'nt', 'te') -- no plausible legitimate reading.",EXCLUDE
ACT,ccfc1325-dd2d-4f31-af07-f5146a0fdf03,2023,c9cf2453-ffe9-4e86-be98-9d76bbf69d0d,to,1,False,32,HEADING_WITH_BODY,,to,short_fragment_invalid,"heading_text='to', word_count=1, passage_type=HEADING_WITH_BODY -- isolated token with no body, the same failure signature as the fixed one-character DECORATIVE_OR_FRAGMENT rule in block_classification.py, just one character wider. Lowercase/mixed-case: matches the corpus's observed mid-word bigram-fragment pattern (e.g. 'rs', 'er', 'nt', 'te') -- no plausible legitimate reading.",EXCLUDE
ACT,ccfc1325-dd2d-4f31-af07-f5146a0fdf03,2023,768e580b-9d31-4348-98c5-3d4657be97f1,ve,1,False,32,HEADING_WITH_BODY,,ve,short_fragment_invalid,"heading_text='ve', word_count=1, passage_type=HEADING_WITH_BODY -- isolated token with no body, the same failure signature as the fixed one-character DECORATIVE_OR_FRAGMENT rule in block_classification.py, just one character wider. Lowercase/mixed-case: matches the corpus's observed mid-word bigram-fragment pattern (e.g. 'rs', 'er', 'nt', 'te') -- no plausible legitimate reading.",EXCLUDE
ACT,627c643f-cfeb-4d8c-a6aa-cae4f04f54ae,2024,aefef0b1-9bba-4cdf-ac83-4f6e2e157f8c,Br,1,False,34,HEADING_WITH_BODY,,Br,short_fragment_invalid,"heading_text='Br', word_count=1, passage_type=HEADING_WITH_BODY -- isolated token with no body, the same failure signature as the fixed one-character DECORATIVE_OR_FRAGMENT rule in block_classification.py, just one character wider. Lowercase/mixed-case: matches the corpus's observed mid-word bigram-fragment pattern (e.g. 'rs', 'er', 'nt', 'te') -- no plausible legitimate reading.",EXCLUDE
ACT,627c643f-cfeb-4d8c-a6aa-cae4f04f54ae,2024,a12a2e05-d4cc-46c5-a3b9-8155080918c6,Go,1,False,34,HEADING_WITH_BODY,,Go,short_fragment_invalid,"heading_text='Go', word_count=1, passage_type=HEADING_WITH_BODY -- isolated token with no body, the same failure signature as the fixed one-character DECORATIVE_OR_FRAGMENT rule in block_classification.py, just one character wider. Lowercase/mixed-case: matches the corpus's observed mid-word bigram-fragment pattern (e.g. 'rs', 'er', 'nt', 'te') -- no plausible legitimate reading.",EXCLUDE
ACT,627c643f-cfeb-4d8c-a6aa-cae4f04f54ae,2024,2e2395e1-a22e-4c38-a852-d7508df5189e,IC,1,False,41,HEADING_WITH_BODY,,IC,short_fragment_invalid,"heading_text='IC', word_count=1, passage_type=HEADING_WITH_BODY -- isolated token with no body, the same failure signature as the fixed one-character DECORATIVE_OR_FRAGMENT rule in block_classification.py, just one character wider. All-uppercase: plausibly a recurring diagram/table label rather than a mid-word glyph fragment -- retained for human confirmation rather than auto-excluded.",REVIEW
ACT,627c643f-cfeb-4d8c-a6aa-cae4f04f54ae,2024,76ee8477-015d-4358-bfae-0fb352ee44d1,IC,1,False,41,HEADING_WITH_BODY,,IC,short_fragment_invalid,"heading_text='IC', word_count=1, passage_type=HEADING_WITH_BODY -- isolated token with no body, the same failure signature as the fixed one-character DECORATIVE_OR_FRAGMENT rule in block_classification.py, just one character wider. All-uppercase: plausibly a recurring diagram/table label rather than a mid-word glyph fragment -- retained for human confirmation rather than auto-excluded.",REVIEW
ACT,627c643f-cfeb-4d8c-a6aa-cae4f04f54ae,2024,8073e34a-c817-43d2-8bfe-1faf2d2151e1,In,1,False,34,HEADING_WITH_BODY,,In,short_fragment_invalid,"heading_text='In', word_count=1, passage_type=HEADING_WITH_BODY -- isolated token with no body, the same failure signature as the fixed one-character DECORATIVE_OR_FRAGMENT rule in block_classification.py, just one character wider. Lowercase/mixed-case: matches the corpus's observed mid-word bigram-fragment pattern (e.g. 'rs', 'er', 'nt', 'te') -- no plausible legitimate reading.",EXCLUDE
ACT,627c643f-cfeb-4d8c-a6aa-cae4f04f54ae,2024,f756ffaf-e006-498b-8553-2ba3d9d34240,NC,1,False,102,HEADING_WITH_BODY,,NC,short_fragment_invalid,"heading_text='NC', word_count=1, passage_type=HEADING_WITH_BODY -- isolated token with no body, the same failure signature as the fixed one-character DECORATIVE_OR_FRAGMENT rule in block_classification.py, just one character wider. All-uppercase: plausibly a recurring diagram/table label rather than a mid-word glyph fragment -- retained for human confirmation rather than auto-excluded.",REVIEW
ACT,627c643f-cfeb-4d8c-a6aa-cae4f04f54ae,2024,37ecd039-db66-4f5c-a97f-7e105c989c57,Re,1,False,34,HEADING_WITH_BODY,,Re,short_fragment_invalid,"heading_text='Re', word_count=1, passage_type=HEADING_WITH_BODY -- isolated token with no body, the same failure signature as the fixed one-character DECORATIVE_OR_FRAGMENT rule in block_classification.py, just one character wider. Lowercase/mixed-case: matches the corpus's observed mid-word bigram-fragment pattern (e.g. 'rs', 'er', 'nt', 'te') -- no plausible legitimate reading.",EXCLUDE
ACT,627c643f-cfeb-4d8c-a6aa-cae4f04f54ae,2024,0942a3d3-10b5-4c4e-89b3-21743f24fbb9,Sc,1,False,34,HEADING_WITH_BODY,,Sc,short_fragment_invalid,"heading_text='Sc', word_count=1, passage_type=HEADING_WITH_BODY -- isolated token with no body, the same failure signature as the fixed one-character DECORATIVE_OR_FRAGMENT rule in block_classification.py, just one character wider. Lowercase/mixed-case: matches the corpus's observed mid-word bigram-fragment pattern (e.g. 'rs', 'er', 'nt', 'te') -- no plausible legitimate reading.",EXCLUDE
ACT,627c643f-cfeb-4d8c-a6aa-cae4f04f54ae,2024,3bb418b6-8594-4496-867a-a92c19a1c508,Sh,1,False,34,HEADING_WITH_BODY,,Sh,short_fragment_invalid,"heading_text='Sh', word_count=1, passage_type=HEADING_WITH_BODY -- isolated token with no body, the same failure signature as the fixed one-character DECORATIVE_OR_FRAGMENT rule in block_classification.py, just one character wider. Lowercase/mixed-case: matches the corpus's observed mid-word bigram-fragment pattern (e.g. 'rs', 'er', 'nt', 'te') -- no plausible legitimate reading.",EXCLUDE
ACT,627c643f-cfeb-4d8c-a6aa-cae4f04f54ae,2024,c8670212-f46e-4b7e-98b5-a725cdd589b4,Tr,1,False,34,HEADING_WITH_BODY,,Tr,short_fragment_invalid,"heading_text='Tr', word_count=1, passage_type=HEADING_WITH_BODY -- isolated token with no body, the same failure signature as the fixed one-character DECORATIVE_OR_FRAGMENT rule in block_classification.py, just one character wider. Lowercase/mixed-case: matches the corpus's observed mid-word bigram-fragment pattern (e.g. 'rs', 'er', 'nt', 'te') -- no plausible legitimate reading.",EXCLUDE
ACT,627c643f-cfeb-4d8c-a6aa-cae4f04f54ae,2024,89bdef0c-0f5a-465c-b916-c9bb75ac59e9,Tr,1,False,34,HEADING_WITH_BODY,,Tr,short_fragment_invalid,"heading_text='Tr', word_count=1, passage_type=HEADING_WITH_BODY -- isolated token with no body, the same failure signature as the fixed one-character DECORATIVE_OR_FRAGMENT rule in block_classification.py, just one character wider. Lowercase/mixed-case: matches the corpus's observed mid-word bigram-fragment pattern (e.g. 'rs', 'er', 'nt', 'te') -- no plausible legitimate reading.",EXCLUDE
ACT,627c643f-cfeb-4d8c-a6aa-cae4f04f54ae,2024,63c545c9-be95-404e-8160-0973a5641bb1,ad,1,False,34,HEADING_WITH_BODY,,ad,short_fragment_invalid,"heading_text='ad', word_count=1, passage_type=HEADING_WITH_BODY -- isolated token with no body, the same failure signature as the fixed one-character DECORATIVE_OR_FRAGMENT rule in block_classification.py, just one character wider. Lowercase/mixed-case: matches the corpus's observed mid-word bigram-fragment pattern (e.g. 'rs', 'er', 'nt', 'te') -- no plausible legitimate reading.",EXCLUDE
ACT,627c643f-cfeb-4d8c-a6aa-cae4f04f54ae,2024,3acac0d8-b896-4cbc-83da-29c1aa36b39c,ad,1,False,34,HEADING_WITH_BODY,,ad,short_fragment_invalid,"heading_text='ad', word_count=1, passage_type=HEADING_WITH_BODY -- isolated token with no body, the same failure signature as the fixed one-character DECORATIVE_OR_FRAGMENT rule in block_classification.py, just one character wider. Lowercase/mixed-case: matches the corpus's observed mid-word bigram-fragment pattern (e.g. 'rs', 'er', 'nt', 'te') -- no plausible legitimate reading.",EXCLUDE
ACT,627c643f-cfeb-4d8c-a6aa-cae4f04f54ae,2024,862efbb0-ef88-4a2f-a51a-3eca4fe38355,ar,1,False,34,HEADING_WITH_BODY,,ar,short_fragment_invalid,"heading_text='ar', word_count=1, passage_type=HEADING_WITH_BODY -- isolated token with no body, the same failure signature as the fixed one-character DECORATIVE_OR_FRAGMENT rule in block_classification.py, just one character wider. Lowercase/mixed-case: matches the corpus's observed mid-word bigram-fragment pattern (e.g. 'rs', 'er', 'nt', 'te') -- no plausible legitimate reading.",EXCLUDE
ACT,627c643f-cfeb-4d8c-a6aa-cae4f04f54ae,2024,54316eef-8f2b-4d8d-89d3-e4f726c39598,be,1,False,34,HEADING_WITH_BODY,,be,short_fragment_invalid,"heading_text='be', word_count=1, passage_type=HEADING_WITH_BODY -- isolated token with no body, the same failure signature as the fixed one-character DECORATIVE_OR_FRAGMENT rule in block_classification.py, just one character wider. Lowercase/mixed-case: matches the corpus's observed mid-word bigram-fragment pattern (e.g. 'rs', 'er', 'nt', 'te') -- no plausible legitimate reading.",EXCLUDE
ACT,627c643f-cfeb-4d8c-a6aa-cae4f04f54ae,2024,c88255f2-db98-425f-bb94-f3bd388ebd54,bo,1,False,34,HEADING_WITH_BODY,,bo,short_fragment_invalid,"heading_text='bo', word_count=1, passage_type=HEADING_WITH_BODY -- isolated token with no body, the same failure signature as the fixed one-character DECORATIVE_OR_FRAGMENT rule in block_classification.py, just one character wider. Lowercase/mixed-case: matches the corpus's observed mid-word bigram-fragment pattern (e.g. 'rs', 'er', 'nt', 'te') -- no plausible legitimate reading.",EXCLUDE
ACT,627c643f-cfeb-4d8c-a6aa-cae4f04f54ae,2024,28c85301-592d-4fbb-a6c9-73f113f0b2f6,de,1,False,34,HEADING_WITH_BODY,,de,short_fragment_invalid,"heading_text='de', word_count=1, passage_type=HEADING_WITH_BODY -- isolated token with no body, the same failure signature as the fixed one-character DECORATIVE_OR_FRAGMENT rule in block_classification.py, just one character wider. Lowercase/mixed-case: matches the corpus's observed mid-word bigram-fragment pattern (e.g. 'rs', 'er', 'nt', 'te') -- no plausible legitimate reading.",EXCLUDE
ACT,627c643f-cfeb-4d8c-a6aa-cae4f04f54ae,2024,7c519b05-1258-46dc-877b-7d0d3482577c,du,1,False,34,HEADING_WITH_BODY,,du,short_fragment_invalid,"heading_text='du', word_count=1, passage_type=HEADING_WITH_BODY -- isolated token with no body, the same failure signature as the fixed one-character DECORATIVE_OR_FRAGMENT rule in block_classification.py, just one character wider. Lowercase/mixed-case: matches the corpus's observed mid-word bigram-fragment pattern (e.g. 'rs', 'er', 'nt', 'te') -- no plausible legitimate reading.",EXCLUDE
ACT,627c643f-cfeb-4d8c-a6aa-cae4f04f54ae,2024,6ae09ce5-5b76-4f80-91cf-d2cd1c961800,eh,1,False,34,HEADING_WITH_BODY,,eh,short_fragment_invalid,"heading_text='eh', word_count=1, passage_type=HEADING_WITH_BODY -- isolated token with no body, the same failure signature as the fixed one-character DECORATIVE_OR_FRAGMENT rule in block_classification.py, just one character wider. Lowercase/mixed-case: matches the corpus's observed mid-word bigram-fragment pattern (e.g. 'rs', 'er', 'nt', 'te') -- no plausible legitimate reading.",EXCLUDE
ACT,627c643f-cfeb-4d8c-a6aa-cae4f04f54ae,2024,83e7678d-98ef-43e4-b566-53ab47c681d9,er,1,False,34,HEADING_WITH_BODY,,er,short_fragment_invalid,"heading_text='er', word_count=1, passage_type=HEADING_WITH_BODY -- isolated token with no body, the same failure signature as the fixed one-character DECORATIVE_OR_FRAGMENT rule in block_classification.py, just one character wider. Lowercase/mixed-case: matches the corpus's observed mid-word bigram-fragment pattern (e.g. 'rs', 'er', 'nt', 'te') -- no plausible legitimate reading.",EXCLUDE
ACT,627c643f-cfeb-4d8c-a6aa-cae4f04f54ae,2024,cd231d06-27c1-4e06-9897-fb3b2dbb5ba8,es,1,False,34,HEADING_WITH_BODY,,es,short_fragment_invalid,"heading_text='es', word_count=1, passage_type=HEADING_WITH_BODY -- isolated token with no body, the same failure signature as the fixed one-character DECORATIVE_OR_FRAGMENT rule in block_classification.py, just one character wider. Lowercase/mixed-case: matches the corpus's observed mid-word bigram-fragment pattern (e.g. 'rs', 'er', 'nt', 'te') -- no plausible legitimate reading.",EXCLUDE
ACT,627c643f-cfeb-4d8c-a6aa-cae4f04f54ae,2024,0d5f9805-e160-4cd1-88f6-f8a8768b7426,gu,1,False,34,HEADING_WITH_BODY,,gu,short_fragment_invalid,"heading_text='gu', word_count=1, passage_type=HEADING_WITH_BODY -- isolated token with no body, the same failure signature as the fixed one-character DECORATIVE_OR_FRAGMENT rule in block_classification.py, just one character wider. Lowercase/mixed-case: matches the corpus's observed mid-word bigram-fragment pattern (e.g. 'rs', 'er', 'nt', 'te') -- no plausible legitimate reading.",EXCLUDE
ACT,627c643f-cfeb-4d8c-a6aa-cae4f04f54ae,2024,bece4de5-a36f-4602-aec2-00ac732cdbc2,he,1,False,34,HEADING_WITH_BODY,,he,short_fragment_invalid,"heading_text='he', word_count=1, passage_type=HEADING_WITH_BODY -- isolated token with no body, the same failure signature as the fixed one-character DECORATIVE_OR_FRAGMENT rule in block_classification.py, just one character wider. Lowercase/mixed-case: matches the corpus's observed mid-word bigram-fragment pattern (e.g. 'rs', 'er', 'nt', 'te') -- no plausible legitimate reading.",EXCLUDE
ACT,627c643f-cfeb-4d8c-a6aa-cae4f04f54ae,2024,479068e6-88b6-461d-9682-54e13ec15b50,ie,1,False,34,HEADING_WITH_BODY,,ie,short_fragment_invalid,"heading_text='ie', word_count=1, passage_type=HEADING_WITH_BODY -- isolated token with no body, the same failure signature as the fixed one-character DECORATIVE_OR_FRAGMENT rule in block_classification.py, just one character wider. Lowercase/mixed-case: matches the corpus's observed mid-word bigram-fragment pattern (e.g. 'rs', 'er', 'nt', 'te') -- no plausible legitimate reading.",EXCLUDE
ACT,627c643f-cfeb-4d8c-a6aa-cae4f04f54ae,2024,13c4ce5b-7a65-4eea-899e-777e9a735c89,ie,1,False,34,HEADING_WITH_BODY,,ie,short_fragment_invalid,"heading_text='ie', word_count=1, passage_type=HEADING_WITH_BODY -- isolated token with no body, the same failure signature as the fixed one-character DECORATIVE_OR_FRAGMENT rule in block_classification.py, just one character wider. Lowercase/mixed-case: matches the corpus's observed mid-word bigram-fragment pattern (e.g. 'rs', 'er', 'nt', 'te') -- no plausible legitimate reading.",EXCLUDE
ACT,627c643f-cfeb-4d8c-a6aa-cae4f04f54ae,2024,8fa6c240-b90d-459d-b642-bcededfc8ed5,la,1,False,34,HEADING_WITH_BODY,,la,short_fragment_invalid,"heading_text='la', word_count=1, passage_type=HEADING_WITH_BODY -- isolated token with no body, the same failure signature as the fixed one-character DECORATIVE_OR_FRAGMENT rule in block_classification.py, just one character wider. Lowercase/mixed-case: matches the corpus's observed mid-word bigram-fragment pattern (e.g. 'rs', 'er', 'nt', 'te') -- no plausible legitimate reading.",EXCLUDE
ACT,627c643f-cfeb-4d8c-a6aa-cae4f04f54ae,2024,675f5aa9-8183-4014-bcee-6246fefbda41,me,1,False,34,HEADING_WITH_BODY,,me,short_fragment_invalid,"heading_text='me', word_count=1, passage_type=HEADING_WITH_BODY -- isolated token with no body, the same failure signature as the fixed one-character DECORATIVE_OR_FRAGMENT rule in block_classification.py, just one character wider. Lowercase/mixed-case: matches the corpus's observed mid-word bigram-fragment pattern (e.g. 'rs', 'er', 'nt', 'te') -- no plausible legitimate reading.",EXCLUDE
ACT,627c643f-cfeb-4d8c-a6aa-cae4f04f54ae,2024,deb88a36-b618-4159-a82b-400fc58510c8,nd,1,False,34,HEADING_WITH_BODY,,nd,short_fragment_invalid,"heading_text='nd', word_count=1, passage_type=HEADING_WITH_BODY -- isolated token with no body, the same failure signature as the fixed one-character DECORATIVE_OR_FRAGMENT rule in block_classification.py, just one character wider. Lowercase/mixed-case: matches the corpus's observed mid-word bigram-fragment pattern (e.g. 'rs', 'er', 'nt', 'te') -- no plausible legitimate reading.",EXCLUDE
ACT,627c643f-cfeb-4d8c-a6aa-cae4f04f54ae,2024,cd2ec54d-24a5-42f6-813c-7e8c8bb2c9f9,ni,1,False,34,HEADING_WITH_BODY,,ni,short_fragment_invalid,"heading_text='ni', word_count=1, passage_type=HEADING_WITH_BODY -- isolated token with no body, the same failure signature as the fixed one-character DECORATIVE_OR_FRAGMENT rule in block_classification.py, just one character wider. Lowercase/mixed-case: matches the corpus's observed mid-word bigram-fragment pattern (e.g. 'rs', 'er', 'nt', 'te') -- no plausible legitimate reading.",EXCLUDE
ACT,627c643f-cfeb-4d8c-a6aa-cae4f04f54ae,2024,d2a66a89-b099-4168-a5c3-ccb87f009907,ns,1,False,34,HEADING_WITH_BODY,,ns,short_fragment_invalid,"heading_text='ns', word_count=1, passage_type=HEADING_WITH_BODY -- isolated token with no body, the same failure signature as the fixed one-character DECORATIVE_OR_FRAGMENT rule in block_classification.py, just one character wider. Lowercase/mixed-case: matches the corpus's observed mid-word bigram-fragment pattern (e.g. 'rs', 'er', 'nt', 'te') -- no plausible legitimate reading.",EXCLUDE
ACT,627c643f-cfeb-4d8c-a6aa-cae4f04f54ae,2024,653d3d9e-c96f-48bc-a7f2-c39352b63441,nt,1,False,34,HEADING_WITH_BODY,,nt,short_fragment_invalid,"heading_text='nt', word_count=1, passage_type=HEADING_WITH_BODY -- isolated token with no body, the same failure signature as the fixed one-character DECORATIVE_OR_FRAGMENT rule in block_classification.py, just one character wider. Lowercase/mixed-case: matches the corpus's observed mid-word bigram-fragment pattern (e.g. 'rs', 'er', 'nt', 'te') -- no plausible legitimate reading.",EXCLUDE
ACT,627c643f-cfeb-4d8c-a6aa-cae4f04f54ae,2024,f7929f4b-2eb4-4bc8-8b84-3fd68bb5ba7c,nv,1,False,34,HEADING_WITH_BODY,,nv,short_fragment_invalid,"heading_text='nv', word_count=1, passage_type=HEADING_WITH_BODY -- isolated token with no body, the same failure signature as the fixed one-character DECORATIVE_OR_FRAGMENT rule in block_classification.py, just one character wider. Lowercase/mixed-case: matches the corpus's observed mid-word bigram-fragment pattern (e.g. 'rs', 'er', 'nt', 'te') -- no plausible legitimate reading.",EXCLUDE
ACT,627c643f-cfeb-4d8c-a6aa-cae4f04f54ae,2024,d6e0b35e-2b85-44de-bf83-0d65fff5c7b0,ok,1,False,34,HEADING_WITH_BODY,,ok,short_fragment_invalid,"heading_text='ok', word_count=1, passage_type=HEADING_WITH_BODY -- isolated token with no body, the same failure signature as the fixed one-character DECORATIVE_OR_FRAGMENT rule in block_classification.py, just one character wider. Lowercase/mixed-case: matches the corpus's observed mid-word bigram-fragment pattern (e.g. 'rs', 'er', 'nt', 'te') -- no plausible legitimate reading.",EXCLUDE
ACT,627c643f-cfeb-4d8c-a6aa-cae4f04f54ae,2024,39672cc8-f72d-41be-8649-20a325838b05,ol,1,False,34,HEADING_WITH_BODY,,ol,short_fragment_invalid,"heading_text='ol', word_count=1, passage_type=HEADING_WITH_BODY -- isolated token with no body, the same failure signature as the fixed one-character DECORATIVE_OR_FRAGMENT rule in block_classification.py, just one character wider. Lowercase/mixed-case: matches the corpus's observed mid-word bigram-fragment pattern (e.g. 'rs', 'er', 'nt', 'te') -- no plausible legitimate reading.",EXCLUDE
ACT,627c643f-cfeb-4d8c-a6aa-cae4f04f54ae,2024,948900e8-9f49-4b37-b89e-7fc40d6734ff,pl,1,False,34,HEADING_WITH_BODY,,pl,short_fragment_invalid,"heading_text='pl', word_count=1, passage_type=HEADING_WITH_BODY -- isolated token with no body, the same failure signature as the fixed one-character DECORATIVE_OR_FRAGMENT rule in block_classification.py, just one character wider. Lowercase/mixed-case: matches the corpus's observed mid-word bigram-fragment pattern (e.g. 'rs', 'er', 'nt', 'te') -- no plausible legitimate reading.",EXCLUDE
ACT,627c643f-cfeb-4d8c-a6aa-cae4f04f54ae,2024,eadc76ff-c25e-423d-b13a-348646aeb216,rn,1,False,34,HEADING_WITH_BODY,,rn,short_fragment_invalid,"heading_text='rn', word_count=1, passage_type=HEADING_WITH_BODY -- isolated token with no body, the same failure signature as the fixed one-character DECORATIVE_OR_FRAGMENT rule in block_classification.py, just one character wider. Lowercase/mixed-case: matches the corpus's observed mid-word bigram-fragment pattern (e.g. 'rs', 'er', 'nt', 'te') -- no plausible legitimate reading.",EXCLUDE
ACT,627c643f-cfeb-4d8c-a6aa-cae4f04f54ae,2024,05e20516-823c-4d5e-9688-4f870875d9ec,rs,1,False,34,HEADING_WITH_BODY,,rs,short_fragment_invalid,"heading_text='rs', word_count=1, passage_type=HEADING_WITH_BODY -- isolated token with no body, the same failure signature as the fixed one-character DECORATIVE_OR_FRAGMENT rule in block_classification.py, just one character wider. Lowercase/mixed-case: matches the corpus's observed mid-word bigram-fragment pattern (e.g. 'rs', 'er', 'nt', 'te') -- no plausible legitimate reading.",EXCLUDE
ACT,627c643f-cfeb-4d8c-a6aa-cae4f04f54ae,2024,8707e096-703c-4a16-9c1d-c3eabe48aab9,rs,1,False,34,HEADING_WITH_BODY,,rs,short_fragment_invalid,"heading_text='rs', word_count=1, passage_type=HEADING_WITH_BODY -- isolated token with no body, the same failure signature as the fixed one-character DECORATIVE_OR_FRAGMENT rule in block_classification.py, just one character wider. Lowercase/mixed-case: matches the corpus's observed mid-word bigram-fragment pattern (e.g. 'rs', 'er', 'nt', 'te') -- no plausible legitimate reading.",EXCLUDE
ACT,627c643f-cfeb-4d8c-a6aa-cae4f04f54ae,2024,51fef4f0-a185-4bdd-842a-f2a2ec4370c7,rs,1,False,34,HEADING_WITH_BODY,,rs,short_fragment_invalid,"heading_text='rs', word_count=1, passage_type=HEADING_WITH_BODY -- isolated token with no body, the same failure signature as the fixed one-character DECORATIVE_OR_FRAGMENT rule in block_classification.py, just one character wider. Lowercase/mixed-case: matches the corpus's observed mid-word bigram-fragment pattern (e.g. 'rs', 'er', 'nt', 'te') -- no plausible legitimate reading.",EXCLUDE
ACT,627c643f-cfeb-4d8c-a6aa-cae4f04f54ae,2024,2fc80244-ab64-4250-ab2e-7c80197011c2,rs,1,False,34,HEADING_WITH_BODY,,rs,short_fragment_invalid,"heading_text='rs', word_count=1, passage_type=HEADING_WITH_BODY -- isolated token with no body, the same failure signature as the fixed one-character DECORATIVE_OR_FRAGMENT rule in block_classification.py, just one character wider. Lowercase/mixed-case: matches the corpus's observed mid-word bigram-fragment pattern (e.g. 'rs', 'er', 'nt', 'te') -- no plausible legitimate reading.",EXCLUDE
ACT,627c643f-cfeb-4d8c-a6aa-cae4f04f54ae,2024,d66a3063-ee09-4128-9d87-39fc4723e6be,rs,1,False,34,HEADING_WITH_BODY,,rs,short_fragment_invalid,"heading_text='rs', word_count=1, passage_type=HEADING_WITH_BODY -- isolated token with no body, the same failure signature as the fixed one-character DECORATIVE_OR_FRAGMENT rule in block_classification.py, just one character wider. Lowercase/mixed-case: matches the corpus's observed mid-word bigram-fragment pattern (e.g. 'rs', 'er', 'nt', 'te') -- no plausible legitimate reading.",EXCLUDE
ACT,627c643f-cfeb-4d8c-a6aa-cae4f04f54ae,2024,d0a3694d-db9d-4128-b97d-0b2600ea8eae,ry,1,False,34,HEADING_WITH_BODY,,ry,short_fragment_invalid,"heading_text='ry', word_count=1, passage_type=HEADING_WITH_BODY -- isolated token with no body, the same failure signature as the fixed one-character DECORATIVE_OR_FRAGMENT rule in block_classification.py, just one character wider. Lowercase/mixed-case: matches the corpus's observed mid-word bigram-fragment pattern (e.g. 'rs', 'er', 'nt', 'te') -- no plausible legitimate reading.",EXCLUDE
ACT,627c643f-cfeb-4d8c-a6aa-cae4f04f54ae,2024,58f9bf88-a245-4f7e-8c2f-37c28b8780d3,st,1,False,34,HEADING_WITH_BODY,,st,short_fragment_invalid,"heading_text='st', word_count=1, passage_type=HEADING_WITH_BODY -- isolated token with no body, the same failure signature as the fixed one-character DECORATIVE_OR_FRAGMENT rule in block_classification.py, just one character wider. Lowercase/mixed-case: matches the corpus's observed mid-word bigram-fragment pattern (e.g. 'rs', 'er', 'nt', 'te') -- no plausible legitimate reading.",EXCLUDE
ACT,627c643f-cfeb-4d8c-a6aa-cae4f04f54ae,2024,d5ba409d-731f-468f-a421-f1d90ab515fe,su,1,False,34,HEADING_WITH_BODY,,su,short_fragment_invalid,"heading_text='su', word_count=1, passage_type=HEADING_WITH_BODY -- isolated token with no body, the same failure signature as the fixed one-character DECORATIVE_OR_FRAGMENT rule in block_classification.py, just one character wider. Lowercase/mixed-case: matches the corpus's observed mid-word bigram-fragment pattern (e.g. 'rs', 'er', 'nt', 'te') -- no plausible legitimate reading.",EXCLUDE
ACT,627c643f-cfeb-4d8c-a6aa-cae4f04f54ae,2024,ad8d0a65-82fa-4b93-99a0-9ecbcf9227af,to,1,False,34,HEADING_WITH_BODY,,to,short_fragment_invalid,"heading_text='to', word_count=1, passage_type=HEADING_WITH_BODY -- isolated token with no body, the same failure signature as the fixed one-character DECORATIVE_OR_FRAGMENT rule in block_classification.py, just one character wider. Lowercase/mixed-case: matches the corpus's observed mid-word bigram-fragment pattern (e.g. 'rs', 'er', 'nt', 'te') -- no plausible legitimate reading.",EXCLUDE
ACT,627c643f-cfeb-4d8c-a6aa-cae4f04f54ae,2024,b852d1e3-e36f-444e-b980-6bdb50ac155e,to,1,False,34,HEADING_WITH_BODY,,to,short_fragment_invalid,"heading_text='to', word_count=1, passage_type=HEADING_WITH_BODY -- isolated token with no body, the same failure signature as the fixed one-character DECORATIVE_OR_FRAGMENT rule in block_classification.py, just one character wider. Lowercase/mixed-case: matches the corpus's observed mid-word bigram-fragment pattern (e.g. 'rs', 'er', 'nt', 'te') -- no plausible legitimate reading.",EXCLUDE
ACT,627c643f-cfeb-4d8c-a6aa-cae4f04f54ae,2024,2388789b-15b1-4023-b268-cd8e0eb5ae10,ts,1,False,32,HEADING_WITH_BODY,,ts,short_fragment_invalid,"heading_text='ts', word_count=1, passage_type=HEADING_WITH_BODY -- isolated token with no body, the same failure signature as the fixed one-character DECORATIVE_OR_FRAGMENT rule in block_classification.py, just one character wider. Lowercase/mixed-case: matches the corpus's observed mid-word bigram-fragment pattern (e.g. 'rs', 'er', 'nt', 'te') -- no plausible legitimate reading.",EXCLUDE
ACT,627c643f-cfeb-4d8c-a6aa-cae4f04f54ae,2024,d19c735b-c83b-406c-a700-335c053aa90d,ve,1,False,34,HEADING_WITH_BODY,,ve,short_fragment_invalid,"heading_text='ve', word_count=1, passage_type=HEADING_WITH_BODY -- isolated token with no body, the same failure signature as the fixed one-character DECORATIVE_OR_FRAGMENT rule in block_classification.py, just one character wider. Lowercase/mixed-case: matches the corpus's observed mid-word bigram-fragment pattern (e.g. 'rs', 'er', 'nt', 'te') -- no plausible legitimate reading.",EXCLUDE
BEL,5e143d2c-c26b-4d8f-bdd2-8c77fa9621fb,2018,05c7a678-2c2d-40be-baa3-fdb0cf64003e,US,1,False,62,HEADING_WITH_BODY,,US,short_fragment_invalid,"heading_text='US', word_count=1, passage_type=HEADING_WITH_BODY -- isolated token with no body, the same failure signature as the fixed one-character DECORATIVE_OR_FRAGMENT rule in block_classification.py, just one character wider. All-uppercase: plausibly a recurring diagram/table label rather than a mid-word glyph fragment -- retained for human confirmation rather than auto-excluded.",REVIEW
BEL,224ac57d-bedf-4268-a773-9184fb8605d9,2019,6e35ac61-f410-4748-98b9-8d162813e165,SA,1,False,27,HEADING_WITH_BODY,,SA,short_fragment_invalid,"heading_text='SA', word_count=1, passage_type=HEADING_WITH_BODY -- isolated token with no body, the same failure signature as the fixed one-character DECORATIVE_OR_FRAGMENT rule in block_classification.py, just one character wider. All-uppercase: plausibly a recurring diagram/table label rather than a mid-word glyph fragment -- retained for human confirmation rather than auto-excluded.",REVIEW
BEL,30230fbf-6933-4049-a5bd-ca6927a76349,2020,dcfeb092-23de-474e-9a2b-bb9cc3dfc2b4,SA,1,False,29,HEADING_WITH_BODY,,SA,short_fragment_invalid,"heading_text='SA', word_count=1, passage_type=HEADING_WITH_BODY -- isolated token with no body, the same failure signature as the fixed one-character DECORATIVE_OR_FRAGMENT rule in block_classification.py, just one character wider. All-uppercase: plausibly a recurring diagram/table label rather than a mid-word glyph fragment -- retained for human confirmation rather than auto-excluded.",REVIEW
BEL,30230fbf-6933-4049-a5bd-ca6927a76349,2020,4e193aec-2c4e-40c0-8dea-12c3d9e6943c,SA,1,False,52,HEADING_WITH_BODY,,SA,short_fragment_invalid,"heading_text='SA', word_count=1, passage_type=HEADING_WITH_BODY -- isolated token with no body, the same failure signature as the fixed one-character DECORATIVE_OR_FRAGMENT rule in block_classification.py, just one character wider. All-uppercase: plausibly a recurring diagram/table label rather than a mid-word glyph fragment -- retained for human confirmation rather than auto-excluded.",REVIEW
KP2,5c665d1e-a960-435d-ad3f-6053ff31aae7,2022,c40947de-83e8-46b4-835d-294a10ec2839,ed,1,False,65,HEADING_WITH_BODY,,ed,short_fragment_invalid,"heading_text='ed', word_count=1, passage_type=HEADING_WITH_BODY -- isolated token with no body, the same failure signature as the fixed one-character DECORATIVE_OR_FRAGMENT rule in block_classification.py, just one character wider. Lowercase/mixed-case: matches the corpus's observed mid-word bigram-fragment pattern (e.g. 'rs', 'er', 'nt', 'te') -- no plausible legitimate reading.",EXCLUDE
KP2,15fb5b0d-cb2a-4633-8851-a31c37abe2f1,2023,4d9a3643-9cf8-42bb-be25-c19d06d6b12e,ed,1,False,59,HEADING_WITH_BODY,,ed,short_fragment_invalid,"heading_text='ed', word_count=1, passage_type=HEADING_WITH_BODY -- isolated token with no body, the same failure signature as the fixed one-character DECORATIVE_OR_FRAGMENT rule in block_classification.py, just one character wider. Lowercase/mixed-case: matches the corpus's observed mid-word bigram-fragment pattern (e.g. 'rs', 'er', 'nt', 'te') -- no plausible legitimate reading.",EXCLUDE
KP2,8ac44907-16b3-41be-b0aa-a2047f51d366,2024,909f81a2-9880-4947-93a4-5cc80fff5e68,No,1,False,67,HEADING_WITH_BODY,,No,short_fragment_invalid,"heading_text='No', word_count=1, passage_type=HEADING_WITH_BODY -- isolated token with no body, the same failure signature as the fixed one-character DECORATIVE_OR_FRAGMENT rule in block_classification.py, just one character wider. Lowercase/mixed-case: matches the corpus's observed mid-word bigram-fragment pattern (e.g. 'rs', 'er', 'nt', 'te') -- no plausible legitimate reading.",EXCLUDE
KP2,8ac44907-16b3-41be-b0aa-a2047f51d366,2024,3ba5ce09-e1e4-4ce2-95bc-46d7745c7b59,es,1,False,19,HEADING_WITH_BODY,,es,short_fragment_invalid,"heading_text='es', word_count=1, passage_type=HEADING_WITH_BODY -- isolated token with no body, the same failure signature as the fixed one-character DECORATIVE_OR_FRAGMENT rule in block_classification.py, just one character wider. Lowercase/mixed-case: matches the corpus's observed mid-word bigram-fragment pattern (e.g. 'rs', 'er', 'nt', 'te') -- no plausible legitimate reading.",EXCLUDE
KP2,8ac44907-16b3-41be-b0aa-a2047f51d366,2024,012ce84b-4631-45d1-97df-c6762dcd2198,es,1,False,19,HEADING_WITH_BODY,,es,short_fragment_invalid,"heading_text='es', word_count=1, passage_type=HEADING_WITH_BODY -- isolated token with no body, the same failure signature as the fixed one-character DECORATIVE_OR_FRAGMENT rule in block_classification.py, just one character wider. Lowercase/mixed-case: matches the corpus's observed mid-word bigram-fragment pattern (e.g. 'rs', 'er', 'nt', 'te') -- no plausible legitimate reading.",EXCLUDE
SUR,e963ada9-264f-493c-8877-ced57861c1da,2023,8bc75fa7-aee4-4edb-949d-f24584589e6a,AL,1,False,48,HEADING_WITH_BODY,,AL,short_fragment_invalid,"heading_text='AL', word_count=1, passage_type=HEADING_WITH_BODY -- isolated token with no body, the same failure signature as the fixed one-character DECORATIVE_OR_FRAGMENT rule in block_classification.py, just one character wider. All-uppercase: plausibly a recurring diagram/table label rather than a mid-word glyph fragment -- retained for human confirmation rather than auto-excluded.",REVIEW
SUR,e963ada9-264f-493c-8877-ced57861c1da,2023,ba5615a0-3aeb-43f6-b31d-9040cc83f399,AL,1,False,48,HEADING_WITH_BODY,,AL,short_fragment_invalid,"heading_text='AL', word_count=1, passage_type=HEADING_WITH_BODY -- isolated token with no body, the same failure signature as the fixed one-character DECORATIVE_OR_FRAGMENT rule in block_classification.py, just one character wider. All-uppercase: plausibly a recurring diagram/table label rather than a mid-word glyph fragment -- retained for human confirmation rather than auto-excluded.",REVIEW
SUR,e963ada9-264f-493c-8877-ced57861c1da,2023,66560a7d-979f-47d4-bea5-848416f6cb1a,AN,1,False,48,HEADING_WITH_BODY,,AN,short_fragment_invalid,"heading_text='AN', word_count=1, passage_type=HEADING_WITH_BODY -- isolated token with no body, the same failure signature as the fixed one-character DECORATIVE_OR_FRAGMENT rule in block_classification.py, just one character wider. All-uppercase: plausibly a recurring diagram/table label rather than a mid-word glyph fragment -- retained for human confirmation rather than auto-excluded.",REVIEW
SUR,e963ada9-264f-493c-8877-ced57861c1da,2023,209eeecd-0570-492b-af51-2275c5209acb,AT,1,False,7,HEADING_WITH_BODY,,AT,short_fragment_invalid,"heading_text='AT', word_count=1, passage_type=HEADING_WITH_BODY -- isolated token with no body, the same failure signature as the fixed one-character DECORATIVE_OR_FRAGMENT rule in block_classification.py, just one character wider. All-uppercase: plausibly a recurring diagram/table label rather than a mid-word glyph fragment -- retained for human confirmation rather than auto-excluded.",REVIEW
SUR,e963ada9-264f-493c-8877-ced57861c1da,2023,e4459558-3dfa-470b-a264-ee7360e67178,AT,1,False,48,HEADING_WITH_BODY,,AT,short_fragment_invalid,"heading_text='AT', word_count=1, passage_type=HEADING_WITH_BODY -- isolated token with no body, the same failure signature as the fixed one-character DECORATIVE_OR_FRAGMENT rule in block_classification.py, just one character wider. All-uppercase: plausibly a recurring diagram/table label rather than a mid-word glyph fragment -- retained for human confirmation rather than auto-excluded.",REVIEW
SUR,e963ada9-264f-493c-8877-ced57861c1da,2023,9bae9671-7394-4ebe-b1f8-16be0fd8b604,CE,1,False,48,HEADING_WITH_BODY,,CE,short_fragment_invalid,"heading_text='CE', word_count=1, passage_type=HEADING_WITH_BODY -- isolated token with no body, the same failure signature as the fixed one-character DECORATIVE_OR_FRAGMENT rule in block_classification.py, just one character wider. All-uppercase: plausibly a recurring diagram/table label rather than a mid-word glyph fragment -- retained for human confirmation rather than auto-excluded.",REVIEW
SUR,e963ada9-264f-493c-8877-ced57861c1da,2023,d25d424e-45cc-4c38-bc5f-15a2db9bd640,CO,1,False,48,HEADING_WITH_BODY,,CO,short_fragment_invalid,"heading_text='CO', word_count=1, passage_type=HEADING_WITH_BODY -- isolated token with no body, the same failure signature as the fixed one-character DECORATIVE_OR_FRAGMENT rule in block_classification.py, just one character wider. All-uppercase: plausibly a recurring diagram/table label rather than a mid-word glyph fragment -- retained for human confirmation rather than auto-excluded.",REVIEW
SUR,e963ada9-264f-493c-8877-ced57861c1da,2023,6f0399b8-1812-4522-92b3-94d6225750dc,CR,1,False,48,HEADING_WITH_BODY,,CR,short_fragment_invalid,"heading_text='CR', word_count=1, passage_type=HEADING_WITH_BODY -- isolated token with no body, the same failure signature as the fixed one-character DECORATIVE_OR_FRAGMENT rule in block_classification.py, just one character wider. All-uppercase: plausibly a recurring diagram/table label rather than a mid-word glyph fragment -- retained for human confirmation rather than auto-excluded.",REVIEW
SUR,e963ada9-264f-493c-8877-ced57861c1da,2023,a9a040a5-b7cd-45c2-8816-562ded294b04,CS,1,False,48,HEADING_WITH_BODY,,CS,short_fragment_invalid,"heading_text='CS', word_count=1, passage_type=HEADING_WITH_BODY -- isolated token with no body, the same failure signature as the fixed one-character DECORATIVE_OR_FRAGMENT rule in block_classification.py, just one character wider. All-uppercase: plausibly a recurring diagram/table label rather than a mid-word glyph fragment -- retained for human confirmation rather than auto-excluded.",REVIEW
SUR,e963ada9-264f-493c-8877-ced57861c1da,2023,498de89e-c11a-412f-8fd7-781dd010bab5,EG,1,False,48,HEADING_WITH_BODY,,EG,short_fragment_invalid,"heading_text='EG', word_count=1, passage_type=HEADING_WITH_BODY -- isolated token with no body, the same failure signature as the fixed one-character DECORATIVE_OR_FRAGMENT rule in block_classification.py, just one character wider. All-uppercase: plausibly a recurring diagram/table label rather than a mid-word glyph fragment -- retained for human confirmation rather than auto-excluded.",REVIEW
SUR,e963ada9-264f-493c-8877-ced57861c1da,2023,0f41dcf7-b132-4852-866f-be22375fdc8a,ER,1,False,48,HEADING_WITH_BODY,,ER,short_fragment_invalid,"heading_text='ER', word_count=1, passage_type=HEADING_WITH_BODY -- isolated token with no body, the same failure signature as the fixed one-character DECORATIVE_OR_FRAGMENT rule in block_classification.py, just one character wider. All-uppercase: plausibly a recurring diagram/table label rather than a mid-word glyph fragment -- retained for human confirmation rather than auto-excluded.",REVIEW
SUR,e963ada9-264f-493c-8877-ced57861c1da,2023,49b544db-55eb-44dd-be98-6655ca52218b,EX,1,False,7,HEADING_WITH_BODY,,EX,short_fragment_invalid,"heading_text='EX', word_count=1, passage_type=HEADING_WITH_BODY -- isolated token with no body, the same failure signature as the fixed one-character DECORATIVE_OR_FRAGMENT rule in block_classification.py, just one character wider. All-uppercase: plausibly a recurring diagram/table label rather than a mid-word glyph fragment -- retained for human confirmation rather than auto-excluded.",REVIEW
SUR,e963ada9-264f-493c-8877-ced57861c1da,2023,5e314337-1551-4f67-8b3c-0f15f33f7fe1,EX,1,False,8,HEADING_WITH_BODY,,EX,short_fragment_invalid,"heading_text='EX', word_count=1, passage_type=HEADING_WITH_BODY -- isolated token with no body, the same failure signature as the fixed one-character DECORATIVE_OR_FRAGMENT rule in block_classification.py, just one character wider. All-uppercase: plausibly a recurring diagram/table label rather than a mid-word glyph fragment -- retained for human confirmation rather than auto-excluded.",REVIEW
SUR,e963ada9-264f-493c-8877-ced57861c1da,2023,7903bfa8-dafe-426c-904b-9730e2233cd6,EX,1,False,48,HEADING_WITH_BODY,,EX,short_fragment_invalid,"heading_text='EX', word_count=1, passage_type=HEADING_WITH_BODY -- isolated token with no body, the same failure signature as the fixed one-character DECORATIVE_OR_FRAGMENT rule in block_classification.py, just one character wider. All-uppercase: plausibly a recurring diagram/table label rather than a mid-word glyph fragment -- retained for human confirmation rather than auto-excluded.",REVIEW
SUR,e963ada9-264f-493c-8877-ced57861c1da,2023,3960856a-914a-4e38-8b91-ea69895cf8e9,EX,1,False,83,HEADING_WITH_BODY,,EX,short_fragment_invalid,"heading_text='EX', word_count=1, passage_type=HEADING_WITH_BODY -- isolated token with no body, the same failure signature as the fixed one-character DECORATIVE_OR_FRAGMENT rule in block_classification.py, just one character wider. All-uppercase: plausibly a recurring diagram/table label rather than a mid-word glyph fragment -- retained for human confirmation rather than auto-excluded.",REVIEW
SUR,e963ada9-264f-493c-8877-ced57861c1da,2023,e68c548c-804d-46c9-8487-9ffbb48d0cf6,FO,1,False,48,HEADING_WITH_BODY,,FO,short_fragment_invalid,"heading_text='FO', word_count=1, passage_type=HEADING_WITH_BODY -- isolated token with no body, the same failure signature as the fixed one-character DECORATIVE_OR_FRAGMENT rule in block_classification.py, just one character wider. All-uppercase: plausibly a recurring diagram/table label rather than a mid-word glyph fragment -- retained for human confirmation rather than auto-excluded.",REVIEW
SUR,e963ada9-264f-493c-8877-ced57861c1da,2023,6014d8d0-84bf-44ad-aba5-43736c0be8ec,FX,1,False,7,HEADING_WITH_BODY,,FX,short_fragment_invalid,"heading_text='FX', word_count=1, passage_type=HEADING_WITH_BODY -- isolated token with no body, the same failure signature as the fixed one-character DECORATIVE_OR_FRAGMENT rule in block_classification.py, just one character wider. All-uppercase: plausibly a recurring diagram/table label rather than a mid-word glyph fragment -- retained for human confirmation rather than auto-excluded.",REVIEW
SUR,e963ada9-264f-493c-8877-ced57861c1da,2023,8516f6ad-79d4-4792-a37e-efcdf1e6b17c,FX,1,False,9,HEADING_WITH_BODY,,FX,short_fragment_invalid,"heading_text='FX', word_count=1, passage_type=HEADING_WITH_BODY -- isolated token with no body, the same failure signature as the fixed one-character DECORATIVE_OR_FRAGMENT rule in block_classification.py, just one character wider. All-uppercase: plausibly a recurring diagram/table label rather than a mid-word glyph fragment -- retained for human confirmation rather than auto-excluded.",REVIEW
SUR,e963ada9-264f-493c-8877-ced57861c1da,2023,03a3f13e-c880-4aeb-80fc-c177a019935d,FX,1,False,83,HEADING_WITH_BODY,,FX,short_fragment_invalid,"heading_text='FX', word_count=1, passage_type=HEADING_WITH_BODY -- isolated token with no body, the same failure signature as the fixed one-character DECORATIVE_OR_FRAGMENT rule in block_classification.py, just one character wider. All-uppercase: plausibly a recurring diagram/table label rather than a mid-word glyph fragment -- retained for human confirmation rather than auto-excluded.",REVIEW
SUR,e963ada9-264f-493c-8877-ced57861c1da,2023,440be41f-1c25-41f3-ac6e-22d37cd8b4a3,GU,1,False,48,HEADING_WITH_BODY,,GU,short_fragment_invalid,"heading_text='GU', word_count=1, passage_type=HEADING_WITH_BODY -- isolated token with no body, the same failure signature as the fixed one-character DECORATIVE_OR_FRAGMENT rule in block_classification.py, just one character wider. All-uppercase: plausibly a recurring diagram/table label rather than a mid-word glyph fragment -- retained for human confirmation rather than auto-excluded.",REVIEW
SUR,e963ada9-264f-493c-8877-ced57861c1da,2023,ed28b25f-bb5b-463b-89d8-0403fc5d33de,GY,1,False,48,HEADING_WITH_BODY,,GY,short_fragment_invalid,"heading_text='GY', word_count=1, passage_type=HEADING_WITH_BODY -- isolated token with no body, the same failure signature as the fixed one-character DECORATIVE_OR_FRAGMENT rule in block_classification.py, just one character wider. All-uppercase: plausibly a recurring diagram/table label rather than a mid-word glyph fragment -- retained for human confirmation rather than auto-excluded.",REVIEW
SUR,e963ada9-264f-493c-8877-ced57861c1da,2023,2882dbad-31eb-4711-a47d-a148807d8675,IE,1,False,7,HEADING_WITH_BODY,,IE,short_fragment_invalid,"heading_text='IE', word_count=1, passage_type=HEADING_WITH_BODY -- isolated token with no body, the same failure signature as the fixed one-character DECORATIVE_OR_FRAGMENT rule in block_classification.py, just one character wider. All-uppercase: plausibly a recurring diagram/table label rather than a mid-word glyph fragment -- retained for human confirmation rather than auto-excluded.",REVIEW
SUR,e963ada9-264f-493c-8877-ced57861c1da,2023,ba717832-c6d2-4a38-b61d-9973752008ed,IE,1,False,7,HEADING_WITH_BODY,,IE,short_fragment_invalid,"heading_text='IE', word_count=1, passage_type=HEADING_WITH_BODY -- isolated token with no body, the same failure signature as the fixed one-character DECORATIVE_OR_FRAGMENT rule in block_classification.py, just one character wider. All-uppercase: plausibly a recurring diagram/table label rather than a mid-word glyph fragment -- retained for human confirmation rather than auto-excluded.",REVIEW
SUR,e963ada9-264f-493c-8877-ced57861c1da,2023,58b8b787-dad8-4a1b-afef-66994ea4197a,IE,1,False,83,HEADING_WITH_BODY,,IE,short_fragment_invalid,"heading_text='IE', word_count=1, passage_type=HEADING_WITH_BODY -- isolated token with no body, the same failure signature as the fixed one-character DECORATIVE_OR_FRAGMENT rule in block_classification.py, just one character wider. All-uppercase: plausibly a recurring diagram/table label rather than a mid-word glyph fragment -- retained for human confirmation rather than auto-excluded.",REVIEW
SUR,e963ada9-264f-493c-8877-ced57861c1da,2023,bf6b2a3c-dd9f-457e-8c16-fc25203bc9c2,IE,1,False,83,HEADING_WITH_BODY,,IE,short_fragment_invalid,"heading_text='IE', word_count=1, passage_type=HEADING_WITH_BODY -- isolated token with no body, the same failure signature as the fixed one-character DECORATIVE_OR_FRAGMENT rule in block_classification.py, just one character wider. All-uppercase: plausibly a recurring diagram/table label rather than a mid-word glyph fragment -- retained for human confirmation rather than auto-excluded.",REVIEW
SUR,e963ada9-264f-493c-8877-ced57861c1da,2023,e3a02ed8-8a4d-4a17-83af-7a0bf6cc0a0b,IN,1,False,7,HEADING_WITH_BODY,,IN,short_fragment_invalid,"heading_text='IN', word_count=1, passage_type=HEADING_WITH_BODY -- isolated token with no body, the same failure signature as the fixed one-character DECORATIVE_OR_FRAGMENT rule in block_classification.py, just one character wider. All-uppercase: plausibly a recurring diagram/table label rather than a mid-word glyph fragment -- retained for human confirmation rather than auto-excluded.",REVIEW
SUR,e963ada9-264f-493c-8877-ced57861c1da,2023,ff88e5a0-17e5-49ca-ac57-05a3634227ae,IN,1,False,83,HEADING_WITH_BODY,,IN,short_fragment_invalid,"heading_text='IN', word_count=1, passage_type=HEADING_WITH_BODY -- isolated token with no body, the same failure signature as the fixed one-character DECORATIVE_OR_FRAGMENT rule in block_classification.py, just one character wider. All-uppercase: plausibly a recurring diagram/table label rather than a mid-word glyph fragment -- retained for human confirmation rather than auto-excluded.",REVIEW
SUR,e963ada9-264f-493c-8877-ced57861c1da,2023,4b918073-4298-480c-95ba-4f92ffb7623b,IO,1,False,7,HEADING_WITH_BODY,,IO,short_fragment_invalid,"heading_text='IO', word_count=1, passage_type=HEADING_WITH_BODY -- isolated token with no body, the same failure signature as the fixed one-character DECORATIVE_OR_FRAGMENT rule in block_classification.py, just one character wider. All-uppercase: plausibly a recurring diagram/table label rather than a mid-word glyph fragment -- retained for human confirmation rather than auto-excluded.",REVIEW
SUR,e963ada9-264f-493c-8877-ced57861c1da,2023,01075a51-816e-40ff-9c9b-bc5fbe7a7f6d,IO,1,False,48,HEADING_WITH_BODY,,IO,short_fragment_invalid,"heading_text='IO', word_count=1, passage_type=HEADING_WITH_BODY -- isolated token with no body, the same failure signature as the fixed one-character DECORATIVE_OR_FRAGMENT rule in block_classification.py, just one character wider. All-uppercase: plausibly a recurring diagram/table label rather than a mid-word glyph fragment -- retained for human confirmation rather than auto-excluded.",REVIEW
SUR,e963ada9-264f-493c-8877-ced57861c1da,2023,909e96b8-1a92-4827-86af-35ad0949563d,IO,1,False,83,HEADING_WITH_BODY,,IO,short_fragment_invalid,"heading_text='IO', word_count=1, passage_type=HEADING_WITH_BODY -- isolated token with no body, the same failure signature as the fixed one-character DECORATIVE_OR_FRAGMENT rule in block_classification.py, just one character wider. All-uppercase: plausibly a recurring diagram/table label rather than a mid-word glyph fragment -- retained for human confirmation rather than auto-excluded.",REVIEW
SUR,e963ada9-264f-493c-8877-ced57861c1da,2023,d473135a-ce37-4271-b755-06df70c4a7dd,IS,1,False,48,HEADING_WITH_BODY,,IS,short_fragment_invalid,"heading_text='IS', word_count=1, passage_type=HEADING_WITH_BODY -- isolated token with no body, the same failure signature as the fixed one-character DECORATIVE_OR_FRAGMENT rule in block_classification.py, just one character wider. All-uppercase: plausibly a recurring diagram/table label rather than a mid-word glyph fragment -- retained for human confirmation rather than auto-excluded.",REVIEW
SUR,e963ada9-264f-493c-8877-ced57861c1da,2023,c0628013-24d1-4d97-b8b3-79c11b9998ef,LA,1,False,48,HEADING_WITH_BODY,,LA,short_fragment_invalid,"heading_text='LA', word_count=1, passage_type=HEADING_WITH_BODY -- isolated token with no body, the same failure signature as the fixed one-character DECORATIVE_OR_FRAGMENT rule in block_classification.py, just one character wider. All-uppercase: plausibly a recurring diagram/table label rather than a mid-word glyph fragment -- retained for human confirmation rather than auto-excluded.",REVIEW
SUR,e963ada9-264f-493c-8877-ced57861c1da,2023,58e7e372-8325-4667-968e-4c7a43648344,MA,1,False,48,HEADING_WITH_BODY,,MA,short_fragment_invalid,"heading_text='MA', word_count=1, passage_type=HEADING_WITH_BODY -- isolated token with no body, the same failure signature as the fixed one-character DECORATIVE_OR_FRAGMENT rule in block_classification.py, just one character wider. All-uppercase: plausibly a recurring diagram/table label rather than a mid-word glyph fragment -- retained for human confirmation rather than auto-excluded.",REVIEW
SUR,e963ada9-264f-493c-8877-ced57861c1da,2023,8cd8a4e4-01c2-4ae3-a0c0-bf3ca2a48aba,ME,1,False,48,HEADING_WITH_BODY,,ME,short_fragment_invalid,"heading_text='ME', word_count=1, passage_type=HEADING_WITH_BODY -- isolated token with no body, the same failure signature as the fixed one-character DECORATIVE_OR_FRAGMENT rule in block_classification.py, just one character wider. All-uppercase: plausibly a recurring diagram/table label rather than a mid-word glyph fragment -- retained for human confirmation rather than auto-excluded.",REVIEW
SUR,e963ada9-264f-493c-8877-ced57861c1da,2023,08fb059d-50b6-42d6-894c-2d8358284cad,MP,1,False,48,HEADING_WITH_BODY,,MP,short_fragment_invalid,"heading_text='MP', word_count=1, passage_type=HEADING_WITH_BODY -- isolated token with no body, the same failure signature as the fixed one-character DECORATIVE_OR_FRAGMENT rule in block_classification.py, just one character wider. All-uppercase: plausibly a recurring diagram/table label rather than a mid-word glyph fragment -- retained for human confirmation rather than auto-excluded.",REVIEW
SUR,e963ada9-264f-493c-8877-ced57861c1da,2023,2b51f14c-3a79-4d7c-8422-a307d854539d,NE,1,False,48,HEADING_WITH_BODY,,NE,short_fragment_invalid,"heading_text='NE', word_count=1, passage_type=HEADING_WITH_BODY -- isolated token with no body, the same failure signature as the fixed one-character DECORATIVE_OR_FRAGMENT rule in block_classification.py, just one character wider. All-uppercase: plausibly a recurring diagram/table label rather than a mid-word glyph fragment -- retained for human confirmation rather than auto-excluded.",REVIEW
SUR,e963ada9-264f-493c-8877-ced57861c1da,2023,9acbd308-e108-4753-aea7-018e69933a05,NS,1,False,48,HEADING_WITH_BODY,,NS,short_fragment_invalid,"heading_text='NS', word_count=1, passage_type=HEADING_WITH_BODY -- isolated token with no body, the same failure signature as the fixed one-character DECORATIVE_OR_FRAGMENT rule in block_classification.py, just one character wider. All-uppercase: plausibly a recurring diagram/table label rather than a mid-word glyph fragment -- retained for human confirmation rather than auto-excluded.",REVIEW
SUR,e963ada9-264f-493c-8877-ced57861c1da,2023,695636c7-009e-4333-9cf1-ede81b26e61d,OG,1,False,48,HEADING_WITH_BODY,,OG,short_fragment_invalid,"heading_text='OG', word_count=1, passage_type=HEADING_WITH_BODY -- isolated token with no body, the same failure signature as the fixed one-character DECORATIVE_OR_FRAGMENT rule in block_classification.py, just one character wider. All-uppercase: plausibly a recurring diagram/table label rather than a mid-word glyph fragment -- retained for human confirmation rather than auto-excluded.",REVIEW
SUR,e963ada9-264f-493c-8877-ced57861c1da,2023,fce1b48e-52c2-420d-abfb-145f0b146e30,OP,1,False,48,HEADING_WITH_BODY,,OP,short_fragment_invalid,"heading_text='OP', word_count=1, passage_type=HEADING_WITH_BODY -- isolated token with no body, the same failure signature as the fixed one-character DECORATIVE_OR_FRAGMENT rule in block_classification.py, just one character wider. All-uppercase: plausibly a recurring diagram/table label rather than a mid-word glyph fragment -- retained for human confirmation rather than auto-excluded.",REVIEW
SUR,e963ada9-264f-493c-8877-ced57861c1da,2023,5785c950-54e6-4545-93e8-f815d57a927d,OR,1,False,48,HEADING_WITH_BODY,,OR,short_fragment_invalid,"heading_text='OR', word_count=1, passage_type=HEADING_WITH_BODY -- isolated token with no body, the same failure signature as the fixed one-character DECORATIVE_OR_FRAGMENT rule in block_classification.py, just one character wider. All-uppercase: plausibly a recurring diagram/table label rather than a mid-word glyph fragment -- retained for human confirmation rather than auto-excluded.",REVIEW
SUR,e963ada9-264f-493c-8877-ced57861c1da,2023,ec357a2a-7ec8-4b79-a692-55e51f504ecb,RA,1,False,48,HEADING_WITH_BODY,,RA,short_fragment_invalid,"heading_text='RA', word_count=1, passage_type=HEADING_WITH_BODY -- isolated token with no body, the same failure signature as the fixed one-character DECORATIVE_OR_FRAGMENT rule in block_classification.py, just one character wider. All-uppercase: plausibly a recurring diagram/table label rather than a mid-word glyph fragment -- retained for human confirmation rather than auto-excluded.",REVIEW
SUR,e963ada9-264f-493c-8877-ced57861c1da,2023,c54c1a3b-0997-49ac-80a1-3a0508127ea4,RE,1,False,48,HEADING_WITH_BODY,,RE,short_fragment_invalid,"heading_text='RE', word_count=1, passage_type=HEADING_WITH_BODY -- isolated token with no body, the same failure signature as the fixed one-character DECORATIVE_OR_FRAGMENT rule in block_classification.py, just one character wider. All-uppercase: plausibly a recurring diagram/table label rather than a mid-word glyph fragment -- retained for human confirmation rather than auto-excluded.",REVIEW
SUR,e963ada9-264f-493c-8877-ced57861c1da,2023,f33f2c9d-08b5-4739-8172-335867de7c1e,RI,1,False,7,HEADING_WITH_BODY,,RI,short_fragment_invalid,"heading_text='RI', word_count=1, passage_type=HEADING_WITH_BODY -- isolated token with no body, the same failure signature as the fixed one-character DECORATIVE_OR_FRAGMENT rule in block_classification.py, just one character wider. All-uppercase: plausibly a recurring diagram/table label rather than a mid-word glyph fragment -- retained for human confirmation rather than auto-excluded.",REVIEW
SUR,e963ada9-264f-493c-8877-ced57861c1da,2023,08d74707-0528-428c-ae21-9c242c06b21d,RI,1,False,83,HEADING_WITH_BODY,,RI,short_fragment_invalid,"heading_text='RI', word_count=1, passage_type=HEADING_WITH_BODY -- isolated token with no body, the same failure signature as the fixed one-character DECORATIVE_OR_FRAGMENT rule in block_classification.py, just one character wider. All-uppercase: plausibly a recurring diagram/table label rather than a mid-word glyph fragment -- retained for human confirmation rather than auto-excluded.",REVIEW
SUR,e963ada9-264f-493c-8877-ced57861c1da,2023,fbb25a84-2c79-462f-85ca-a68dff43f029,RM,1,False,48,HEADING_WITH_BODY,,RM,short_fragment_invalid,"heading_text='RM', word_count=1, passage_type=HEADING_WITH_BODY -- isolated token with no body, the same failure signature as the fixed one-character DECORATIVE_OR_FRAGMENT rule in block_classification.py, just one character wider. All-uppercase: plausibly a recurring diagram/table label rather than a mid-word glyph fragment -- retained for human confirmation rather than auto-excluded.",REVIEW
SUR,e963ada9-264f-493c-8877-ced57861c1da,2023,4024d81a-93f0-44dd-b0f8-220310b9b0c5,RN,1,False,48,HEADING_WITH_BODY,,RN,short_fragment_invalid,"heading_text='RN', word_count=1, passage_type=HEADING_WITH_BODY -- isolated token with no body, the same failure signature as the fixed one-character DECORATIVE_OR_FRAGMENT rule in block_classification.py, just one character wider. All-uppercase: plausibly a recurring diagram/table label rather than a mid-word glyph fragment -- retained for human confirmation rather than auto-excluded.",REVIEW
SUR,e963ada9-264f-493c-8877-ced57861c1da,2023,efd3206c-2f80-47c3-8a9e-81e4d03adb9e,RY,1,False,48,HEADING_WITH_BODY,,RY,short_fragment_invalid,"heading_text='RY', word_count=1, passage_type=HEADING_WITH_BODY -- isolated token with no body, the same failure signature as the fixed one-character DECORATIVE_OR_FRAGMENT rule in block_classification.py, just one character wider. All-uppercase: plausibly a recurring diagram/table label rather than a mid-word glyph fragment -- retained for human confirmation rather than auto-excluded.",REVIEW
SUR,e963ada9-264f-493c-8877-ced57861c1da,2023,5bd0f3d9-1994-48a6-a6a3-3c42c8aa30fe,SF,1,False,7,HEADING_WITH_BODY,,SF,short_fragment_invalid,"heading_text='SF', word_count=1, passage_type=HEADING_WITH_BODY -- isolated token with no body, the same failure signature as the fixed one-character DECORATIVE_OR_FRAGMENT rule in block_classification.py, just one character wider. All-uppercase: plausibly a recurring diagram/table label rather than a mid-word glyph fragment -- retained for human confirmation rather than auto-excluded.",REVIEW
SUR,e963ada9-264f-493c-8877-ced57861c1da,2023,41500ed2-893e-432d-bc16-1c2f23c242a8,ST,1,False,48,HEADING_WITH_BODY,,ST,short_fragment_invalid,"heading_text='ST', word_count=1, passage_type=HEADING_WITH_BODY -- isolated token with no body, the same failure signature as the fixed one-character DECORATIVE_OR_FRAGMENT rule in block_classification.py, just one character wider. All-uppercase: plausibly a recurring diagram/table label rather than a mid-word glyph fragment -- retained for human confirmation rather than auto-excluded.",REVIEW
SUR,e963ada9-264f-493c-8877-ced57861c1da,2023,f3df2cd4-3a01-4e02-b331-3e5cb5de0b43,TE,1,False,48,HEADING_WITH_BODY,,TE,short_fragment_invalid,"heading_text='TE', word_count=1, passage_type=HEADING_WITH_BODY -- isolated token with no body, the same failure signature as the fixed one-character DECORATIVE_OR_FRAGMENT rule in block_classification.py, just one character wider. All-uppercase: plausibly a recurring diagram/table label rather than a mid-word glyph fragment -- retained for human confirmation rather than auto-excluded.",REVIEW
SUR,e963ada9-264f-493c-8877-ced57861c1da,2023,68f13fe1-af98-43db-9445-f4a729679208,TE,1,False,48,HEADING_WITH_BODY,,TE,short_fragment_invalid,"heading_text='TE', word_count=1, passage_type=HEADING_WITH_BODY -- isolated token with no body, the same failure signature as the fixed one-character DECORATIVE_OR_FRAGMENT rule in block_classification.py, just one character wider. All-uppercase: plausibly a recurring diagram/table label rather than a mid-word glyph fragment -- retained for human confirmation rather than auto-excluded.",REVIEW
SUR,e963ada9-264f-493c-8877-ced57861c1da,2023,67c31543-c9f1-4d8a-96ce-1c09291cb5e7,TI,1,False,7,HEADING_WITH_BODY,,TI,short_fragment_invalid,"heading_text='TI', word_count=1, passage_type=HEADING_WITH_BODY -- isolated token with no body, the same failure signature as the fixed one-character DECORATIVE_OR_FRAGMENT rule in block_classification.py, just one character wider. All-uppercase: plausibly a recurring diagram/table label rather than a mid-word glyph fragment -- retained for human confirmation rather than auto-excluded.",REVIEW
SUR,e963ada9-264f-493c-8877-ced57861c1da,2023,7e26e454-4013-49c8-b83a-22159f742691,TI,1,False,48,HEADING_WITH_BODY,,TI,short_fragment_invalid,"heading_text='TI', word_count=1, passage_type=HEADING_WITH_BODY -- isolated token with no body, the same failure signature as the fixed one-character DECORATIVE_OR_FRAGMENT rule in block_classification.py, just one character wider. All-uppercase: plausibly a recurring diagram/table label rather than a mid-word glyph fragment -- retained for human confirmation rather than auto-excluded.",REVIEW
SUR,e963ada9-264f-493c-8877-ced57861c1da,2023,03006729-ccba-41a9-80dd-ddc7f170ca5d,TO,1,False,48,HEADING_WITH_BODY,,TO,short_fragment_invalid,"heading_text='TO', word_count=1, passage_type=HEADING_WITH_BODY -- isolated token with no body, the same failure signature as the fixed one-character DECORATIVE_OR_FRAGMENT rule in block_classification.py, just one character wider. All-uppercase: plausibly a recurring diagram/table label rather than a mid-word glyph fragment -- retained for human confirmation rather than auto-excluded.",REVIEW
SUR,e963ada9-264f-493c-8877-ced57861c1da,2023,56314f59-f5a4-485e-aaef-b4d30ecaff63,TO,1,False,48,HEADING_WITH_BODY,,TO,short_fragment_invalid,"heading_text='TO', word_count=1, passage_type=HEADING_WITH_BODY -- isolated token with no body, the same failure signature as the fixed one-character DECORATIVE_OR_FRAGMENT rule in block_classification.py, just one character wider. All-uppercase: plausibly a recurring diagram/table label rather than a mid-word glyph fragment -- retained for human confirmation rather than auto-excluded.",REVIEW
SUR,e963ada9-264f-493c-8877-ced57861c1da,2023,4a4b2028-f309-4418-bb2f-6d7e9efe2da9,TR,1,False,48,HEADING_WITH_BODY,,TR,short_fragment_invalid,"heading_text='TR', word_count=1, passage_type=HEADING_WITH_BODY -- isolated token with no body, the same failure signature as the fixed one-character DECORATIVE_OR_FRAGMENT rule in block_classification.py, just one character wider. All-uppercase: plausibly a recurring diagram/table label rather than a mid-word glyph fragment -- retained for human confirmation rather than auto-excluded.",REVIEW
SUR,e963ada9-264f-493c-8877-ced57861c1da,2023,95188442-d50e-4f03-9c10-932631f32e84,TW,1,False,48,HEADING_WITH_BODY,,TW,short_fragment_invalid,"heading_text='TW', word_count=1, passage_type=HEADING_WITH_BODY -- isolated token with no body, the same failure signature as the fixed one-character DECORATIVE_OR_FRAGMENT rule in block_classification.py, just one character wider. All-uppercase: plausibly a recurring diagram/table label rather than a mid-word glyph fragment -- retained for human confirmation rather than auto-excluded.",REVIEW
SUR,e963ada9-264f-493c-8877-ced57861c1da,2023,b1f6b0b0-fbc2-440b-badc-6352a6c1d3ee,UN,1,False,48,HEADING_WITH_BODY,,UN,short_fragment_invalid,"heading_text='UN', word_count=1, passage_type=HEADING_WITH_BODY -- isolated token with no body, the same failure signature as the fixed one-character DECORATIVE_OR_FRAGMENT rule in block_classification.py, just one character wider. All-uppercase: plausibly a recurring diagram/table label rather than a mid-word glyph fragment -- retained for human confirmation rather than auto-excluded.",REVIEW
SUR,e963ada9-264f-493c-8877-ced57861c1da,2023,f7b2c16b-38c3-48ee-9738-673d5d2b28ee,US,1,False,48,HEADING_WITH_BODY,,US,short_fragment_invalid,"heading_text='US', word_count=1, passage_type=HEADING_WITH_BODY -- isolated token with no body, the same failure signature as the fixed one-character DECORATIVE_OR_FRAGMENT rule in block_classification.py, just one character wider. All-uppercase: plausibly a recurring diagram/table label rather than a mid-word glyph fragment -- retained for human confirmation rather than auto-excluded.",REVIEW
SUR,e5036fd8-c4ab-4c24-a570-300a47c14646,2024,0593ffdc-bf03-47fa-892e-6cc0e6d6a251,CA,1,False,36,HEADING_WITH_BODY,,CA,short_fragment_invalid,"heading_text='CA', word_count=1, passage_type=HEADING_WITH_BODY -- isolated token with no body, the same failure signature as the fixed one-character DECORATIVE_OR_FRAGMENT rule in block_classification.py, just one character wider. All-uppercase: plausibly a recurring diagram/table label rather than a mid-word glyph fragment -- retained for human confirmation rather than auto-excluded.",REVIEW
SUR,e5036fd8-c4ab-4c24-a570-300a47c14646,2024,05f52879-46c0-44de-b1c0-4c26d4a0ff01,EX,1,False,33,HEADING_WITH_BODY,,EX,short_fragment_invalid,"heading_text='EX', word_count=1, passage_type=HEADING_WITH_BODY -- isolated token with no body, the same failure signature as the fixed one-character DECORATIVE_OR_FRAGMENT rule in block_classification.py, just one character wider. All-uppercase: plausibly a recurring diagram/table label rather than a mid-word glyph fragment -- retained for human confirmation rather than auto-excluded.",REVIEW
SUR,e5036fd8-c4ab-4c24-a570-300a47c14646,2024,c252c59a-5582-4141-a317-1a84f8c63060,EX,1,False,32,HEADING_WITH_BODY,,EX,short_fragment_invalid,"heading_text='EX', word_count=1, passage_type=HEADING_WITH_BODY -- isolated token with no body, the same failure signature as the fixed one-character DECORATIVE_OR_FRAGMENT rule in block_classification.py, just one character wider. All-uppercase: plausibly a recurring diagram/table label rather than a mid-word glyph fragment -- retained for human confirmation rather than auto-excluded.",REVIEW
SUR,e5036fd8-c4ab-4c24-a570-300a47c14646,2024,e79e1d10-1a89-434e-9cee-f6485947d39d,EX,1,False,33,HEADING_WITH_BODY,,EX,short_fragment_invalid,"heading_text='EX', word_count=1, passage_type=HEADING_WITH_BODY -- isolated token with no body, the same failure signature as the fixed one-character DECORATIVE_OR_FRAGMENT rule in block_classification.py, just one character wider. All-uppercase: plausibly a recurring diagram/table label rather than a mid-word glyph fragment -- retained for human confirmation rather than auto-excluded.",REVIEW
SUR,e5036fd8-c4ab-4c24-a570-300a47c14646,2024,63511153-1682-49f6-b41c-f5362319acce,EX,1,False,33,HEADING_WITH_BODY,,EX,short_fragment_invalid,"heading_text='EX', word_count=1, passage_type=HEADING_WITH_BODY -- isolated token with no body, the same failure signature as the fixed one-character DECORATIVE_OR_FRAGMENT rule in block_classification.py, just one character wider. All-uppercase: plausibly a recurring diagram/table label rather than a mid-word glyph fragment -- retained for human confirmation rather than auto-excluded.",REVIEW
SUR,e5036fd8-c4ab-4c24-a570-300a47c14646,2024,bea3b9e7-e9bd-4471-8c06-0fc7925dfe3b,EX,1,False,33,HEADING_WITH_BODY,,EX,short_fragment_invalid,"heading_text='EX', word_count=1, passage_type=HEADING_WITH_BODY -- isolated token with no body, the same failure signature as the fixed one-character DECORATIVE_OR_FRAGMENT rule in block_classification.py, just one character wider. All-uppercase: plausibly a recurring diagram/table label rather than a mid-word glyph fragment -- retained for human confirmation rather than auto-excluded.",REVIEW
SUR,e5036fd8-c4ab-4c24-a570-300a47c14646,2024,3a467aef-b106-47ce-8ea8-c61873db1e6a,EX,1,False,33,HEADING_WITH_BODY,,EX,short_fragment_invalid,"heading_text='EX', word_count=1, passage_type=HEADING_WITH_BODY -- isolated token with no body, the same failure signature as the fixed one-character DECORATIVE_OR_FRAGMENT rule in block_classification.py, just one character wider. All-uppercase: plausibly a recurring diagram/table label rather than a mid-word glyph fragment -- retained for human confirmation rather than auto-excluded.",REVIEW
SUR,e5036fd8-c4ab-4c24-a570-300a47c14646,2024,3d5ec0bd-9b73-4048-911c-0c6a7dbdd9aa,EX,1,False,33,HEADING_WITH_BODY,,EX,short_fragment_invalid,"heading_text='EX', word_count=1, passage_type=HEADING_WITH_BODY -- isolated token with no body, the same failure signature as the fixed one-character DECORATIVE_OR_FRAGMENT rule in block_classification.py, just one character wider. All-uppercase: plausibly a recurring diagram/table label rather than a mid-word glyph fragment -- retained for human confirmation rather than auto-excluded.",REVIEW
SUR,e5036fd8-c4ab-4c24-a570-300a47c14646,2024,3193a699-a1b8-42cd-b5cb-864fe4c06680,EX,1,False,91,HEADING_WITH_BODY,,EX,short_fragment_invalid,"heading_text='EX', word_count=1, passage_type=HEADING_WITH_BODY -- isolated token with no body, the same failure signature as the fixed one-character DECORATIVE_OR_FRAGMENT rule in block_classification.py, just one character wider. All-uppercase: plausibly a recurring diagram/table label rather than a mid-word glyph fragment -- retained for human confirmation rather than auto-excluded.",REVIEW
SUR,e5036fd8-c4ab-4c24-a570-300a47c14646,2024,952464aa-9a87-4c9d-b10a-4e8142740c38,EX,1,False,88,HEADING_WITH_BODY,,EX,short_fragment_invalid,"heading_text='EX', word_count=1, passage_type=HEADING_WITH_BODY -- isolated token with no body, the same failure signature as the fixed one-character DECORATIVE_OR_FRAGMENT rule in block_classification.py, just one character wider. All-uppercase: plausibly a recurring diagram/table label rather than a mid-word glyph fragment -- retained for human confirmation rather than auto-excluded.",REVIEW
SUR,e5036fd8-c4ab-4c24-a570-300a47c14646,2024,3e741eff-32cf-4fd8-a044-19f16b8d9515,EX,1,False,88,HEADING_WITH_BODY,,EX,short_fragment_invalid,"heading_text='EX', word_count=1, passage_type=HEADING_WITH_BODY -- isolated token with no body, the same failure signature as the fixed one-character DECORATIVE_OR_FRAGMENT rule in block_classification.py, just one character wider. All-uppercase: plausibly a recurring diagram/table label rather than a mid-word glyph fragment -- retained for human confirmation rather than auto-excluded.",REVIEW
SUR,e5036fd8-c4ab-4c24-a570-300a47c14646,2024,90f7bd23-feaf-4e8d-9e0a-2d5f702d67fe,EX,1,False,89,HEADING_WITH_BODY,,EX,short_fragment_invalid,"heading_text='EX', word_count=1, passage_type=HEADING_WITH_BODY -- isolated token with no body, the same failure signature as the fixed one-character DECORATIVE_OR_FRAGMENT rule in block_classification.py, just one character wider. All-uppercase: plausibly a recurring diagram/table label rather than a mid-word glyph fragment -- retained for human confirmation rather than auto-excluded.",REVIEW
SUR,e5036fd8-c4ab-4c24-a570-300a47c14646,2024,c586ecfe-5d09-474a-b852-12f3cf7a6fb9,EX,1,False,90,HEADING_WITH_BODY,,EX,short_fragment_invalid,"heading_text='EX', word_count=1, passage_type=HEADING_WITH_BODY -- isolated token with no body, the same failure signature as the fixed one-character DECORATIVE_OR_FRAGMENT rule in block_classification.py, just one character wider. All-uppercase: plausibly a recurring diagram/table label rather than a mid-word glyph fragment -- retained for human confirmation rather than auto-excluded.",REVIEW
SUR,e5036fd8-c4ab-4c24-a570-300a47c14646,2024,3753e03c-2b4a-425d-99ab-797e59fadc99,FX,1,False,33,HEADING_WITH_BODY,,FX,short_fragment_invalid,"heading_text='FX', word_count=1, passage_type=HEADING_WITH_BODY -- isolated token with no body, the same failure signature as the fixed one-character DECORATIVE_OR_FRAGMENT rule in block_classification.py, just one character wider. All-uppercase: plausibly a recurring diagram/table label rather than a mid-word glyph fragment -- retained for human confirmation rather than auto-excluded.",REVIEW
SUR,e5036fd8-c4ab-4c24-a570-300a47c14646,2024,3cc89b57-0878-405a-902d-79b6111ad232,FX,1,False,33,HEADING_WITH_BODY,,FX,short_fragment_invalid,"heading_text='FX', word_count=1, passage_type=HEADING_WITH_BODY -- isolated token with no body, the same failure signature as the fixed one-character DECORATIVE_OR_FRAGMENT rule in block_classification.py, just one character wider. All-uppercase: plausibly a recurring diagram/table label rather than a mid-word glyph fragment -- retained for human confirmation rather than auto-excluded.",REVIEW
SUR,e5036fd8-c4ab-4c24-a570-300a47c14646,2024,ccc9e74d-a5ee-4339-8d77-6f86d1b94eaf,FX,1,False,33,HEADING_WITH_BODY,,FX,short_fragment_invalid,"heading_text='FX', word_count=1, passage_type=HEADING_WITH_BODY -- isolated token with no body, the same failure signature as the fixed one-character DECORATIVE_OR_FRAGMENT rule in block_classification.py, just one character wider. All-uppercase: plausibly a recurring diagram/table label rather than a mid-word glyph fragment -- retained for human confirmation rather than auto-excluded.",REVIEW
SUR,e5036fd8-c4ab-4c24-a570-300a47c14646,2024,7eacd034-1ea1-4e4a-8304-78ec96c9d59d,FX,1,False,33,HEADING_WITH_BODY,,FX,short_fragment_invalid,"heading_text='FX', word_count=1, passage_type=HEADING_WITH_BODY -- isolated token with no body, the same failure signature as the fixed one-character DECORATIVE_OR_FRAGMENT rule in block_classification.py, just one character wider. All-uppercase: plausibly a recurring diagram/table label rather than a mid-word glyph fragment -- retained for human confirmation rather than auto-excluded.",REVIEW
SUR,e5036fd8-c4ab-4c24-a570-300a47c14646,2024,a956bb64-9f29-45b8-a138-b5393f6eb0f3,FX,1,False,33,HEADING_WITH_BODY,,FX,short_fragment_invalid,"heading_text='FX', word_count=1, passage_type=HEADING_WITH_BODY -- isolated token with no body, the same failure signature as the fixed one-character DECORATIVE_OR_FRAGMENT rule in block_classification.py, just one character wider. All-uppercase: plausibly a recurring diagram/table label rather than a mid-word glyph fragment -- retained for human confirmation rather than auto-excluded.",REVIEW
SUR,e5036fd8-c4ab-4c24-a570-300a47c14646,2024,8443a013-bae2-4ca6-8b49-460ceebbbc42,FX,1,False,33,HEADING_WITH_BODY,,FX,short_fragment_invalid,"heading_text='FX', word_count=1, passage_type=HEADING_WITH_BODY -- isolated token with no body, the same failure signature as the fixed one-character DECORATIVE_OR_FRAGMENT rule in block_classification.py, just one character wider. All-uppercase: plausibly a recurring diagram/table label rather than a mid-word glyph fragment -- retained for human confirmation rather than auto-excluded.",REVIEW
SUR,e5036fd8-c4ab-4c24-a570-300a47c14646,2024,e5aed194-4f00-425e-9e3e-d284d7069309,FX,1,False,33,HEADING_WITH_BODY,,FX,short_fragment_invalid,"heading_text='FX', word_count=1, passage_type=HEADING_WITH_BODY -- isolated token with no body, the same failure signature as the fixed one-character DECORATIVE_OR_FRAGMENT rule in block_classification.py, just one character wider. All-uppercase: plausibly a recurring diagram/table label rather than a mid-word glyph fragment -- retained for human confirmation rather than auto-excluded.",REVIEW
SUR,e5036fd8-c4ab-4c24-a570-300a47c14646,2024,e1fc25ab-7d1a-447d-a87d-c232f787dc23,FX,1,False,33,HEADING_WITH_BODY,,FX,short_fragment_invalid,"heading_text='FX', word_count=1, passage_type=HEADING_WITH_BODY -- isolated token with no body, the same failure signature as the fixed one-character DECORATIVE_OR_FRAGMENT rule in block_classification.py, just one character wider. All-uppercase: plausibly a recurring diagram/table label rather than a mid-word glyph fragment -- retained for human confirmation rather than auto-excluded.",REVIEW
SUR,e5036fd8-c4ab-4c24-a570-300a47c14646,2024,35ba5cb5-d555-40c1-a282-6b783b82d13d,FX,1,False,33,HEADING_WITH_BODY,,FX,short_fragment_invalid,"heading_text='FX', word_count=1, passage_type=HEADING_WITH_BODY -- isolated token with no body, the same failure signature as the fixed one-character DECORATIVE_OR_FRAGMENT rule in block_classification.py, just one character wider. All-uppercase: plausibly a recurring diagram/table label rather than a mid-word glyph fragment -- retained for human confirmation rather than auto-excluded.",REVIEW
SUR,e5036fd8-c4ab-4c24-a570-300a47c14646,2024,32bceb94-b01b-452a-a2ea-aeb777ba4f7c,FX,1,False,33,HEADING_WITH_BODY,,FX,short_fragment_invalid,"heading_text='FX', word_count=1, passage_type=HEADING_WITH_BODY -- isolated token with no body, the same failure signature as the fixed one-character DECORATIVE_OR_FRAGMENT rule in block_classification.py, just one character wider. All-uppercase: plausibly a recurring diagram/table label rather than a mid-word glyph fragment -- retained for human confirmation rather than auto-excluded.",REVIEW
SUR,e5036fd8-c4ab-4c24-a570-300a47c14646,2024,6dc8d882-0454-4206-acca-2a51f0f13ee8,FX,1,False,33,HEADING_WITH_BODY,,FX,short_fragment_invalid,"heading_text='FX', word_count=1, passage_type=HEADING_WITH_BODY -- isolated token with no body, the same failure signature as the fixed one-character DECORATIVE_OR_FRAGMENT rule in block_classification.py, just one character wider. All-uppercase: plausibly a recurring diagram/table label rather than a mid-word glyph fragment -- retained for human confirmation rather than auto-excluded.",REVIEW
SUR,e5036fd8-c4ab-4c24-a570-300a47c14646,2024,38c3a01a-eb8e-467c-9283-65f51fdd179a,FX,1,False,91,HEADING_WITH_BODY,,FX,short_fragment_invalid,"heading_text='FX', word_count=1, passage_type=HEADING_WITH_BODY -- isolated token with no body, the same failure signature as the fixed one-character DECORATIVE_OR_FRAGMENT rule in block_classification.py, just one character wider. All-uppercase: plausibly a recurring diagram/table label rather than a mid-word glyph fragment -- retained for human confirmation rather than auto-excluded.",REVIEW
SUR,e5036fd8-c4ab-4c24-a570-300a47c14646,2024,aa8c23f6-9ae7-4d33-bfbc-6146ffc71790,FX,1,False,88,HEADING_WITH_BODY,,FX,short_fragment_invalid,"heading_text='FX', word_count=1, passage_type=HEADING_WITH_BODY -- isolated token with no body, the same failure signature as the fixed one-character DECORATIVE_OR_FRAGMENT rule in block_classification.py, just one character wider. All-uppercase: plausibly a recurring diagram/table label rather than a mid-word glyph fragment -- retained for human confirmation rather than auto-excluded.",REVIEW
SUR,e5036fd8-c4ab-4c24-a570-300a47c14646,2024,92aa1320-17e3-477a-8863-0be23d7393fa,FX,1,False,89,HEADING_WITH_BODY,,FX,short_fragment_invalid,"heading_text='FX', word_count=1, passage_type=HEADING_WITH_BODY -- isolated token with no body, the same failure signature as the fixed one-character DECORATIVE_OR_FRAGMENT rule in block_classification.py, just one character wider. All-uppercase: plausibly a recurring diagram/table label rather than a mid-word glyph fragment -- retained for human confirmation rather than auto-excluded.",REVIEW
SUR,e5036fd8-c4ab-4c24-a570-300a47c14646,2024,9350c051-11be-4ad8-83e9-28844c50ba12,FX,1,False,90,HEADING_WITH_BODY,,FX,short_fragment_invalid,"heading_text='FX', word_count=1, passage_type=HEADING_WITH_BODY -- isolated token with no body, the same failure signature as the fixed one-character DECORATIVE_OR_FRAGMENT rule in block_classification.py, just one character wider. All-uppercase: plausibly a recurring diagram/table label rather than a mid-word glyph fragment -- retained for human confirmation rather than auto-excluded.",REVIEW
SUR,e5036fd8-c4ab-4c24-a570-300a47c14646,2024,a8dc81ba-5193-472f-8c42-4f8f47e41810,FX,1,False,90,HEADING_WITH_BODY,,FX,short_fragment_invalid,"heading_text='FX', word_count=1, passage_type=HEADING_WITH_BODY -- isolated token with no body, the same failure signature as the fixed one-character DECORATIVE_OR_FRAGMENT rule in block_classification.py, just one character wider. All-uppercase: plausibly a recurring diagram/table label rather than a mid-word glyph fragment -- retained for human confirmation rather than auto-excluded.",REVIEW
SUR,e5036fd8-c4ab-4c24-a570-300a47c14646,2024,36298c0e-7c86-442c-89cc-0d532d0faf90,SF,1,False,17,HEADING_WITH_BODY,,SF,short_fragment_invalid,"heading_text='SF', word_count=1, passage_type=HEADING_WITH_BODY -- isolated token with no body, the same failure signature as the fixed one-character DECORATIVE_OR_FRAGMENT rule in block_classification.py, just one character wider. All-uppercase: plausibly a recurring diagram/table label rather than a mid-word glyph fragment -- retained for human confirmation rather than auto-excluded.",REVIEW
SUR,e5036fd8-c4ab-4c24-a570-300a47c14646,2024,9e21ab4d-8385-4959-9bf1-49caf911a56d,TI,1,False,17,HEADING_WITH_BODY,,TI,short_fragment_invalid,"heading_text='TI', word_count=1, passage_type=HEADING_WITH_BODY -- isolated token with no body, the same failure signature as the fixed one-character DECORATIVE_OR_FRAGMENT rule in block_classification.py, just one character wider. All-uppercase: plausibly a recurring diagram/table label rather than a mid-word glyph fragment -- retained for human confirmation rather than auto-excluded.",REVIEW
SUR,e5036fd8-c4ab-4c24-a570-300a47c14646,2024,577fb0a5-73c3-4a27-9b52-ef76bd95f9ce,ri,1,False,89,HEADING_WITH_BODY,,ri,short_fragment_invalid,"heading_text='ri', word_count=1, passage_type=HEADING_WITH_BODY -- isolated token with no body, the same failure signature as the fixed one-character DECORATIVE_OR_FRAGMENT rule in block_classification.py, just one character wider. Lowercase/mixed-case: matches the corpus's observed mid-word bigram-fragment pattern (e.g. 'rs', 'er', 'nt', 'te') -- no plausible legitimate reading.",EXCLUDE
SUR,c8ead76a-0251-4736-b4b1-3d7e092a4fce,2025,cead42c2-6d51-4d2a-b637-be6abbba3b74,CA,1,False,12,HEADING_WITH_BODY,,CA,short_fragment_invalid,"heading_text='CA', word_count=1, passage_type=HEADING_WITH_BODY -- isolated token with no body, the same failure signature as the fixed one-character DECORATIVE_OR_FRAGMENT rule in block_classification.py, just one character wider. All-uppercase: plausibly a recurring diagram/table label rather than a mid-word glyph fragment -- retained for human confirmation rather than auto-excluded.",REVIEW
SUR,c8ead76a-0251-4736-b4b1-3d7e092a4fce,2025,2ce1dd41-5fb3-49db-8c9c-0e7699b0ddaa,CA,1,False,165,HEADING_WITH_BODY,,CA,short_fragment_invalid,"heading_text='CA', word_count=1, passage_type=HEADING_WITH_BODY -- isolated token with no body, the same failure signature as the fixed one-character DECORATIVE_OR_FRAGMENT rule in block_classification.py, just one character wider. All-uppercase: plausibly a recurring diagram/table label rather than a mid-word glyph fragment -- retained for human confirmation rather than auto-excluded.",REVIEW
SUR,c8ead76a-0251-4736-b4b1-3d7e092a4fce,2025,ff9d50ff-41a9-4eba-a020-5e75ef6bee44,Cr,1,False,132,HEADING_WITH_BODY,,Cr,short_fragment_invalid,"heading_text='Cr', word_count=1, passage_type=HEADING_WITH_BODY -- isolated token with no body, the same failure signature as the fixed one-character DECORATIVE_OR_FRAGMENT rule in block_classification.py, just one character wider. Lowercase/mixed-case: matches the corpus's observed mid-word bigram-fragment pattern (e.g. 'rs', 'er', 'nt', 'te') -- no plausible legitimate reading.",EXCLUDE
SUR,c8ead76a-0251-4736-b4b1-3d7e092a4fce,2025,7e9588e3-0b8d-4058-bbef-5e5bb29d23ee,FC,1,False,10,HEADING_WITH_BODY,,FC,short_fragment_invalid,"heading_text='FC', word_count=1, passage_type=HEADING_WITH_BODY -- isolated token with no body, the same failure signature as the fixed one-character DECORATIVE_OR_FRAGMENT rule in block_classification.py, just one character wider. All-uppercase: plausibly a recurring diagram/table label rather than a mid-word glyph fragment -- retained for human confirmation rather than auto-excluded.",REVIEW
SUR,c8ead76a-0251-4736-b4b1-3d7e092a4fce,2025,6247b35d-a4f7-4e88-85d3-26b00be20a7e,HC,1,False,10,HEADING_WITH_BODY,,HC,short_fragment_invalid,"heading_text='HC', word_count=1, passage_type=HEADING_WITH_BODY -- isolated token with no body, the same failure signature as the fixed one-character DECORATIVE_OR_FRAGMENT rule in block_classification.py, just one character wider. All-uppercase: plausibly a recurring diagram/table label rather than a mid-word glyph fragment -- retained for human confirmation rather than auto-excluded.",REVIEW
SUR,c8ead76a-0251-4736-b4b1-3d7e092a4fce,2025,9ffe8352-e30e-4baf-a68a-af9d369814cf,HC,1,False,73,HEADING_WITH_BODY,,HC,short_fragment_invalid,"heading_text='HC', word_count=1, passage_type=HEADING_WITH_BODY -- isolated token with no body, the same failure signature as the fixed one-character DECORATIVE_OR_FRAGMENT rule in block_classification.py, just one character wider. All-uppercase: plausibly a recurring diagram/table label rather than a mid-word glyph fragment -- retained for human confirmation rather than auto-excluded.",REVIEW
SUR,c8ead76a-0251-4736-b4b1-3d7e092a4fce,2025,4d08a6ba-eeb8-4e10-a736-435bfd279400,IC,1,False,10,HEADING_WITH_BODY,,IC,short_fragment_invalid,"heading_text='IC', word_count=1, passage_type=HEADING_WITH_BODY -- isolated token with no body, the same failure signature as the fixed one-character DECORATIVE_OR_FRAGMENT rule in block_classification.py, just one character wider. All-uppercase: plausibly a recurring diagram/table label rather than a mid-word glyph fragment -- retained for human confirmation rather than auto-excluded.",REVIEW
SUR,c8ead76a-0251-4736-b4b1-3d7e092a4fce,2025,36ec2abc-8350-449a-994b-9d48d39eaf80,IC,1,False,73,HEADING_WITH_BODY,,IC,short_fragment_invalid,"heading_text='IC', word_count=1, passage_type=HEADING_WITH_BODY -- isolated token with no body, the same failure signature as the fixed one-character DECORATIVE_OR_FRAGMENT rule in block_classification.py, just one character wider. All-uppercase: plausibly a recurring diagram/table label rather than a mid-word glyph fragment -- retained for human confirmation rather than auto-excluded.",REVIEW
SUR,c8ead76a-0251-4736-b4b1-3d7e092a4fce,2025,5840f8b5-b93a-4b9d-98fb-2112e8e1745d,Pr,1,False,132,HEADING_WITH_BODY,,Pr,short_fragment_invalid,"heading_text='Pr', word_count=1, passage_type=HEADING_WITH_BODY -- isolated token with no body, the same failure signature as the fixed one-character DECORATIVE_OR_FRAGMENT rule in block_classification.py, just one character wider. Lowercase/mixed-case: matches the corpus's observed mid-word bigram-fragment pattern (e.g. 'rs', 'er', 'nt', 'te') -- no plausible legitimate reading.",EXCLUDE
SUR,c8ead76a-0251-4736-b4b1-3d7e092a4fce,2025,dcb76259-30d0-4504-8061-e0b1eabb15c5,SC,1,False,10,HEADING_WITH_BODY,,SC,short_fragment_invalid,"heading_text='SC', word_count=1, passage_type=HEADING_WITH_BODY -- isolated token with no body, the same failure signature as the fixed one-character DECORATIVE_OR_FRAGMENT rule in block_classification.py, just one character wider. All-uppercase: plausibly a recurring diagram/table label rather than a mid-word glyph fragment -- retained for human confirmation rather than auto-excluded.",REVIEW
SUR,c8ead76a-0251-4736-b4b1-3d7e092a4fce,2025,19988648-4e1e-462d-999f-692ac6d79900,al,1,False,132,HEADING_WITH_BODY,,al,short_fragment_invalid,"heading_text='al', word_count=1, passage_type=HEADING_WITH_BODY -- isolated token with no body, the same failure signature as the fixed one-character DECORATIVE_OR_FRAGMENT rule in block_classification.py, just one character wider. Lowercase/mixed-case: matches the corpus's observed mid-word bigram-fragment pattern (e.g. 'rs', 'er', 'nt', 'te') -- no plausible legitimate reading.",EXCLUDE
SUR,c8ead76a-0251-4736-b4b1-3d7e092a4fce,2025,e1c9cc44-e9ec-4ef7-bd92-5d55d529dcf7,al,1,False,132,HEADING_WITH_BODY,,al,short_fragment_invalid,"heading_text='al', word_count=1, passage_type=HEADING_WITH_BODY -- isolated token with no body, the same failure signature as the fixed one-character DECORATIVE_OR_FRAGMENT rule in block_classification.py, just one character wider. Lowercase/mixed-case: matches the corpus's observed mid-word bigram-fragment pattern (e.g. 'rs', 'er', 'nt', 'te') -- no plausible legitimate reading.",EXCLUDE
SUR,c8ead76a-0251-4736-b4b1-3d7e092a4fce,2025,b40d52f0-b8b3-46b1-babe-59c19123caa6,bl,1,False,132,HEADING_WITH_BODY,,bl,short_fragment_invalid,"heading_text='bl', word_count=1, passage_type=HEADING_WITH_BODY -- isolated token with no body, the same failure signature as the fixed one-character DECORATIVE_OR_FRAGMENT rule in block_classification.py, just one character wider. Lowercase/mixed-case: matches the corpus's observed mid-word bigram-fragment pattern (e.g. 'rs', 'er', 'nt', 'te') -- no plausible legitimate reading.",EXCLUDE
SUR,c8ead76a-0251-4736-b4b1-3d7e092a4fce,2025,86ef3652-613f-406b-980f-f616ddfce6f5,ct,1,False,132,HEADING_WITH_BODY,,ct,short_fragment_invalid,"heading_text='ct', word_count=1, passage_type=HEADING_WITH_BODY -- isolated token with no body, the same failure signature as the fixed one-character DECORATIVE_OR_FRAGMENT rule in block_classification.py, just one character wider. Lowercase/mixed-case: matches the corpus's observed mid-word bigram-fragment pattern (e.g. 'rs', 'er', 'nt', 'te') -- no plausible legitimate reading.",EXCLUDE
SUR,c8ead76a-0251-4736-b4b1-3d7e092a4fce,2025,a6278ec2-195c-4e4f-b105-626b5b428377,ea,1,False,132,HEADING_WITH_BODY,,ea,short_fragment_invalid,"heading_text='ea', word_count=1, passage_type=HEADING_WITH_BODY -- isolated token with no body, the same failure signature as the fixed one-character DECORATIVE_OR_FRAGMENT rule in block_classification.py, just one character wider. Lowercase/mixed-case: matches the corpus's observed mid-word bigram-fragment pattern (e.g. 'rs', 'er', 'nt', 'te') -- no plausible legitimate reading.",EXCLUDE
SUR,c8ead76a-0251-4736-b4b1-3d7e092a4fce,2025,1f0235c9-e9a7-41f3-a583-b8882b525e45,lu,1,False,132,HEADING_WITH_BODY,,lu,short_fragment_invalid,"heading_text='lu', word_count=1, passage_type=HEADING_WITH_BODY -- isolated token with no body, the same failure signature as the fixed one-character DECORATIVE_OR_FRAGMENT rule in block_classification.py, just one character wider. Lowercase/mixed-case: matches the corpus's observed mid-word bigram-fragment pattern (e.g. 'rs', 'er', 'nt', 'te') -- no plausible legitimate reading.",EXCLUDE
SUR,c8ead76a-0251-4736-b4b1-3d7e092a4fce,2025,daaef99e-d76f-42fd-9a2d-6d71a15f6e03,na,1,False,132,HEADING_WITH_BODY,,na,short_fragment_invalid,"heading_text='na', word_count=1, passage_type=HEADING_WITH_BODY -- isolated token with no body, the same failure signature as the fixed one-character DECORATIVE_OR_FRAGMENT rule in block_classification.py, just one character wider. Lowercase/mixed-case: matches the corpus's observed mid-word bigram-fragment pattern (e.g. 'rs', 'er', 'nt', 'te') -- no plausible legitimate reading.",EXCLUDE
SUR,c8ead76a-0251-4736-b4b1-3d7e092a4fce,2025,6d88fea3-fc50-4942-b0c4-1bb8b6d02489,ot,1,False,132,HEADING_WITH_BODY,,ot,short_fragment_invalid,"heading_text='ot', word_count=1, passage_type=HEADING_WITH_BODY -- isolated token with no body, the same failure signature as the fixed one-character DECORATIVE_OR_FRAGMENT rule in block_classification.py, just one character wider. Lowercase/mixed-case: matches the corpus's observed mid-word bigram-fragment pattern (e.g. 'rs', 'er', 'nt', 'te') -- no plausible legitimate reading.",EXCLUDE
SUR,c8ead76a-0251-4736-b4b1-3d7e092a4fce,2025,1fac9cc4-ed9a-4105-a6df-6b665c3393ab,te,1,False,132,HEADING_WITH_BODY,,te,short_fragment_invalid,"heading_text='te', word_count=1, passage_type=HEADING_WITH_BODY -- isolated token with no body, the same failure signature as the fixed one-character DECORATIVE_OR_FRAGMENT rule in block_classification.py, just one character wider. Lowercase/mixed-case: matches the corpus's observed mid-word bigram-fragment pattern (e.g. 'rs', 'er', 'nt', 'te') -- no plausible legitimate reading.",EXCLUDE
SUR,c8ead76a-0251-4736-b4b1-3d7e092a4fce,2025,b459d6ee-6dbf-4f47-aa87-729df8cde793,va,1,False,132,HEADING_WITH_BODY,,va,short_fragment_invalid,"heading_text='va', word_count=1, passage_type=HEADING_WITH_BODY -- isolated token with no body, the same failure signature as the fixed one-character DECORATIVE_OR_FRAGMENT rule in block_classification.py, just one character wider. Lowercase/mixed-case: matches the corpus's observed mid-word bigram-fragment pattern (e.g. 'rs', 'er', 'nt', 'te') -- no plausible legitimate reading.",EXCLUDE
ACT,71c5bb69-2abf-4b9a-8167-cc0fc0645540,2016,0a538a67-2ac0-417c-88f7-80e03709d490,IT,174,True,58,HEADING_WITH_BODY,,"IT  Polmed & Samwumed  including set-up  Health retail COS  2015 Base increase  The take-on costs of the Polmed scheme prior to implementation on 1 January 2016 is expensed in the first year, and entails items such as early uptake of employ",legitimate_short_abbreviation,"heading_text='IT', word_count=174, body fragment-token ratio 0.00 <= 0.5 and contains sentence-ending punctuation -- the heading label is corrupted/truncated but the body is coherent narrative prose. Retaining the passage preserves real disclosure content; only the heading metadata is unreliable.",RETAIN
ACT,daf738d9-6e52-4e0d-ac1f-20405909e34b,2018,c2bbe87b-dc2f-4b61-8cce-182be729fdbf,al,43,True,40,HEADING_WITH_BODY,,al  Re  gu  lat  ors  In  du  str  y b  od  ies  ov  er  nm  en  ie  nt  Br  ok  er  ch  er  Tr  ad  up  pl  ie  rs  ha  re  ho  ld  er  nd  nv  es  to  rs  Tr  ad  ni  Employees,broken_fragment_sequence,"heading_text='al', word_count=43, body fragment-token ratio 0.98 > 0.5 -- body is itself mostly one-to-three-character tokens, i.e. the same diagram-text-shattering that produced the corrupted heading extends through the whole passage; no narrative content to preserve.",EXCLUDE
ACT,daf738d9-6e52-4e0d-ac1f-20405909e34b,2018,b0cc2390-6cb2-4bea-9ca8-5bae117a43da,es,17,True,32,HEADING_WITH_BODY,,es  • Hospitals • Physicians • Pharmacies • Health networks  • Administration • Health and risk management,caption_or_label_like,"heading_text='es', word_count=17, body fragment-token ratio 0.00 <= 0.5 but no sentence-ending punctuation -- reads as a list of short diagram/label callouts (e.g. strategy pillars, risk-register items, an org-chart entry), not flowing narrative prose. May carry real informational content but is not independent narrative disclosure.",REVIEW
ACT,daf738d9-6e52-4e0d-ac1f-20405909e34b,2018,75c76830-ec0b-48c1-9a4a-32b4f6fb676d,rs,31,True,33,HEADING_WITH_BODY,,"rs  • Government • Individual patients • Schemes  • Business development • Group legal,  governance,  risk management  and compliance  • Group finance • Human capital • Group marketing and  corporate affairs",caption_or_label_like,"heading_text='rs', word_count=31, body fragment-token ratio 0.00 <= 0.5 but no sentence-ending punctuation -- reads as a list of short diagram/label callouts (e.g. strategy pillars, risk-register items, an org-chart entry), not flowing narrative prose. May carry real informational content but is not independent narrative disclosure.",REVIEW
ACT,b52a299a-4102-4e6c-bf39-cfe728ca20e3,2019,5f9b6922-7505-4455-931f-429c43321190,te,50,True,53,HEADING_WITH_BODY,,te  Tr  ad  un  io  Sh  ar  eh  ol  de  rs  nd  in  ve  st  or  Tr  ad  su  pp  lie  rs  Br  ok  er  Sc  he  em  be  rs  en  ts  Go  ve  rn  me  nt  In  du  str  y b  od  ies  Re  gu  lat  ors  lo  ye,broken_fragment_sequence,"heading_text='te', word_count=50, body fragment-token ratio 1.00 > 0.5 -- body is itself mostly one-to-three-character tokens, i.e. the same diagram-text-shattering that produced the corrupted heading extends through the whole passage; no narrative content to preserve.",EXCLUDE
ACT,627c643f-cfeb-4d8c-a6aa-cae4f04f54ae,2024,8eac2109-8209-4724-bb75-510366a0c868,ll,29,True,32,HEADING_WITH_BODY,,ll  bl  lt  it  ir  Physical  activity  Alcohol  misuse  Smoking  Nutrition  Please see our purpose-in-action case study on page 74 for more detail on our approach to value-based care.,legitimate_short_abbreviation,"heading_text='ll', word_count=29, body fragment-token ratio 0.36 <= 0.5 and contains sentence-ending punctuation -- the heading label is corrupted/truncated but the body is coherent narrative prose. Retaining the passage preserves real disclosure content; only the heading metadata is unreliable.",RETAIN
ACT,627c643f-cfeb-4d8c-a6aa-cae4f04f54ae,2024,97472496-2975-4ef2-9dca-c28bb30edca5,nt,140,True,34,HEADING_WITH_BODY,,nt  We exist to enhance the quality of our stakeholders’ lives. Engaging meaningfully with various stakeholders is therefore critical to ensure we meet this goal.  AfroCentric considers its stakeholders as individuals and groups interested ,legitimate_short_abbreviation,"heading_text='nt', word_count=140, body fragment-token ratio 0.00 <= 0.5 and contains sentence-ending punctuation -- the heading label is corrupted/truncated but the body is coherent narrative prose. Retaining the passage preserves real disclosure content; only the heading metadata is unreliable.",RETAIN
BEL,1276e697-8e26-4a65-9eb4-f11619aaef07,2021,e65d08d9-cf1f-420a-9a46-41d3832693a0,SA,5,True,29,HEADING_WITH_BODY,,SA  100% Bell Equipment  Limited,caption_or_label_like,"heading_text='SA', word_count=5, body fragment-token ratio 0.00 <= 0.5 but no sentence-ending punctuation -- reads as a list of short diagram/label callouts (e.g. strategy pillars, risk-register items, an org-chart entry), not flowing narrative prose. May carry real informational content but is not independent narrative disclosure.",REVIEW
SUR,e963ada9-264f-493c-8877-ced57861c1da,2023,b6b578e3-5a52-4df5-b011-c269f2778370,AT,93,True,48,HEADING_WITH_BODY,,AT  Competitor activity  Safety of kids in restaurants  Agility to adapt  to customer  Reputational risk  – social media  Reliance on 3rd party aggregators  Franchisee returns  Disgruntled franchisees  Electricity/loadshedding  Loadshedding,caption_or_label_like,"heading_text='AT', word_count=93, body fragment-token ratio 0.00 <= 0.5 but no sentence-ending punctuation -- reads as a list of short diagram/label callouts (e.g. strategy pillars, risk-register items, an org-chart entry), not flowing narrative prose. May carry real informational content but is not independent narrative disclosure.",REVIEW
SUR,e963ada9-264f-493c-8877-ced57861c1da,2023,a436420d-929a-42cd-9a25-bef45c07fdf2,TI,36,True,83,HEADING_WITH_BODY,,TI  Grow core categories  Product quality and compliance  Franchisee participation  ESG strategy  Technology innovation  Young/ new families  More youth  Loyalty/ family club  Customer added value  Reward partnerships  Franchisee transforma,caption_or_label_like,"heading_text='TI', word_count=36, body fragment-token ratio 0.00 <= 0.5 but no sentence-ending punctuation -- reads as a list of short diagram/label callouts (e.g. strategy pillars, risk-register items, an org-chart entry), not flowing narrative prose. May carry real informational content but is not independent narrative disclosure.",REVIEW
SUR,e5036fd8-c4ab-4c24-a570-300a47c14646,2024,6aef05ce-8e91-4270-847d-fffd4df10070,CA,55,True,167,HEADING_WITH_BODY,,"CA  André spent most of his career with the SAB/ SAB Miller group and was managing director of SAB Miller’s Africa and Asia portfolio for ten years. He previously served as chairman of Tiger Brands and Remgro’s TSB, and on the boards of SAB",legitimate_short_abbreviation,"heading_text='CA', word_count=55, body fragment-token ratio 0.00 <= 0.5 and contains sentence-ending punctuation -- the heading label is corrupted/truncated but the body is coherent narrative prose. Retaining the passage preserves real disclosure content; only the heading metadata is unreliable.",RETAIN
SUR,e5036fd8-c4ab-4c24-a570-300a47c14646,2024,8ba354ac-ca0f-4982-a191-3175e592b3e1,FX,7,True,17,HEADING_WITH_BODY,,FX  Grow core categories  Customer  added  value,caption_or_label_like,"heading_text='FX', word_count=7, body fragment-token ratio 0.00 <= 0.5 but no sentence-ending punctuation -- reads as a list of short diagram/label callouts (e.g. strategy pillars, risk-register items, an org-chart entry), not flowing narrative prose. May carry real informational content but is not independent narrative disclosure.",REVIEW
SUR,e5036fd8-c4ab-4c24-a570-300a47c14646,2024,0a30ef7a-4c8a-46a9-a3f5-b779bca8f63f,FX,230,True,32,HEADING_WITH_BODY,,"FX  Our purpose is to lead with unwavering integrity, fostering inclusivity and empowerment across all communities. We commit to creating opportunities that ensure everyone has a place at the table, driving positive change and nurturing a w",legitimate_short_abbreviation,"heading_text='FX', word_count=230, body fragment-token ratio 0.00 <= 0.5 and contains sentence-ending punctuation -- the heading label is corrupted/truncated but the body is coherent narrative prose. Retaining the passage preserves real disclosure content; only the heading metadata is unreliable.",RETAIN
SUR,e5036fd8-c4ab-4c24-a570-300a47c14646,2024,7389509e-3e6b-43e0-be74-1725d40e20b2,TI,52,True,17,HEADING_WITH_BODY,,TI  is  Technology innovation  Footprint expansion Transformation  Customer expansion Innovation  The elements of our strategy and  business model are discussed  throughout this report.  Our key strategic brand focus areas Our key strategic,legitimate_short_abbreviation,"heading_text='TI', word_count=52, body fragment-token ratio 0.12 <= 0.5 and contains sentence-ending punctuation -- the heading label is corrupted/truncated but the body is coherent narrative prose. Retaining the passage preserves real disclosure content; only the heading metadata is unreliable.",RETAIN
SUR,e5036fd8-c4ab-4c24-a570-300a47c14646,2024,15fbe698-33df-40f8-8e66-4a9f6d22016c,is,2,True,90,HEADING_WITH_BODY,,is  ri,broken_fragment_sequence,"heading_text='is', word_count=2, body fragment-token ratio 1.00 > 0.5 -- body is itself mostly one-to-three-character tokens, i.e. the same diagram-text-shattering that produced the corrupted heading extends through the whole passage; no narrative content to preserve.",EXCLUDE
SUR,e5036fd8-c4ab-4c24-a570-300a47c14646,2024,198a1e84-3724-4ed0-8438-4b6d35f1d747,ri,3,True,91,HEADING_WITH_BODY,,ri  is  ri,broken_fragment_sequence,"heading_text='ri', word_count=3, body fragment-token ratio 1.00 > 0.5 -- body is itself mostly one-to-three-character tokens, i.e. the same diagram-text-shattering that produced the corrupted heading extends through the whole passage; no narrative content to preserve.",EXCLUDE
SUR,c8ead76a-0251-4736-b4b1-3d7e092a4fce,2025,2e3f3828-50c1-49ad-9c0a-ea835e214afa,FC,21,True,10,HEADING_WITH_BODY,,FC  The investment of financial capital requires a careful balance between short-term financial preservation and the long-term development of the group.,legitimate_short_abbreviation,"heading_text='FC', word_count=21, body fragment-token ratio 0.00 <= 0.5 and contains sentence-ending punctuation -- the heading label is corrupted/truncated but the body is coherent narrative prose. Retaining the passage preserves real disclosure content; only the heading metadata is unreliable.",RETAIN
SUR,c8ead76a-0251-4736-b4b1-3d7e092a4fce,2025,6bf9362d-c8d4-457d-865a-57d1f662a309,HC,57,True,10,HEADING_WITH_BODY,,"HC  Attracting, retaining and developing talented employees has a short-term cost. As people are the key drivers of business and strategy delivery, they create returns for all the capitals over the medium to long-term.  Investing in our man",legitimate_short_abbreviation,"heading_text='HC', word_count=57, body fragment-token ratio 0.00 <= 0.5 and contains sentence-ending punctuation -- the heading label is corrupted/truncated but the body is coherent narrative prose. Retaining the passage preserves real disclosure content; only the heading metadata is unreliable.",RETAIN
SUR,c8ead76a-0251-4736-b4b1-3d7e092a4fce,2025,0f0d96a2-ee89-4448-b753-518aacf9d23a,IC,33,True,10,HEADING_WITH_BODY,,IC  Investing in our network and brands has a financial cost. We have to carefully balance that against the value we can generate from our brands and ongoing successful collaboration with our franchisees.,legitimate_short_abbreviation,"heading_text='IC', word_count=33, body fragment-token ratio 0.00 <= 0.5 and contains sentence-ending punctuation -- the heading label is corrupted/truncated but the body is coherent narrative prose. Retaining the passage preserves real disclosure content; only the heading metadata is unreliable.",RETAIN
SUR,c8ead76a-0251-4736-b4b1-3d7e092a4fce,2025,2381d8bc-2290-4a77-bf06-266cfa60861c,NC,26,True,10,HEADING_WITH_BODY,,NC  Using natural resources is a key trade-off for generating value across the other capitals. We are continuously focusing on how we can minimise our impact.,legitimate_short_abbreviation,"heading_text='NC', word_count=26, body fragment-token ratio 0.00 <= 0.5 and contains sentence-ending punctuation -- the heading label is corrupted/truncated but the body is coherent narrative prose. Retaining the passage preserves real disclosure content; only the heading metadata is unreliable.",RETAIN
SUR,c8ead76a-0251-4736-b4b1-3d7e092a4fce,2025,7c192b57-2d8a-4ffa-8550-4fda0a7686fa,NC,89,True,10,HEADING_WITH_BODY,,"NC  We want to create an environment where everyone has a place at the table, and where they feel heard and valued.  As a company, we recognise that our purpose extends beyond just profit and growth. We strive to generate long-term, sustain",legitimate_short_abbreviation,"heading_text='NC', word_count=89, body fragment-token ratio 0.00 <= 0.5 and contains sentence-ending punctuation -- the heading label is corrupted/truncated but the body is coherent narrative prose. Retaining the passage preserves real disclosure content; only the heading metadata is unreliable.",RETAIN
SUR,c8ead76a-0251-4736-b4b1-3d7e092a4fce,2025,82a26dd3-f71f-4bcb-b418-12b257e0b4a8,SC,23,True,10,HEADING_WITH_BODY,,"SC  Investing in social capital requires financial capital, but creates positive impacts in most capitals due to effective engagement with the company’s stakeholders.",legitimate_short_abbreviation,"heading_text='SC', word_count=23, body fragment-token ratio 0.00 <= 0.5 and contains sentence-ending punctuation -- the heading label is corrupted/truncated but the body is coherent narrative prose. Retaining the passage preserves real disclosure content; only the heading metadata is unreliable.",RETAIN
